{"alert_id":1,"customer_id":"customer_961","symbol":"BTCUSDT","price":81329.99,"threshold":81283.79996695,"direction":"above","ingested_at":18558.310245707,"emitted_at":18558.310407207,"latency_ms":0.161}
{"alert_id":2,"customer_id":"customer_759","symbol":"XRPETH","price":0.0005936,"threshold":0.00059342,"direction":"above","ingested_at":18558.310245707,"emitted_at":18558.31044668,"latency_ms":0.201}
{"alert_id":3,"customer_id":"customer_407","symbol":"LUNCUSDT","price":0.00011797,"threshold":0.00011755,"direction":"above","ingested_at":18558.310245707,"emitted_at":18558.31045589,"latency_ms":0.21}
{"alert_id":4,"customer_id":"customer_322","symbol":"HAEDALUSDT","price":0.03061,"threshold":0.03069345,"direction":"below","ingested_at":18558.310245707,"emitted_at":18558.310462963,"latency_ms":0.217}
{"alert_id":5,"customer_id":"customer_613","symbol":"STRAXUSDT","price":0.0131,"threshold":0.01309488,"direction":"above","ingested_at":18558.310245707,"emitted_at":18558.310469605,"latency_ms":0.224}
{"alert_id":6,"customer_id":"customer_447","symbol":"NEWTUSDT","price":0.0755,"threshold":0.07543989,"direction":"above","ingested_at":18558.310245707,"emitted_at":18558.310475767,"latency_ms":0.23}
{"alert_id":7,"customer_id":"customer_561","symbol":"SAHARAUSDT","price":0.02506,"threshold":0.02505647,"direction":"above","ingested_at":18558.310245707,"emitted_at":18558.310481028,"latency_ms":0.235}
{"alert_id":8,"customer_id":"customer_399","symbol":"LTCUSDT","price":55.64,"threshold":55.62023094,"direction":"above","ingested_at":18558.310245707,"emitted_at":18558.310486107,"latency_ms":0.24}
{"alert_id":9,"customer_id":"customer_59","symbol":"ARBUSDT","price":0.119,"threshold":0.11889982,"direction":"above","ingested_at":18558.310245707,"emitted_at":18558.310492352,"latency_ms":0.247}
{"alert_id":10,"customer_id":"customer_627","symbol":"SUIUSDT","price":0.9625,"threshold":0.9613479,"direction":"above","ingested_at":18558.310245707,"emitted_at":18558.310498562,"latency_ms":0.253}
{"alert_id":11,"customer_id":"customer_500","symbol":"PEPEUSDT","price":0.00000407,"threshold":0.00000407,"direction":"below","ingested_at":18558.310245707,"emitted_at":18558.310504679,"latency_ms":0.259}
{"alert_id":12,"customer_id":"customer_951","symbol":"BTCFDUSD","price":81387.13,"threshold":81378.57730265,"direction":"above","ingested_at":18558.310245707,"emitted_at":18558.310511201,"latency_ms":0.265}
{"alert_id":13,"customer_id":"customer_213","symbol":"DOGEFDUSD","price":0.11222,"threshold":0.11216314,"direction":"above","ingested_at":18558.310245707,"emitted_at":18558.310518751,"latency_ms":0.273}
{"alert_id":14,"customer_id":"customer_678","symbol":"TRXUSDT","price":0.3432,"threshold":0.34325895,"direction":"below","ingested_at":18558.310245707,"emitted_at":18558.310523752,"latency_ms":0.278}
{"alert_id":15,"customer_id":"customer_480","symbol":"ORDIUSDT","price":5.122,"threshold":5.13242104,"direction":"below","ingested_at":18558.310245707,"emitted_at":18558.31052888,"latency_ms":0.283}
{"alert_id":16,"customer_id":"customer_657","symbol":"TKOUSDT","price":0.0613,"threshold":0.06129256,"direction":"above","ingested_at":18558.310245707,"emitted_at":18558.310534418,"latency_ms":0.289}
{"alert_id":17,"customer_id":"customer_405","symbol":"LUNCTRY","price":0.005334,"threshold":0.00529697,"direction":"above","ingested_at":18558.310245707,"emitted_at":18558.310540573,"latency_ms":0.295}
{"alert_id":18,"customer_id":"customer_159","symbol":"BTCUSDC","price":81349.12,"threshold":81286.63271837,"direction":"above","ingested_at":18558.310245707,"emitted_at":18558.310545754,"latency_ms":0.3}
{"alert_id":19,"customer_id":"customer_703","symbol":"USDCUSDT","price":0.99991,"threshold":0.9999066,"direction":"above","ingested_at":18558.310245707,"emitted_at":18558.310551743,"latency_ms":0.306}
{"alert_id":20,"customer_id":"customer_391","symbol":"LINKUSDT","price":9.71,"threshold":9.70422186,"direction":"above","ingested_at":18558.310245707,"emitted_at":18558.310557053,"latency_ms":0.311}
{"alert_id":21,"customer_id":"customer_347","symbol":"ICPUSDT","price":2.494,"threshold":2.49178846,"direction":"above","ingested_at":18558.310245707,"emitted_at":18558.310562529,"latency_ms":0.317}
{"alert_id":22,"customer_id":"customer_833","symbol":"AIUSDT","price":0.0222,"threshold":0.02214456,"direction":"above","ingested_at":18558.310245707,"emitted_at":18558.310571904,"latency_ms":0.326}
{"alert_id":23,"customer_id":"customer_832","symbol":"AITRY","price":1.0,"threshold":1.00744408,"direction":"below","ingested_at":18558.310245707,"emitted_at":18558.310577773,"latency_ms":0.332}
{"alert_id":24,"customer_id":"customer_959","symbol":"BTCUSD1","price":81348.82,"threshold":81284.26529178,"direction":"above","ingested_at":18558.310245707,"emitted_at":18558.310583254,"latency_ms":0.338}
{"alert_id":25,"customer_id":"customer_801","symbol":"币安人生USDT","price":0.3746,"threshold":0.37444212,"direction":"above","ingested_at":18558.310245707,"emitted_at":18558.31059237,"latency_ms":0.347}
{"alert_id":26,"customer_id":"customer_957","symbol":"BTCU","price":81349.0,"threshold":81325.77280679,"direction":"above","ingested_at":18558.310245707,"emitted_at":18558.310598528,"latency_ms":0.353}
{"alert_id":27,"customer_id":"customer_76","symbol":"ATOMUSDT","price":1.849,"threshold":1.84903918,"direction":"below","ingested_at":18558.310245707,"emitted_at":18558.310603956,"latency_ms":0.358}
{"alert_id":28,"customer_id":"customer_877","symbol":"ATOMUSDT","price":1.849,"threshold":1.84732742,"direction":"above","ingested_at":18558.310245707,"emitted_at":18558.310608966,"latency_ms":0.363}
{"alert_id":29,"customer_id":"customer_411","symbol":"MANTRAUSDT","price":0.01013,"threshold":0.01012375,"direction":"above","ingested_at":18558.310245707,"emitted_at":18558.310615776,"latency_ms":0.37}
{"alert_id":30,"customer_id":"customer_953","symbol":"BTCJPY","price":12828749.0,"threshold":12826432.83482979,"direction":"above","ingested_at":18558.310245707,"emitted_at":18558.310621661,"latency_ms":0.376}
{"alert_id":31,"customer_id":"customer_163","symbol":"C98USDT","price":0.0209,"threshold":0.02083659,"direction":"above","ingested_at":18558.310245707,"emitted_at":18558.310629295,"latency_ms":0.384}
{"alert_id":32,"customer_id":"customer_940","symbol":"BOMEUSDT","price":0.000581,"threshold":0.00058119,"direction":"below","ingested_at":18558.310245707,"emitted_at":18558.31063462,"latency_ms":0.389}
{"alert_id":33,"customer_id":"customer_234","symbol":"DUSKUSDT","price":0.142,"threshold":0.14207394,"direction":"below","ingested_at":18558.310245707,"emitted_at":18558.310640885,"latency_ms":0.395}
{"alert_id":34,"customer_id":"customer_251","symbol":"ENAUSDT","price":0.1115,"threshold":0.111254,"direction":"above","ingested_at":18558.310245707,"emitted_at":18558.310646365,"latency_ms":0.401}
{"alert_id":35,"customer_id":"customer_979","symbol":"CHIPUSDT","price":0.05742,"threshold":0.05726921,"direction":"above","ingested_at":18558.310245707,"emitted_at":18558.310652798,"latency_ms":0.407}
{"alert_id":36,"customer_id":"customer_177","symbol":"CHIPUSDC","price":0.0574,"threshold":0.05727973,"direction":"above","ingested_at":18558.310245707,"emitted_at":18558.310658485,"latency_ms":0.413}
{"alert_id":37,"customer_id":"customer_526","symbol":"QUICKUSDT","price":0.00981,"threshold":0.00981818,"direction":"below","ingested_at":18558.310245707,"emitted_at":18558.310663758,"latency_ms":0.418}
{"alert_id":38,"customer_id":"customer_418","symbol":"MEGAUSDT","price":0.12606,"threshold":0.1262584,"direction":"below","ingested_at":18558.310245707,"emitted_at":18558.310669358,"latency_ms":0.424}
{"alert_id":39,"customer_id":"customer_416","symbol":"MEGATRY","price":5.698,"threshold":5.70322177,"direction":"below","ingested_at":18558.310245707,"emitted_at":18558.310675177,"latency_ms":0.429}
{"alert_id":40,"customer_id":"customer_527","symbol":"RADUSDT","price":0.243,"threshold":0.24244376,"direction":"above","ingested_at":18558.310245707,"emitted_at":18558.310681934,"latency_ms":0.436}
{"alert_id":41,"customer_id":"customer_710","symbol":"USDTTRY","price":45.2,"threshold":45.20406316,"direction":"below","ingested_at":18558.310245707,"emitted_at":18558.310688167,"latency_ms":0.442}
{"alert_id":42,"customer_id":"customer_268","symbol":"ETHEUR","price":2029.29,"threshold":2029.3166378,"direction":"below","ingested_at":18558.310245707,"emitted_at":18558.310695034,"latency_ms":0.449}
{"alert_id":43,"customer_id":"customer_662","symbol":"TONUSDT","price":1.8,"threshold":1.80320228,"direction":"below","ingested_at":18558.310245707,"emitted_at":18558.310700976,"latency_ms":0.455}
{"alert_id":44,"customer_id":"customer_221","symbol":"DOGSUSDT","price":0.0000593,"threshold":0.00005887,"direction":"above","ingested_at":18558.310245707,"emitted_at":18558.310707372,"latency_ms":0.462}
{"alert_id":45,"customer_id":"customer_415","symbol":"MBLUSDT","price":0.000931,"threshold":0.00093078,"direction":"above","ingested_at":18558.310245707,"emitted_at":18558.310712398,"latency_ms":0.467}
{"alert_id":46,"customer_id":"customer_444","symbol":"NEIROUSDT","price":0.00010053,"threshold":0.00010082,"direction":"below","ingested_at":18558.310245707,"emitted_at":18558.31071798,"latency_ms":0.472}
{"alert_id":47,"customer_id":"customer_597","symbol":"SOLUSDT","price":85.37,"threshold":85.33078207,"direction":"above","ingested_at":18558.310245707,"emitted_at":18558.310723211,"latency_ms":0.478}
{"alert_id":48,"customer_id":"customer_787","symbol":"ZENUSDT","price":7.018,"threshold":7.00811514,"direction":"above","ingested_at":18558.310245707,"emitted_at":18558.310729617,"latency_ms":0.484}
{"alert_id":49,"customer_id":"customer_495","symbol":"PENGUUSDT","price":0.011415,"threshold":0.01141306,"direction":"above","ingested_at":18558.310245707,"emitted_at":18558.310736567,"latency_ms":0.491}
{"alert_id":50,"customer_id":"customer_115","symbol":"BIOTRY","price":2.372,"threshold":2.37168399,"direction":"above","ingested_at":18558.310245707,"emitted_at":18558.310744811,"latency_ms":0.499}
{"alert_id":51,"customer_id":"customer_916","symbol":"BIOTRY","price":2.372,"threshold":2.37569772,"direction":"below","ingested_at":18558.310245707,"emitted_at":18558.310750064,"latency_ms":0.504}
{"alert_id":52,"customer_id":"customer_308","symbol":"GLMRUSDT","price":0.0169,"threshold":0.01693765,"direction":"below","ingested_at":18558.310245707,"emitted_at":18558.310755144,"latency_ms":0.509}
{"alert_id":53,"customer_id":"customer_233","symbol":"DUSDT","price":0.01198,"threshold":0.01193072,"direction":"above","ingested_at":18558.310245707,"emitted_at":18558.310761307,"latency_ms":0.516}
{"alert_id":54,"customer_id":"customer_345","symbol":"ICPTRY","price":112.7,"threshold":112.46261317,"direction":"above","ingested_at":18558.310245707,"emitted_at":18558.310766896,"latency_ms":0.521}
{"alert_id":55,"customer_id":"customer_630","symbol":"SUSDT","price":0.04483,"threshold":0.04483753,"direction":"below","ingested_at":18558.310245707,"emitted_at":18558.310772875,"latency_ms":0.527}
{"alert_id":56,"customer_id":"customer_847","symbol":"ANIMEUSDT","price":0.00481,"threshold":0.00480773,"direction":"above","ingested_at":18558.310245707,"emitted_at":18558.310778033,"latency_ms":0.532}
{"alert_id":57,"customer_id":"customer_997","symbol":"CRVUSDT","price":0.2398,"threshold":0.23961749,"direction":"above","ingested_at":18558.310245707,"emitted_at":18558.310785178,"latency_ms":0.539}
{"alert_id":58,"customer_id":"customer_563","symbol":"SANDUSDT","price":0.0743,"threshold":0.07417094,"direction":"above","ingested_at":18558.310245707,"emitted_at":18558.310791206,"latency_ms":0.545}
{"alert_id":59,"customer_id":"customer_682","symbol":"TSTUSDT","price":0.01994,"threshold":0.02001411,"direction":"below","ingested_at":18558.310245707,"emitted_at":18558.310796253,"latency_ms":0.551}
{"alert_id":60,"customer_id":"customer_555","symbol":"RSRUSDT","price":0.001873,"threshold":0.0018717,"direction":"above","ingested_at":18558.310245707,"emitted_at":18558.310802806,"latency_ms":0.557}
{"alert_id":61,"customer_id":"customer_680","symbol":"TSTTRY","price":0.902,"threshold":0.90888587,"direction":"below","ingested_at":18558.310245707,"emitted_at":18558.310808022,"latency_ms":0.562}
{"alert_id":62,"customer_id":"customer_925","symbol":"BNBBTC","price":0.007755,"threshold":0.00775272,"direction":"above","ingested_at":18558.310884494,"emitted_at":18558.311104122,"latency_ms":0.22}
{"alert_id":63,"customer_id":"customer_557","symbol":"RUNEUSDT","price":0.546,"threshold":0.545437,"direction":"above","ingested_at":18558.310884494,"emitted_at":18558.311114099,"latency_ms":0.23}
{"alert_id":64,"customer_id":"customer_923","symbol":"BMTUSDT","price":0.01639,"threshold":0.01637465,"direction":"above","ingested_at":18558.310884494,"emitted_at":18558.311119866,"latency_ms":0.235}
{"alert_id":65,"customer_id":"customer_438","symbol":"MUBARAKUSDT","price":0.01613,"threshold":0.01614956,"direction":"below","ingested_at":18558.310884494,"emitted_at":18558.311125023,"latency_ms":0.241}
{"alert_id":66,"customer_id":"customer_901","symbol":"BANANAS31USDT","price":0.01127,"threshold":0.01126995,"direction":"above","ingested_at":18558.310884494,"emitted_at":18558.311130943,"latency_ms":0.246}
{"alert_id":67,"customer_id":"customer_385","symbol":"LDOUSDT","price":0.3739,"threshold":0.37388656,"direction":"above","ingested_at":18558.310884494,"emitted_at":18558.311137339,"latency_ms":0.253}
{"alert_id":68,"customer_id":"customer_888","symbol":"AVAXUSDT","price":9.38,"threshold":9.38418195,"direction":"below","ingested_at":18558.310884494,"emitted_at":18558.311142656,"latency_ms":0.258}
{"alert_id":69,"customer_id":"customer_725","symbol":"VIRTUALUSDT","price":0.8041,"threshold":0.80073959,"direction":"above","ingested_at":18558.310884494,"emitted_at":18558.311147942,"latency_ms":0.263}
{"alert_id":70,"customer_id":"customer_135","symbol":"BNBUSDT","price":630.65,"threshold":630.19593357,"direction":"above","ingested_at":18558.310884494,"emitted_at":18558.311153047,"latency_ms":0.269}
{"alert_id":71,"customer_id":"customer_147","symbol":"BTCBRL","price":399854.0,"threshold":399694.80934573,"direction":"above","ingested_at":18558.310884494,"emitted_at":18558.311158405,"latency_ms":0.274}
{"alert_id":72,"customer_id":"customer_705","symbol":"USDTBRL","price":4.9167,"threshold":4.91384856,"direction":"above","ingested_at":18558.310884494,"emitted_at":18558.311164027,"latency_ms":0.28}
{"alert_id":73,"customer_id":"customer_582","symbol":"SIGNUSDT","price":0.01586,"threshold":0.01586577,"direction":"below","ingested_at":18558.310884494,"emitted_at":18558.311169524,"latency_ms":0.285}
{"alert_id":74,"customer_id":"customer_340","symbol":"HUMAUSDT","price":0.02224,"threshold":0.0222656,"direction":"below","ingested_at":18558.310884494,"emitted_at":18558.311176506,"latency_ms":0.292}
{"alert_id":75,"customer_id":"customer_881","symbol":"AUSDT","price":0.0878,"threshold":0.08774084,"direction":"above","ingested_at":18558.310884494,"emitted_at":18558.311182583,"latency_ms":0.298}
{"alert_id":76,"customer_id":"customer_436","symbol":"MUBARAKTRY","price":0.729,"threshold":0.72905476,"direction":"below","ingested_at":18558.310884494,"emitted_at":18558.311188116,"latency_ms":0.304}
{"alert_id":77,"customer_id":"customer_540","symbol":"RESOLVTRY","price":1.46,"threshold":1.46447231,"direction":"below","ingested_at":18558.310884494,"emitted_at":18558.311193573,"latency_ms":0.309}
{"alert_id":78,"customer_id":"customer_554","symbol":"ROSEUSDT","price":0.01022,"threshold":0.01022215,"direction":"below","ingested_at":18558.310884494,"emitted_at":18558.311198876,"latency_ms":0.314}
{"alert_id":79,"customer_id":"customer_713","symbol":"USTCUSDT","price":0.0084,"threshold":0.00834294,"direction":"above","ingested_at":18558.310884494,"emitted_at":18558.311204438,"latency_ms":0.32}
{"alert_id":80,"customer_id":"customer_81","symbol":"AVAUSDT","price":0.2781,"threshold":0.27804171,"direction":"above","ingested_at":18558.310884494,"emitted_at":18558.311209456,"latency_ms":0.325}
{"alert_id":81,"customer_id":"customer_731","symbol":"WBTCUSDT","price":81111.88,"threshold":81040.56676445,"direction":"above","ingested_at":18558.310884494,"emitted_at":18558.311215914,"latency_ms":0.331}
{"alert_id":82,"customer_id":"customer_297","symbol":"FLOKIUSDT","price":0.00003295,"threshold":0.00003294,"direction":"above","ingested_at":18558.310884494,"emitted_at":18558.311221973,"latency_ms":0.337}
{"alert_id":83,"customer_id":"customer_295","symbol":"FLOKITRY","price":0.00149,"threshold":0.00148928,"direction":"above","ingested_at":18558.310884494,"emitted_at":18558.311229984,"latency_ms":0.345}
{"alert_id":84,"customer_id":"customer_739","symbol":"WLFITRY","price":2.924,"threshold":2.92203951,"direction":"above","ingested_at":18558.310884494,"emitted_at":18558.311235137,"latency_ms":0.351}
{"alert_id":85,"customer_id":"customer_863","symbol":"ARKMUSDT","price":0.1217,"threshold":0.12162367,"direction":"above","ingested_at":18558.310884494,"emitted_at":18558.311240787,"latency_ms":0.356}
{"alert_id":86,"customer_id":"customer_215","symbol":"DOGETRY","price":5.068,"threshold":5.06710247,"direction":"above","ingested_at":18558.310884494,"emitted_at":18558.311246302,"latency_ms":0.362}
{"alert_id":87,"customer_id":"customer_903","symbol":"BARDUSDT","price":0.2768,"threshold":0.27669231,"direction":"above","ingested_at":18558.310884494,"emitted_at":18558.311252166,"latency_ms":0.368}
{"alert_id":88,"customer_id":"customer_27","symbol":"ADAUSDT","price":0.2567,"threshold":0.25664814,"direction":"above","ingested_at":18558.310884494,"emitted_at":18558.311257114,"latency_ms":0.373}
{"alert_id":89,"customer_id":"customer_828","symbol":"ADAUSDT","price":0.2567,"threshold":0.25670286,"direction":"below","ingested_at":18558.310884494,"emitted_at":18558.311262108,"latency_ms":0.378}
{"alert_id":90,"customer_id":"customer_120","symbol":"BLURUSDT","price":0.02797,"threshold":0.0280433,"direction":"below","ingested_at":18558.310884494,"emitted_at":18558.311272447,"latency_ms":0.388}
{"alert_id":91,"customer_id":"customer_379","symbol":"KITEUSDT","price":0.1498,"threshold":0.14956831,"direction":"above","ingested_at":18558.310884494,"emitted_at":18558.311279029,"latency_ms":0.395}
{"alert_id":92,"customer_id":"customer_366","symbol":"JTOUSDT","price":0.3558,"threshold":0.3558463,"direction":"below","ingested_at":18558.310884494,"emitted_at":18558.311284566,"latency_ms":0.4}
{"alert_id":93,"customer_id":"customer_598","symbol":"SOLVUSDC","price":0.00436,"threshold":0.00436303,"direction":"below","ingested_at":18558.310884494,"emitted_at":18558.311289799,"latency_ms":0.405}
{"alert_id":94,"customer_id":"customer_277","symbol":"ETHUSDC","price":2374.41,"threshold":2374.10172001,"direction":"above","ingested_at":18558.310884494,"emitted_at":18558.311295559,"latency_ms":0.411}
{"alert_id":95,"customer_id":"customer_816","symbol":"ACETRY","price":5.72,"threshold":5.74480917,"direction":"below","ingested_at":18558.310884494,"emitted_at":18558.311301397,"latency_ms":0.417}
{"alert_id":96,"customer_id":"customer_158","symbol":"BTCUSD1","price":81305.1,"threshold":81324.73513283,"direction":"below","ingested_at":18558.310884494,"emitted_at":18558.3113087,"latency_ms":0.424}
{"alert_id":97,"customer_id":"customer_133","symbol":"BNBUSD1","price":630.63,"threshold":630.16895686,"direction":"above","ingested_at":18558.310884494,"emitted_at":18558.311314312,"latency_ms":0.43}
{"alert_id":98,"customer_id":"customer_595","symbol":"SOLUSD1","price":85.35,"threshold":85.29869191,"direction":"above","ingested_at":18558.310884494,"emitted_at":18558.311321132,"latency_ms":0.437}
{"alert_id":99,"customer_id":"customer_766","symbol":"XRPUSD1","price":1.4087,"threshold":1.40907599,"direction":"below","ingested_at":18558.310884494,"emitted_at":18558.311326892,"latency_ms":0.442}
{"alert_id":100,"customer_id":"customer_403","symbol":"LUNAUSDC","price":0.077,"threshold":0.07658633,"direction":"above","ingested_at":18558.310884494,"emitted_at":18558.311332623,"latency_ms":0.448}
{"alert_id":101,"customer_id":"customer_289","symbol":"FETUSDT","price":0.2155,"threshold":0.21492928,"direction":"above","ingested_at":18558.310884494,"emitted_at":18558.311337628,"latency_ms":0.453}
{"alert_id":102,"customer_id":"customer_827","symbol":"ADAUSDC","price":0.2568,"threshold":0.25669085,"direction":"above","ingested_at":18558.310884494,"emitted_at":18558.311344508,"latency_ms":0.46}
{"alert_id":103,"customer_id":"customer_548","symbol":"RLUSDUSDT","price":1.0,"threshold":1.00002163,"direction":"below","ingested_at":18558.310884494,"emitted_at":18558.311352218,"latency_ms":0.468}
{"alert_id":104,"customer_id":"customer_131","symbol":"BNBU","price":630.69,"threshold":630.25765805,"direction":"above","ingested_at":18558.310884494,"emitted_at":18558.311358928,"latency_ms":0.474}
{"alert_id":105,"customer_id":"customer_275","symbol":"ETHU","price":2373.56,"threshold":2372.14693215,"direction":"above","ingested_at":18558.310884494,"emitted_at":18558.311365579,"latency_ms":0.481}
{"alert_id":106,"customer_id":"customer_92","symbol":"AXLUSDT","price":0.0796,"threshold":0.08031921,"direction":"below","ingested_at":18558.310884494,"emitted_at":18558.311371038,"latency_ms":0.487}
{"alert_id":107,"customer_id":"customer_37","symbol":"ALGOUSDT","price":0.1167,"threshold":0.11633643,"direction":"above","ingested_at":18558.310884494,"emitted_at":18558.311377748,"latency_ms":0.493}
{"alert_id":108,"customer_id":"customer_454","symbol":"NIGHTUSDT","price":0.03139,"threshold":0.03144699,"direction":"below","ingested_at":18558.310884494,"emitted_at":18558.311383813,"latency_ms":0.499}
{"alert_id":109,"customer_id":"customer_138","symbol":"BOMEUSDC","price":0.000581,"threshold":0.00058124,"direction":"below","ingested_at":18558.310884494,"emitted_at":18558.311393455,"latency_ms":0.509}
{"alert_id":110,"customer_id":"customer_977","symbol":"CHIPTRY","price":2.595,"threshold":2.59194197,"direction":"above","ingested_at":18558.310884494,"emitted_at":18558.311399487,"latency_ms":0.515}
{"alert_id":111,"customer_id":"customer_984","symbol":"CHZUSDT","price":0.04137,"threshold":0.04144935,"direction":"below","ingested_at":18558.310884494,"emitted_at":18558.311406324,"latency_ms":0.522}
{"alert_id":112,"customer_id":"customer_762","symbol":"XRPJPY","price":222.3,"threshold":222.31877908,"direction":"below","ingested_at":18558.310884494,"emitted_at":18558.311413429,"latency_ms":0.529}
{"alert_id":113,"customer_id":"customer_111","symbol":"BCHUSDT","price":455.2,"threshold":454.95185581,"direction":"above","ingested_at":18558.310884494,"emitted_at":18558.311419529,"latency_ms":0.535}
{"alert_id":114,"customer_id":"customer_155","symbol":"BTCTRY","price":3676067.0,"threshold":3675972.76125943,"direction":"above","ingested_at":18558.310884494,"emitted_at":18558.311425223,"latency_ms":0.541}
{"alert_id":115,"customer_id":"customer_764","symbol":"XRPTRY","price":63.68,"threshold":63.68666043,"direction":"below","ingested_at":18558.310884494,"emitted_at":18558.311431138,"latency_ms":0.547}
{"alert_id":116,"customer_id":"customer_949","symbol":"BTCEUR","price":69514.38,"threshold":69500.36222105,"direction":"above","ingested_at":18558.310884494,"emitted_at":18558.311437061,"latency_ms":0.553}
{"alert_id":117,"customer_id":"customer_537","symbol":"RENDERUSDC","price":1.892,"threshold":1.88889929,"direction":"above","ingested_at":18558.310884494,"emitted_at":18558.311445457,"latency_ms":0.561}
{"alert_id":118,"customer_id":"customer_219","symbol":"DOGSTRY","price":0.00268,"threshold":0.00266474,"direction":"above","ingested_at":18558.310884494,"emitted_at":18558.311452251,"latency_ms":0.568}
{"alert_id":119,"customer_id":"customer_13","symbol":"AAVEUSDC","price":93.32,"threshold":93.25479056,"direction":"above","ingested_at":18558.310884494,"emitted_at":18558.311458062,"latency_ms":0.574}
{"alert_id":120,"customer_id":"customer_814","symbol":"AAVEUSDC","price":93.32,"threshold":93.33656764,"direction":"below","ingested_at":18558.310884494,"emitted_at":18558.311463477,"latency_ms":0.579}
{"alert_id":121,"customer_id":"customer_510","symbol":"POLUSDC","price":0.0977,"threshold":0.09776982,"direction":"below","ingested_at":18558.310884494,"emitted_at":18558.311469178,"latency_ms":0.585}
{"alert_id":122,"customer_id":"customer_149","symbol":"BTCEURI","price":69515.13,"threshold":69498.34866544,"direction":"above","ingested_at":18558.310884494,"emitted_at":18558.311474879,"latency_ms":0.59}
{"alert_id":123,"customer_id":"customer_246","symbol":"EIGENUSDT","price":0.1863,"threshold":0.18672033,"direction":"below","ingested_at":18558.310884494,"emitted_at":18558.31148047,"latency_ms":0.596}
{"alert_id":124,"customer_id":"customer_588","symbol":"SOLBTC","price":0.0010497,"threshold":0.00104988,"direction":"below","ingested_at":18558.310884494,"emitted_at":18558.3114872,"latency_ms":0.603}
{"alert_id":125,"customer_id":"customer_509","symbol":"PNUTUSDT","price":0.0603,"threshold":0.06024703,"direction":"above","ingested_at":18558.310884494,"emitted_at":18558.311493425,"latency_ms":0.609}
{"alert_id":126,"customer_id":"customer_182","symbol":"CHZUSDC","price":0.04139,"threshold":0.04146318,"direction":"below","ingested_at":18558.310884494,"emitted_at":18558.311500757,"latency_ms":0.616}
{"alert_id":127,"customer_id":"customer_477","symbol":"ORCAUSDT","price":1.685,"threshold":1.68410341,"direction":"above","ingested_at":18558.310884494,"emitted_at":18558.311507134,"latency_ms":0.623}
{"alert_id":128,"customer_id":"customer_773","symbol":"YFIUSDT","price":2747.0,"threshold":2740.31797096,"direction":"above","ingested_at":18558.310884494,"emitted_at":18558.311517168,"latency_ms":0.633}
{"alert_id":129,"customer_id":"customer_53","symbol":"API3USDT","price":0.3708,"threshold":0.37058243,"direction":"above","ingested_at":18558.310884494,"emitted_at":18558.311522852,"latency_ms":0.638}
{"alert_id":130,"customer_id":"customer_669","symbol":"TRUMPUSDC","price":2.368,"threshold":2.36394831,"direction":"above","ingested_at":18558.310884494,"emitted_at":18558.311530071,"latency_ms":0.646}
{"alert_id":131,"customer_id":"customer_231","symbol":"DOTUSDT","price":1.266,"threshold":1.26397364,"direction":"above","ingested_at":18558.310884494,"emitted_at":18558.311535984,"latency_ms":0.651}
{"alert_id":132,"customer_id":"customer_51","symbol":"APEUSDT","price":0.1646,"threshold":0.1635892,"direction":"above","ingested_at":18558.310884494,"emitted_at":18558.311543183,"latency_ms":0.659}
{"alert_id":133,"customer_id":"customer_389","symbol":"LINKTRY","price":438.8,"threshold":438.68102582,"direction":"above","ingested_at":18559.089996188,"emitted_at":18559.090604372,"latency_ms":0.608}
{"alert_id":134,"customer_id":"customer_693","symbol":"UNIUSDT","price":3.359,"threshold":3.35840239,"direction":"above","ingested_at":18559.089996188,"emitted_at":18559.090720553,"latency_ms":0.724}
{"alert_id":135,"customer_id":"customer_781","symbol":"ZECETH","price":0.18251,"threshold":0.18242221,"direction":"above","ingested_at":18559.089996188,"emitted_at":18559.090742767,"latency_ms":0.747}
{"alert_id":136,"customer_id":"customer_899","symbol":"BABYUSDT","price":0.01822,"threshold":0.01819951,"direction":"above","ingested_at":18559.089996188,"emitted_at":18559.090758859,"latency_ms":0.763}
{"alert_id":137,"customer_id":"customer_898","symbol":"BABYUSDC","price":0.01819,"threshold":0.01819958,"direction":"below","ingested_at":18559.089996188,"emitted_at":18559.090774422,"latency_ms":0.778}
{"alert_id":138,"customer_id":"customer_897","symbol":"BABYTRY","price":0.824,"threshold":0.8233034,"direction":"above","ingested_at":18559.089996188,"emitted_at":18559.090787943,"latency_ms":0.792}
{"alert_id":139,"customer_id":"customer_466","symbol":"ONDOUSDT","price":0.3176,"threshold":0.31858896,"direction":"below","ingested_at":18559.089996188,"emitted_at":18559.090800677,"latency_ms":0.804}
{"alert_id":140,"customer_id":"customer_672","symbol":"TRXBTC","price":0.00000422,"threshold":0.00000423,"direction":"below","ingested_at":18559.089996188,"emitted_at":18559.090817287,"latency_ms":0.821}
{"alert_id":141,"customer_id":"customer_815","symbol":"AAVEUSDT","price":93.28,"threshold":93.27332774,"direction":"above","ingested_at":18559.089996188,"emitted_at":18559.090835789,"latency_ms":0.84}
{"alert_id":142,"customer_id":"customer_542","symbol":"RESOLVUSDT","price":0.0322,"threshold":0.0324641,"direction":"below","ingested_at":18559.089996188,"emitted_at":18559.090862996,"latency_ms":0.867}
{"alert_id":143,"customer_id":"customer_885","symbol":"AVAXTRY","price":424.2,"threshold":423.88845849,"direction":"above","ingested_at":18559.089996188,"emitted_at":18559.090880915,"latency_ms":0.885}
{"alert_id":144,"customer_id":"customer_818","symbol":"ACHTRY","price":0.364,"threshold":0.36511894,"direction":"below","ingested_at":18559.089996188,"emitted_at":18559.090910473,"latency_ms":0.914}
{"alert_id":145,"customer_id":"customer_743","symbol":"WLFIUSDT","price":0.0647,"threshold":0.06467745,"direction":"above","ingested_at":18559.089996188,"emitted_at":18559.090928314,"latency_ms":0.932}
{"alert_id":146,"customer_id":"customer_520","symbol":"PUMPUSDT","price":0.001828,"threshold":0.00182892,"direction":"below","ingested_at":18559.089996188,"emitted_at":18559.090948637,"latency_ms":0.952}
{"alert_id":147,"customer_id":"customer_286","symbol":"FDUSDUSDT","price":0.9992,"threshold":0.99923872,"direction":"below","ingested_at":18559.089996188,"emitted_at":18559.090962752,"latency_ms":0.967}
{"alert_id":148,"customer_id":"customer_890","symbol":"AVNTUSDT","price":0.1452,"threshold":0.14523355,"direction":"below","ingested_at":18559.089996188,"emitted_at":18559.090976452,"latency_ms":0.98}
{"alert_id":149,"customer_id":"customer_591","symbol":"SOLFDUSD","price":85.4,"threshold":85.37959968,"direction":"above","ingested_at":18559.089996188,"emitted_at":18559.090997912,"latency_ms":1.002}
{"alert_id":150,"customer_id":"customer_174","symbol":"CFXUSDT","price":0.06123,"threshold":0.06127412,"direction":"below","ingested_at":18559.089996188,"emitted_at":18559.091032986,"latency_ms":1.037}
{"alert_id":151,"customer_id":"customer_778","symbol":"ZBTUSDC","price":0.1882,"threshold":0.18824236,"direction":"below","ingested_at":18559.089996188,"emitted_at":18559.091046688,"latency_ms":1.051}
{"alert_id":152,"customer_id":"customer_695","symbol":"USD1USDC","price":1.0001,"threshold":1.00004674,"direction":"above","ingested_at":18559.089996188,"emitted_at":18559.091061384,"latency_ms":1.065}
{"alert_id":153,"customer_id":"customer_935","symbol":"BNBUSDC","price":630.77,"threshold":630.35179203,"direction":"above","ingested_at":18559.089996188,"emitted_at":18559.0910749,"latency_ms":1.079}
{"alert_id":154,"customer_id":"customer_473","symbol":"OPUSDC","price":0.1274,"threshold":0.12733801,"direction":"above","ingested_at":18559.089996188,"emitted_at":18559.091096415,"latency_ms":1.1}
{"alert_id":155,"customer_id":"customer_169","symbol":"CELRUSDT","price":0.002753,"threshold":0.0027526,"direction":"above","ingested_at":18559.089996188,"emitted_at":18559.091119534,"latency_ms":1.123}
{"alert_id":156,"customer_id":"customer_970","symbol":"CELRUSDT","price":0.002753,"threshold":0.00275339,"direction":"below","ingested_at":18559.089996188,"emitted_at":18559.091131307,"latency_ms":1.135}
{"alert_id":157,"customer_id":"customer_367","symbol":"JUPUSDC","price":0.1903,"threshold":0.19018796,"direction":"above","ingested_at":18559.089996188,"emitted_at":18559.091143596,"latency_ms":1.147}
{"alert_id":158,"customer_id":"customer_737","symbol":"WLDUSDC","price":0.2419,"threshold":0.24184158,"direction":"above","ingested_at":18559.089996188,"emitted_at":18559.091160552,"latency_ms":1.164}
{"alert_id":159,"customer_id":"customer_776","symbol":"ZAMAUSDT","price":0.02912,"threshold":0.02917201,"direction":"below","ingested_at":18559.089996188,"emitted_at":18559.09117448,"latency_ms":1.178}
{"alert_id":160,"customer_id":"customer_173","symbol":"CFGUSDT","price":0.2473,"threshold":0.24646907,"direction":"above","ingested_at":18559.089996188,"emitted_at":18559.091192554,"latency_ms":1.196}
{"alert_id":161,"customer_id":"customer_171","symbol":"CFGTRY","price":11.176,"threshold":11.16280558,"direction":"above","ingested_at":18559.089996188,"emitted_at":18559.091206174,"latency_ms":1.21}
{"alert_id":162,"customer_id":"customer_972","symbol":"CFGTRY","price":11.176,"threshold":11.17938793,"direction":"below","ingested_at":18559.089996188,"emitted_at":18559.091218231,"latency_ms":1.222}
{"alert_id":163,"customer_id":"customer_427","symbol":"MINAUSDT","price":0.0627,"threshold":0.062679,"direction":"above","ingested_at":18559.089996188,"emitted_at":18559.091234403,"latency_ms":1.238}
{"alert_id":164,"customer_id":"customer_856","symbol":"APTUSDC","price":0.966,"threshold":0.9669524,"direction":"below","ingested_at":18559.089996188,"emitted_at":18559.091264046,"latency_ms":1.268}
{"alert_id":165,"customer_id":"customer_304","symbol":"GALAUSDT","price":0.0033,"threshold":0.00330697,"direction":"below","ingested_at":18559.089996188,"emitted_at":18559.091279948,"latency_ms":1.284}
{"alert_id":166,"customer_id":"customer_912","symbol":"BCHUSDT","price":455.0,"threshold":455.04690811,"direction":"below","ingested_at":18559.089996188,"emitted_at":18559.09130172,"latency_ms":1.306}
{"alert_id":167,"customer_id":"customer_797","symbol":"ZROUSDT","price":1.414,"threshold":1.41382023,"direction":"above","ingested_at":18559.089996188,"emitted_at":18559.091322423,"latency_ms":1.326}
{"alert_id":168,"customer_id":"customer_796","symbol":"ZROUSDC","price":1.414,"threshold":1.41627715,"direction":"below","ingested_at":18559.089996188,"emitted_at":18559.091337689,"latency_ms":1.342}
{"alert_id":169,"customer_id":"customer_660","symbol":"TONTRY","price":81.4,"threshold":81.49658207,"direction":"below","ingested_at":18559.089996188,"emitted_at":18559.091351463,"latency_ms":1.355}
{"alert_id":170,"customer_id":"customer_435","symbol":"MOVRUSDT","price":2.116,"threshold":2.11431847,"direction":"above","ingested_at":18559.089996188,"emitted_at":18559.091369025,"latency_ms":1.373}
{"alert_id":171,"customer_id":"customer_511","symbol":"POLUSDT","price":0.0977,"threshold":0.09766998,"direction":"above","ingested_at":18559.089996188,"emitted_at":18559.09138214,"latency_ms":1.386}
{"alert_id":172,"customer_id":"customer_45","symbol":"AMPUSDT","price":0.000883,"threshold":0.00088227,"direction":"above","ingested_at":18559.089996188,"emitted_at":18559.091398202,"latency_ms":1.402}
{"alert_id":173,"customer_id":"customer_521","symbol":"PYRUSDT","price":0.273,"threshold":0.2723362,"direction":"above","ingested_at":18559.089996188,"emitted_at":18559.09141313,"latency_ms":1.417}
{"alert_id":174,"customer_id":"customer_400","symbol":"LUMIATRY","price":6.226,"threshold":6.2460149,"direction":"below","ingested_at":18559.089996188,"emitted_at":18559.091428518,"latency_ms":1.432}
{"alert_id":175,"customer_id":"customer_3","symbol":"1000CHEEMSUSDT","price":0.000639,"threshold":0.000638,"direction":"above","ingested_at":18559.089996188,"emitted_at":18559.091455223,"latency_ms":1.459}
{"alert_id":176,"customer_id":"customer_843","symbol":"ALPINEUSDT","price":0.448,"threshold":0.44740239,"direction":"above","ingested_at":18559.089996188,"emitted_at":18559.091472012,"latency_ms":1.476}
{"alert_id":177,"customer_id":"customer_786","symbol":"ZENUSDC","price":7.012,"threshold":7.01576366,"direction":"below","ingested_at":18560.082650646,"emitted_at":18560.083235497,"latency_ms":0.585}
{"alert_id":178,"customer_id":"customer_309","symbol":"GMTUSDC","price":0.0108,"threshold":0.01078479,"direction":"above","ingested_at":18560.082650646,"emitted_at":18560.083421747,"latency_ms":0.771}
{"alert_id":179,"customer_id":"customer_56","symbol":"APTUSDT","price":0.966,"threshold":0.96758707,"direction":"below","ingested_at":18560.082650646,"emitted_at":18560.083485117,"latency_ms":0.834}
{"alert_id":180,"customer_id":"customer_696","symbol":"USD1USDT","price":0.9999,"threshold":0.99994934,"direction":"below","ingested_at":18560.082650646,"emitted_at":18560.08351835,"latency_ms":0.868}
{"alert_id":181,"customer_id":"customer_266","symbol":"ETHBRL","price":11665.99,"threshold":11666.99643818,"direction":"below","ingested_at":18560.082650646,"emitted_at":18560.083547275,"latency_ms":0.897}
{"alert_id":182,"customer_id":"customer_409","symbol":"MAGICUSDT","price":0.0655,"threshold":0.06547046,"direction":"above","ingested_at":18560.082650646,"emitted_at":18560.083578559,"latency_ms":0.928}
{"alert_id":183,"customer_id":"customer_10","symbol":"2ZUSDT","price":0.09202,"threshold":0.09224633,"direction":"below","ingested_at":18560.082650646,"emitted_at":18560.083634195,"latency_ms":0.984}
{"alert_id":184,"customer_id":"customer_8","symbol":"2ZTRY","price":4.163,"threshold":4.17130175,"direction":"below","ingested_at":18560.082650646,"emitted_at":18560.083658084,"latency_ms":1.007}
{"alert_id":185,"customer_id":"customer_26","symbol":"ADAUSDC","price":0.2567,"threshold":0.25674288,"direction":"below","ingested_at":18560.082650646,"emitted_at":18560.083738642,"latency_ms":1.088}
{"alert_id":186,"customer_id":"customer_973","symbol":"CFGUSDC","price":0.2472,"threshold":0.24673152,"direction":"above","ingested_at":18560.082650646,"emitted_at":18560.083782769,"latency_ms":1.132}
{"alert_id":187,"customer_id":"customer_525","symbol":"QNTUSDT","price":68.0,"threshold":67.91426477,"direction":"above","ingested_at":18560.082650646,"emitted_at":18560.083807933,"latency_ms":1.157}
{"alert_id":188,"customer_id":"customer_706","symbol":"USDTCOP","price":3696.0,"threshold":3696.44941751,"direction":"below","ingested_at":18560.082650646,"emitted_at":18560.083844965,"latency_ms":1.194}
{"alert_id":189,"customer_id":"customer_18","symbol":"ACHUSDT","price":0.00804,"threshold":0.00806048,"direction":"below","ingested_at":18560.082650646,"emitted_at":18560.08389133,"latency_ms":1.241}
{"alert_id":190,"customer_id":"customer_46","symbol":"ANIMEUSDT","price":0.0048,"threshold":0.00480696,"direction":"below","ingested_at":18560.082650646,"emitted_at":18560.083914649,"latency_ms":1.264}
{"alert_id":191,"customer_id":"customer_485","symbol":"PARTIUSDT","price":0.0513,"threshold":0.05125242,"direction":"above","ingested_at":18561.07954991,"emitted_at":18561.080057874,"latency_ms":0.508}
{"alert_id":192,"customer_id":"customer_488","symbol":"PAXGUSDC","price":4547.8,"threshold":4548.37503409,"direction":"below","ingested_at":18561.07954991,"emitted_at":18561.080258919,"latency_ms":0.709}
{"alert_id":193,"customer_id":"customer_95","symbol":"AXSUSDT","price":1.345,"threshold":1.34281813,"direction":"above","ingested_at":18561.07954991,"emitted_at":18561.080313781,"latency_ms":0.764}
{"alert_id":194,"customer_id":"customer_313","symbol":"GNSUSDT","price":0.539,"threshold":0.53865691,"direction":"above","ingested_at":18561.07954991,"emitted_at":18561.08034402,"latency_ms":0.794}
{"alert_id":195,"customer_id":"customer_757","symbol":"XRPBRL","price":6.926,"threshold":6.92472548,"direction":"above","ingested_at":18561.07954991,"emitted_at":18561.080378521,"latency_ms":0.829}
{"alert_id":196,"customer_id":"customer_71","symbol":"ATMUSDT","price":1.094,"threshold":1.09336975,"direction":"above","ingested_at":18561.07954991,"emitted_at":18561.080411974,"latency_ms":0.862}
{"alert_id":197,"customer_id":"customer_38","symbol":"ALICEUSDT","price":0.1502,"threshold":0.15023932,"direction":"below","ingested_at":18561.07954991,"emitted_at":18561.080445813,"latency_ms":0.896}
{"alert_id":198,"customer_id":"customer_839","symbol":"ALICEUSDT","price":0.1502,"threshold":0.15015264,"direction":"above","ingested_at":18561.07954991,"emitted_at":18561.080478158,"latency_ms":0.928}
{"alert_id":199,"customer_id":"customer_581","symbol":"SHIBUSDT","price":0.00000627,"threshold":0.00000627,"direction":"above","ingested_at":18561.07954991,"emitted_at":18561.080516012,"latency_ms":0.966}
{"alert_id":200,"customer_id":"customer_590","symbol":"SOLEUR","price":72.95,"threshold":72.95345338,"direction":"below","ingested_at":18561.07954991,"emitted_at":18561.080554948,"latency_ms":1.005}
{"alert_id":201,"customer_id":"customer_75","symbol":"ATOMUSDC","price":1.849,"threshold":1.84672699,"direction":"above","ingested_at":18561.07954991,"emitted_at":18561.080590356,"latency_ms":1.04}
{"alert_id":202,"customer_id":"customer_274","symbol":"ETHTRY","price":107290.0,"threshold":107291.13265695,"direction":"below","ingested_at":18561.07954991,"emitted_at":18561.080635939,"latency_ms":1.086}
{"alert_id":203,"customer_id":"customer_185","symbol":"CITYUSDT","price":0.585,"threshold":0.58466746,"direction":"above","ingested_at":18561.07954991,"emitted_at":18561.080667528,"latency_ms":1.118}
{"alert_id":204,"customer_id":"customer_937","symbol":"BNSOLUSDT","price":94.9,"threshold":94.8283247,"direction":"above","ingested_at":18561.07954991,"emitted_at":18561.080698249,"latency_ms":1.148}
{"alert_id":205,"customer_id":"customer_875","symbol":"ATOMTRY","price":83.6,"threshold":83.54257242,"direction":"above","ingested_at":18561.07954991,"emitted_at":18561.080757816,"latency_ms":1.208}
{"alert_id":206,"customer_id":"customer_873","symbol":"ATOMEUR","price":1.581,"threshold":1.57811196,"direction":"above","ingested_at":18561.07954991,"emitted_at":18561.080790778,"latency_ms":1.241}
{"alert_id":207,"customer_id":"customer_688","symbol":"TUTUSDT","price":0.01276,"threshold":0.01276197,"direction":"below","ingested_at":18562.079633242,"emitted_at":18562.080124999,"latency_ms":0.492}
{"alert_id":208,"customer_id":"customer_227","symbol":"DOTEUR","price":1.083,"threshold":1.07999574,"direction":"above","ingested_at":18562.079633242,"emitted_at":18562.080300777,"latency_ms":0.668}
{"alert_id":209,"customer_id":"customer_750","symbol":"XLMTRY","price":7.165,"threshold":7.16628641,"direction":"below","ingested_at":18562.079633242,"emitted_at":18562.080341799,"latency_ms":0.709}
{"alert_id":210,"customer_id":"customer_335","symbol":"HOLOTRY","price":2.967,"threshold":2.96605558,"direction":"above","ingested_at":18562.079633242,"emitted_at":18562.080373252,"latency_ms":0.74}
{"alert_id":211,"customer_id":"customer_768","symbol":"XRPUSDT","price":1.4082,"threshold":1.40852363,"direction":"below","ingested_at":18562.079633242,"emitted_at":18562.080397295,"latency_ms":0.764}
{"alert_id":212,"customer_id":"customer_756","symbol":"XRPBNB","price":0.002234,"threshold":0.00223504,"direction":"below","ingested_at":18562.079633242,"emitted_at":18562.080418348,"latency_ms":0.785}
{"alert_id":213,"customer_id":"customer_674","symbol":"TRXEUR","price":0.2934,"threshold":0.29343496,"direction":"below","ingested_at":18562.079633242,"emitted_at":18562.080457339,"latency_ms":0.824}
{"alert_id":214,"customer_id":"customer_679","symbol":"TRXXRP","price":0.2437,"threshold":0.24369886,"direction":"above","ingested_at":18562.079633242,"emitted_at":18562.080478097,"latency_ms":0.845}
{"alert_id":215,"customer_id":"customer_31","symbol":"AITRY","price":1.01,"threshold":1.00739868,"direction":"above","ingested_at":18562.079633242,"emitted_at":18562.080500829,"latency_ms":0.868}
{"alert_id":216,"customer_id":"customer_677","symbol":"TRXUSDC","price":0.3434,"threshold":0.34332213,"direction":"above","ingested_at":18562.079633242,"emitted_at":18562.080524086,"latency_ms":0.891}
{"alert_id":217,"customer_id":"customer_763","symbol":"XRPRLUSD","price":1.4087,"threshold":1.40863375,"direction":"above","ingested_at":18562.079633242,"emitted_at":18562.080563284,"latency_ms":0.93}
{"alert_id":218,"customer_id":"customer_373","symbol":"KATUSDC","price":0.00944,"threshold":0.00943588,"direction":"above","ingested_at":18562.079633242,"emitted_at":18562.080612894,"latency_ms":0.98}
{"alert_id":219,"customer_id":"customer_250","symbol":"ENAUSDC","price":0.1113,"threshold":0.11136049,"direction":"below","ingested_at":18562.079633242,"emitted_at":18562.08064953,"latency_ms":1.016}
{"alert_id":220,"customer_id":"customer_647","symbol":"TAOUSDT","price":286.3,"threshold":285.78160703,"direction":"above","ingested_at":18562.079633242,"emitted_at":18562.080670718,"latency_ms":1.037}
{"alert_id":221,"customer_id":"customer_760","symbol":"XRPEUR","price":1.204,"threshold":1.204049,"direction":"below","ingested_at":18562.079633242,"emitted_at":18562.080702682,"latency_ms":1.069}
{"alert_id":222,"customer_id":"customer_538","symbol":"RENDERUSDT","price":1.889,"threshold":1.88988236,"direction":"below","ingested_at":18562.079633242,"emitted_at":18562.080732396,"latency_ms":1.099}
{"alert_id":223,"customer_id":"customer_164","symbol":"CAKEUSDC","price":1.513,"threshold":1.51340659,"direction":"below","ingested_at":18562.079633242,"emitted_at":18562.080776439,"latency_ms":1.143}
{"alert_id":224,"customer_id":"customer_87","symbol":"AVAXUSDT","price":9.39,"threshold":9.38240354,"direction":"above","ingested_at":18563.079967943,"emitted_at":18563.080754214,"latency_ms":0.786}
{"alert_id":225,"customer_id":"customer_780","symbol":"ZECBTC","price":0.0053166,"threshold":0.00534235,"direction":"below","ingested_at":18563.079967943,"emitted_at":18563.080926821,"latency_ms":0.959}
{"alert_id":226,"customer_id":"customer_441","symbol":"NEARUSDT","price":1.275,"threshold":1.27392377,"direction":"above","ingested_at":18563.079967943,"emitted_at":18563.08102345,"latency_ms":1.056}
{"alert_id":227,"customer_id":"customer_696","symbol":"USD1USDT","price":0.9999,"threshold":0.99994934,"direction":"below","ingested_at":18563.079967943,"emitted_at":18563.081063498,"latency_ms":1.096}
{"alert_id":228,"customer_id":"customer_676","symbol":"TRXTRY","price":15.508,"threshold":15.51183504,"direction":"below","ingested_at":18563.079967943,"emitted_at":18563.081098927,"latency_ms":1.131}
{"alert_id":229,"customer_id":"customer_388","symbol":"LINEAUSDT","price":0.003579,"threshold":0.00358008,"direction":"below","ingested_at":18563.079967943,"emitted_at":18563.081137733,"latency_ms":1.17}
{"alert_id":230,"customer_id":"customer_811","symbol":"2ZUSDT","price":0.09212,"threshold":0.09211401,"direction":"above","ingested_at":18563.079967943,"emitted_at":18563.081177424,"latency_ms":1.209}
{"alert_id":231,"customer_id":"customer_432","symbol":"MORPHOUSDT","price":2.259,"threshold":2.26938219,"direction":"below","ingested_at":18563.079967943,"emitted_at":18563.081205758,"latency_ms":1.238}
{"alert_id":232,"customer_id":"customer_420","symbol":"MEMEUSDT","price":0.0006,"threshold":0.00060035,"direction":"below","ingested_at":18563.079967943,"emitted_at":18563.081233389,"latency_ms":1.265}
{"alert_id":233,"customer_id":"customer_695","symbol":"USD1USDC","price":1.0001,"threshold":1.00004674,"direction":"above","ingested_at":18563.079967943,"emitted_at":18563.08126845,"latency_ms":1.301}
{"alert_id":234,"customer_id":"customer_770","symbol":"XVGUSDT","price":0.003559,"threshold":0.00355903,"direction":"below","ingested_at":18563.079967943,"emitted_at":18563.081317086,"latency_ms":1.349}
{"alert_id":235,"customer_id":"customer_580","symbol":"SHIBUSDC","price":0.00000627,"threshold":0.00000627,"direction":"below","ingested_at":18563.079967943,"emitted_at":18563.081371768,"latency_ms":1.404}
{"alert_id":236,"customer_id":"customer_284","symbol":"FARMUSDT","price":12.08,"threshold":12.08524281,"direction":"below","ingested_at":18563.079967943,"emitted_at":18563.081412915,"latency_ms":1.445}
{"alert_id":237,"customer_id":"customer_710","symbol":"USDTTRY","price":45.2,"threshold":45.20406316,"direction":"below","ingested_at":18563.079967943,"emitted_at":18563.081447658,"latency_ms":1.48}
{"alert_id":238,"customer_id":"customer_382","symbol":"KNCUSDT","price":0.1474,"threshold":0.14741288,"direction":"below","ingested_at":18563.079967943,"emitted_at":18563.081489267,"latency_ms":1.521}
{"alert_id":239,"customer_id":"customer_206","symbol":"DCRUSDT","price":19.39,"threshold":19.41833301,"direction":"below","ingested_at":18563.079967943,"emitted_at":18563.081521588,"latency_ms":1.554}
{"alert_id":240,"customer_id":"customer_700","symbol":"USDCPLN","price":3.629,"threshold":3.62972609,"direction":"below","ingested_at":18563.079967943,"emitted_at":18563.081554769,"latency_ms":1.587}
{"alert_id":241,"customer_id":"customer_478","symbol":"ORDITRY","price":231.5,"threshold":231.83455736,"direction":"below","ingested_at":18564.078762728,"emitted_at":18564.079120809,"latency_ms":0.358}
{"alert_id":242,"customer_id":"customer_772","symbol":"YBUSDT","price":0.1159,"threshold":0.11596932,"direction":"below","ingested_at":18564.078762728,"emitted_at":18564.079252302,"latency_ms":0.49}
{"alert_id":243,"customer_id":"customer_491","symbol":"PENDLEUSDC","price":1.991,"threshold":1.98939236,"direction":"above","ingested_at":18564.078762728,"emitted_at":18564.079301309,"latency_ms":0.539}
{"alert_id":244,"customer_id":"customer_794","symbol":"ZKUSDT","price":0.01704,"threshold":0.01707765,"direction":"below","ingested_at":18564.078762728,"emitted_at":18564.079328449,"latency_ms":0.566}
{"alert_id":245,"customer_id":"customer_29","symbol":"ADXUSDT","price":0.0775,"threshold":0.07734962,"direction":"above","ingested_at":18564.078762728,"emitted_at":18564.079355446,"latency_ms":0.593}
{"alert_id":246,"customer_id":"customer_7","symbol":"1MBABYDOGEUSDT","price":0.0004374,"threshold":0.00043691,"direction":"above","ingested_at":18564.078762728,"emitted_at":18564.079394464,"latency_ms":0.632}
{"alert_id":247,"customer_id":"customer_477","symbol":"ORCAUSDT","price":1.685,"threshold":1.68410341,"direction":"above","ingested_at":18564.078762728,"emitted_at":18564.07941821,"latency_ms":0.655}
{"alert_id":248,"customer_id":"customer_363","symbol":"JSTUSDT","price":0.08579,"threshold":0.08573009,"direction":"above","ingested_at":18564.078762728,"emitted_at":18564.079446744,"latency_ms":0.684}
{"alert_id":249,"customer_id":"customer_804","symbol":"1000CHEEMSUSDT","price":0.000638,"threshold":0.00063837,"direction":"below","ingested_at":18564.078762728,"emitted_at":18564.079463752,"latency_ms":0.701}
{"alert_id":250,"customer_id":"customer_430","symbol":"MORPHOTRY","price":102.1,"threshold":102.68862249,"direction":"below","ingested_at":18565.081203582,"emitted_at":18565.08215308,"latency_ms":0.949}
{"alert_id":251,"customer_id":"customer_807","symbol":"1000SATSUSDT","price":0.00001498,"threshold":0.00001497,"direction":"above","ingested_at":18565.081203582,"emitted_at":18565.082373016,"latency_ms":1.169}
{"alert_id":252,"customer_id":"customer_77","symbol":"ATUSDT","price":0.1702,"threshold":0.17015405,"direction":"above","ingested_at":18565.081203582,"emitted_at":18565.082437721,"latency_ms":1.234}
{"alert_id":253,"customer_id":"customer_905","symbol":"BATUSDT","price":0.1038,"threshold":0.10372046,"direction":"above","ingested_at":18565.081203582,"emitted_at":18565.082507037,"latency_ms":1.303}
{"alert_id":254,"customer_id":"customer_156","symbol":"BTCU","price":81309.0,"threshold":81310.39153713,"direction":"below","ingested_at":18565.081203582,"emitted_at":18565.082559703,"latency_ms":1.356}
{"alert_id":255,"customer_id":"customer_587","symbol":"SOLBRL","price":419.7,"threshold":419.61648679,"direction":"above","ingested_at":18565.081203582,"emitted_at":18565.082601374,"latency_ms":1.398}
{"alert_id":256,"customer_id":"customer_421","symbol":"METISUSDT","price":3.64,"threshold":3.63268217,"direction":"above","ingested_at":18565.081203582,"emitted_at":18565.082633992,"latency_ms":1.43}
{"alert_id":257,"customer_id":"customer_439","symbol":"NEARU","price":1.281,"threshold":1.27734588,"direction":"above","ingested_at":18565.081203582,"emitted_at":18565.082673837,"latency_ms":1.47}
{"alert_id":258,"customer_id":"customer_545","symbol":"REZUSDT","price":0.00531,"threshold":0.00529593,"direction":"above","ingested_at":18565.081203582,"emitted_at":18565.082721768,"latency_ms":1.518}
{"alert_id":259,"customer_id":"customer_460","symbol":"NOTUSDT","price":0.000486,"threshold":0.0004863,"direction":"below","ingested_at":18565.081203582,"emitted_at":18565.082754519,"latency_ms":1.551}
{"alert_id":260,"customer_id":"customer_61","symbol":"ARKMUSDC","price":0.1218,"threshold":0.1215857,"direction":"above","ingested_at":18565.081203582,"emitted_at":18565.082786825,"latency_ms":1.583}
{"alert_id":261,"customer_id":"customer_34","symbol":"ALCXUSDT","price":5.31,"threshold":5.31232251,"direction":"below","ingested_at":18565.081203582,"emitted_at":18565.082852561,"latency_ms":1.649}
{"alert_id":262,"customer_id":"customer_325","symbol":"HBARUSDC","price":0.08978,"threshold":0.08972195,"direction":"above","ingested_at":18565.081203582,"emitted_at":18565.082886896,"latency_ms":1.683}
{"alert_id":263,"customer_id":"customer_989","symbol":"COMPUSDT","price":23.82,"threshold":23.79476641,"direction":"above","ingested_at":18565.081203582,"emitted_at":18565.082920351,"latency_ms":1.717}
{"alert_id":264,"customer_id":"customer_145","symbol":"BROCCOLI714USDT","price":0.01849,"threshold":0.01848299,"direction":"above","ingested_at":18566.079891176,"emitted_at":18566.080386739,"latency_ms":0.496}
{"alert_id":265,"customer_id":"customer_946","symbol":"BROCCOLI714USDT","price":0.01849,"threshold":0.01850172,"direction":"below","ingested_at":18566.079891176,"emitted_at":18566.080538351,"latency_ms":0.647}
{"alert_id":266,"customer_id":"customer_474","symbol":"OPUSDT","price":0.1273,"threshold":0.1273224,"direction":"below","ingested_at":18566.079891176,"emitted_at":18566.080598068,"latency_ms":0.707}
{"alert_id":267,"customer_id":"customer_341","symbol":"HYPERTRY","price":5.08,"threshold":5.07200351,"direction":"above","ingested_at":18566.079891176,"emitted_at":18566.080618755,"latency_ms":0.728}
{"alert_id":268,"customer_id":"customer_90","symbol":"AWEUSDT","price":0.05641,"threshold":0.05641757,"direction":"below","ingested_at":18566.079891176,"emitted_at":18566.080651857,"latency_ms":0.761}
{"alert_id":269,"customer_id":"customer_599","symbol":"SOMIUSDT","price":0.1869,"threshold":0.18682334,"direction":"above","ingested_at":18566.079891176,"emitted_at":18566.080683366,"latency_ms":0.792}
{"alert_id":270,"customer_id":"customer_387","symbol":"LINEAUSDC","price":0.003581,"threshold":0.00358015,"direction":"above","ingested_at":18566.079891176,"emitted_at":18566.080701707,"latency_ms":0.811}
{"alert_id":271,"customer_id":"customer_337","symbol":"HOLOUSDT","price":0.0656,"threshold":0.06556409,"direction":"above","ingested_at":18566.079891176,"emitted_at":18566.080718186,"latency_ms":0.827}
{"alert_id":272,"customer_id":"customer_150","symbol":"BTCFDUSD","price":81364.62,"threshold":81368.80847462,"direction":"below","ingested_at":18566.079891176,"emitted_at":18566.080735056,"latency_ms":0.844}
{"alert_id":273,"customer_id":"customer_512","symbol":"PONDUSDT","price":0.00208,"threshold":0.00208637,"direction":"below","ingested_at":18566.079891176,"emitted_at":18566.080757655,"latency_ms":0.866}
{"alert_id":274,"customer_id":"customer_39","symbol":"ALLOTRY","price":5.33,"threshold":5.31520611,"direction":"above","ingested_at":18566.079891176,"emitted_at":18566.080782883,"latency_ms":0.892}
{"alert_id":275,"customer_id":"customer_943","symbol":"BONKUSDT","price":0.00000644,"threshold":0.00000643,"direction":"above","ingested_at":18566.079891176,"emitted_at":18566.080802652,"latency_ms":0.911}
{"alert_id":276,"customer_id":"customer_942","symbol":"BONKTRY","price":0.0002907,"threshold":0.00029074,"direction":"below","ingested_at":18566.079891176,"emitted_at":18566.080819269,"latency_ms":0.928}
{"alert_id":277,"customer_id":"customer_703","symbol":"USDCUSDT","price":0.99991,"threshold":0.9999066,"direction":"above","ingested_at":18566.079891176,"emitted_at":18566.080841308,"latency_ms":0.95}
{"alert_id":278,"customer_id":"customer_393","symbol":"LPTUSDT","price":2.169,"threshold":2.16821217,"direction":"above","ingested_at":18566.079891176,"emitted_at":18566.080867713,"latency_ms":0.977}
{"alert_id":279,"customer_id":"customer_654","symbol":"TIAUSDC","price":0.3587,"threshold":0.35911789,"direction":"below","ingested_at":18566.079891176,"emitted_at":18566.080894752,"latency_ms":1.004}
{"alert_id":280,"customer_id":"customer_717","symbol":"UUSDT","price":0.9999,"threshold":0.99983535,"direction":"above","ingested_at":18566.079891176,"emitted_at":18566.080917946,"latency_ms":1.027}
{"alert_id":281,"customer_id":"customer_274","symbol":"ETHTRY","price":107280.0,"threshold":107291.13265695,"direction":"below","ingested_at":18566.079891176,"emitted_at":18566.080962148,"latency_ms":1.071}
{"alert_id":282,"customer_id":"customer_710","symbol":"USDTTRY","price":45.2,"threshold":45.20406316,"direction":"below","ingested_at":18566.079891176,"emitted_at":18566.080980542,"latency_ms":1.089}
{"alert_id":283,"customer_id":"customer_569","symbol":"SCRUSDT","price":0.04729,"threshold":0.04724665,"direction":"above","ingested_at":18566.079891176,"emitted_at":18566.081018602,"latency_ms":1.127}
{"alert_id":284,"customer_id":"customer_980","symbol":"CHRUSDT","price":0.02784,"threshold":0.02792032,"direction":"below","ingested_at":18566.079891176,"emitted_at":18566.081044033,"latency_ms":1.153}
{"alert_id":285,"customer_id":"customer_494","symbol":"PENGUUSDC","price":0.011405,"threshold":0.01140725,"direction":"below","ingested_at":18566.079891176,"emitted_at":18566.081070384,"latency_ms":1.179}
{"alert_id":286,"customer_id":"customer_310","symbol":"GMTUSDT","price":0.01077,"threshold":0.01077496,"direction":"below","ingested_at":18566.079891176,"emitted_at":18566.081108872,"latency_ms":1.218}
{"alert_id":287,"customer_id":"customer_125","symbol":"BNBETH","price":0.2657,"threshold":0.26550299,"direction":"above","ingested_at":18567.082524586,"emitted_at":18567.083709688,"latency_ms":1.185}
{"alert_id":288,"customer_id":"customer_278","symbol":"ETHUSDT","price":2373.0,"threshold":2373.20956243,"direction":"below","ingested_at":18567.082524586,"emitted_at":18567.083887518,"latency_ms":1.363}
{"alert_id":289,"customer_id":"customer_673","symbol":"TRXETH","price":0.00014466,"threshold":0.0001446,"direction":"above","ingested_at":18567.082524586,"emitted_at":18567.083943502,"latency_ms":1.419}
{"alert_id":290,"customer_id":"customer_464","symbol":"ONDOTRY","price":14.36,"threshold":14.38697391,"direction":"below","ingested_at":18567.082524586,"emitted_at":18567.083967254,"latency_ms":1.443}
{"alert_id":291,"customer_id":"customer_14","symbol":"AAVEUSDT","price":93.25,"threshold":93.26295102,"direction":"below","ingested_at":18567.082524586,"emitted_at":18567.083995621,"latency_ms":1.471}
{"alert_id":292,"customer_id":"customer_611","symbol":"STOUSDC","price":0.0866,"threshold":0.08652885,"direction":"above","ingested_at":18567.082524586,"emitted_at":18567.084046427,"latency_ms":1.522}
{"alert_id":293,"customer_id":"customer_723","symbol":"VIRTUALTRY","price":36.32,"threshold":36.19874936,"direction":"above","ingested_at":18567.082524586,"emitted_at":18567.084069561,"latency_ms":1.545}
{"alert_id":294,"customer_id":"customer_123","symbol":"BNBBRL","price":3101.0,"threshold":3097.29823059,"direction":"above","ingested_at":18567.082524586,"emitted_at":18567.084101937,"latency_ms":1.577}
{"alert_id":295,"customer_id":"customer_498","symbol":"PEPETRY","price":0.00018404,"threshold":0.00018412,"direction":"below","ingested_at":18567.082524586,"emitted_at":18567.084139001,"latency_ms":1.614}
{"alert_id":296,"customer_id":"customer_424","symbol":"METUSDT","price":0.166,"threshold":0.16601632,"direction":"below","ingested_at":18567.082524586,"emitted_at":18567.084188466,"latency_ms":1.664}
{"alert_id":297,"customer_id":"customer_142","symbol":"BONKUSDT","price":0.00000643,"threshold":0.00000643,"direction":"below","ingested_at":18567.082524586,"emitted_at":18567.084209566,"latency_ms":1.685}
{"alert_id":298,"customer_id":"customer_58","symbol":"ARBUSDC","price":0.1189,"threshold":0.11893378,"direction":"below","ingested_at":18567.082524586,"emitted_at":18567.084240495,"latency_ms":1.716}
{"alert_id":299,"customer_id":"customer_859","symbol":"ARBUSDC","price":0.1189,"threshold":0.11884956,"direction":"above","ingested_at":18567.082524586,"emitted_at":18567.084259219,"latency_ms":1.735}
{"alert_id":300,"customer_id":"customer_156","symbol":"BTCU","price":81305.0,"threshold":81310.39153713,"direction":"below","ingested_at":18567.082524586,"emitted_at":18567.084307814,"latency_ms":1.783}
{"alert_id":301,"customer_id":"customer_933","symbol":"BNBUSD","price":630.71,"threshold":630.38406466,"direction":"above","ingested_at":18567.082524586,"emitted_at":18567.084342031,"latency_ms":1.817}
{"alert_id":302,"customer_id":"customer_375","symbol":"KAVAUSDT","price":0.06279,"threshold":0.06276373,"direction":"above","ingested_at":18567.082524586,"emitted_at":18567.084391525,"latency_ms":1.867}
{"alert_id":303,"customer_id":"customer_359","symbol":"IOUSDT","price":0.1179,"threshold":0.11774933,"direction":"above","ingested_at":18567.082524586,"emitted_at":18567.084416448,"latency_ms":1.892}
{"alert_id":304,"customer_id":"customer_415","symbol":"MBLUSDT","price":0.000931,"threshold":0.00093078,"direction":"above","ingested_at":18567.082524586,"emitted_at":18567.08445185,"latency_ms":1.927}
{"alert_id":305,"customer_id":"customer_244","symbol":"EIGENTRY","price":8.43,"threshold":8.43823226,"direction":"below","ingested_at":18567.082524586,"emitted_at":18567.084477241,"latency_ms":1.953}
{"alert_id":306,"customer_id":"customer_851","symbol":"APEUSDC","price":0.1645,"threshold":0.16355272,"direction":"above","ingested_at":18567.082524586,"emitted_at":18567.084505598,"latency_ms":1.981}
{"alert_id":307,"customer_id":"customer_917","symbol":"BIOUSDC","price":0.0525,"threshold":0.05239981,"direction":"above","ingested_at":18567.082524586,"emitted_at":18567.084573243,"latency_ms":2.049}
{"alert_id":308,"customer_id":"customer_834","symbol":"AIXBTUSDT","price":0.0344,"threshold":0.03440107,"direction":"below","ingested_at":18567.082524586,"emitted_at":18567.084597675,"latency_ms":2.073}
{"alert_id":309,"customer_id":"customer_563","symbol":"SANDUSDT","price":0.0742,"threshold":0.07417094,"direction":"above","ingested_at":18567.082524586,"emitted_at":18567.084620389,"latency_ms":2.096}
{"alert_id":310,"customer_id":"customer_577","symbol":"SHELLUSDT","price":0.0382,"threshold":0.03805808,"direction":"above","ingested_at":18567.082524586,"emitted_at":18567.084651187,"latency_ms":2.127}
{"alert_id":311,"customer_id":"customer_315","symbol":"GPSUSDT","price":0.008,"threshold":0.00799056,"direction":"above","ingested_at":18568.086339667,"emitted_at":18568.086858678,"latency_ms":0.519}
{"alert_id":312,"customer_id":"customer_258","symbol":"EPICUSDT","price":0.341,"threshold":0.34158989,"direction":"below","ingested_at":18568.086339667,"emitted_at":18568.086988715,"latency_ms":0.649}
{"alert_id":313,"customer_id":"customer_273","symbol":"ETHPLN","price":8617.0,"threshold":8616.52628874,"direction":"above","ingested_at":18568.086339667,"emitted_at":18568.087061326,"latency_ms":0.722}
{"alert_id":314,"customer_id":"customer_287","symbol":"FETTRY","price":9.74,"threshold":9.72537402,"direction":"above","ingested_at":18568.086339667,"emitted_at":18568.087084342,"latency_ms":0.745}
{"alert_id":315,"customer_id":"customer_327","symbol":"HEMITRY","price":0.3486,"threshold":0.34840535,"direction":"above","ingested_at":18568.086339667,"emitted_at":18568.087129755,"latency_ms":0.79}
{"alert_id":316,"customer_id":"customer_279","symbol":"EULUSDT","price":1.406,"threshold":1.40541549,"direction":"above","ingested_at":18568.086339667,"emitted_at":18568.08724259,"latency_ms":0.903}
{"alert_id":317,"customer_id":"customer_77","symbol":"ATUSDT","price":0.1702,"threshold":0.17015405,"direction":"above","ingested_at":18568.086339667,"emitted_at":18568.087274761,"latency_ms":0.935}
{"alert_id":318,"customer_id":"customer_119","symbol":"BLURUSDC","price":0.02802,"threshold":0.02798423,"direction":"above","ingested_at":18568.086339667,"emitted_at":18568.087303416,"latency_ms":0.964}
{"alert_id":319,"customer_id":"customer_920","symbol":"BLURUSDC","price":0.02802,"threshold":0.02803165,"direction":"below","ingested_at":18568.086339667,"emitted_at":18568.087316762,"latency_ms":0.977}
{"alert_id":320,"customer_id":"customer_143","symbol":"BREVUSDT","price":0.1194,"threshold":0.11938399,"direction":"above","ingested_at":18568.086339667,"emitted_at":18568.087333219,"latency_ms":0.994}
{"alert_id":321,"customer_id":"customer_514","symbol":"PORTALUSDT","price":0.01149,"threshold":0.01150148,"direction":"below","ingested_at":18568.086339667,"emitted_at":18568.087357476,"latency_ms":1.018}
{"alert_id":322,"customer_id":"customer_263","symbol":"ESPUSDC","price":0.07,"threshold":0.06995379,"direction":"above","ingested_at":18568.086339667,"emitted_at":18568.087376458,"latency_ms":1.037}
{"alert_id":323,"customer_id":"customer_551","symbol":"ROBOUSDT","price":0.02001,"threshold":0.02000343,"direction":"above","ingested_at":18568.086339667,"emitted_at":18568.087390951,"latency_ms":1.051}
{"alert_id":324,"customer_id":"customer_953","symbol":"BTCJPY","price":12827038.0,"threshold":12826432.83482979,"direction":"above","ingested_at":18568.086339667,"emitted_at":18568.087404794,"latency_ms":1.065}
{"alert_id":325,"customer_id":"customer_172","symbol":"CFGUSDC","price":0.2465,"threshold":0.24656501,"direction":"below","ingested_at":18568.086339667,"emitted_at":18568.087428945,"latency_ms":1.089}
{"alert_id":326,"customer_id":"customer_372","symbol":"KATTRY","price":0.4257,"threshold":0.42608921,"direction":"below","ingested_at":18568.086339667,"emitted_at":18568.087445015,"latency_ms":1.105}
{"alert_id":327,"customer_id":"customer_55","symbol":"APTUSDC","price":0.967,"threshold":0.96674226,"direction":"above","ingested_at":18568.086339667,"emitted_at":18568.087492608,"latency_ms":1.153}
{"alert_id":328,"customer_id":"customer_864","symbol":"ARPAUSDT","price":0.01027,"threshold":0.0102849,"direction":"below","ingested_at":18568.086339667,"emitted_at":18568.087513093,"latency_ms":1.173}
{"alert_id":329,"customer_id":"customer_329","symbol":"HIGHTRY","price":9.5,"threshold":9.48662796,"direction":"above","ingested_at":18568.086339667,"emitted_at":18568.087529147,"latency_ms":1.189}
{"alert_id":330,"customer_id":"customer_883","symbol":"AVAXBRL","price":46.2,"threshold":46.14455794,"direction":"above","ingested_at":18568.086339667,"emitted_at":18568.087544965,"latency_ms":1.205}
{"alert_id":331,"customer_id":"customer_167","symbol":"CATIUSDT","price":0.0602,"threshold":0.06016676,"direction":"above","ingested_at":18568.086339667,"emitted_at":18568.087565843,"latency_ms":1.226}
{"alert_id":332,"customer_id":"customer_243","symbol":"EIGENFDUSD","price":0.1869,"threshold":0.18685269,"direction":"above","ingested_at":18568.086339667,"emitted_at":18568.087580811,"latency_ms":1.241}
{"alert_id":333,"customer_id":"customer_245","symbol":"EIGENUSDC","price":0.1868,"threshold":0.18666956,"direction":"above","ingested_at":18568.086339667,"emitted_at":18568.087600298,"latency_ms":1.261}
{"alert_id":334,"customer_id":"customer_475","symbol":"ORCATRY","price":76.3,"threshold":76.16044315,"direction":"above","ingested_at":18568.086339667,"emitted_at":18568.0876148,"latency_ms":1.275}
{"alert_id":335,"customer_id":"customer_689","symbol":"UMATRY","price":21.23,"threshold":21.21706166,"direction":"above","ingested_at":18568.086339667,"emitted_at":18568.087641711,"latency_ms":1.302}
{"alert_id":336,"customer_id":"customer_531","symbol":"REDUSDC","price":0.1434,"threshold":0.14296444,"direction":"above","ingested_at":18569.128471358,"emitted_at":18569.129504627,"latency_ms":1.033}
{"alert_id":337,"customer_id":"customer_209","symbol":"DIAUSDT","price":0.1913,"threshold":0.19116157,"direction":"above","ingested_at":18569.128471358,"emitted_at":18569.129703931,"latency_ms":1.233}
{"alert_id":338,"customer_id":"customer_342","symbol":"HYPERUSDT","price":0.1121,"threshold":0.11214055,"direction":"below","ingested_at":18569.128471358,"emitted_at":18569.129784333,"latency_ms":1.313}
{"alert_id":339,"customer_id":"customer_253","symbol":"ENJUSDC","price":0.04976,"threshold":0.04974847,"direction":"above","ingested_at":18569.128471358,"emitted_at":18569.129829023,"latency_ms":1.358}
{"alert_id":340,"customer_id":"customer_696","symbol":"USD1USDT","price":0.9999,"threshold":0.99994934,"direction":"below","ingested_at":18569.128471358,"emitted_at":18569.129868968,"latency_ms":1.398}
{"alert_id":341,"customer_id":"customer_969","symbol":"CELOUSDT","price":0.08957,"threshold":0.08954027,"direction":"above","ingested_at":18569.128471358,"emitted_at":18569.129914207,"latency_ms":1.443}
{"alert_id":342,"customer_id":"customer_165","symbol":"CAKEUSDT","price":1.514,"threshold":1.51355671,"direction":"above","ingested_at":18569.128471358,"emitted_at":18569.129957519,"latency_ms":1.486}
{"alert_id":343,"customer_id":"customer_73","symbol":"ATOMFDUSD","price":1.849,"threshold":1.84633755,"direction":"above","ingested_at":18569.128471358,"emitted_at":18569.129994004,"latency_ms":1.523}
{"alert_id":344,"customer_id":"customer_456","symbol":"NOMTRY","price":0.111,"threshold":0.11133044,"direction":"below","ingested_at":18569.128471358,"emitted_at":18569.130035459,"latency_ms":1.564}
{"alert_id":345,"customer_id":"customer_913","symbol":"BEAMXUSDT","price":0.00195,"threshold":0.00194893,"direction":"above","ingested_at":18569.128471358,"emitted_at":18569.131274373,"latency_ms":2.803}
{"alert_id":346,"customer_id":"customer_921","symbol":"BLURUSDT","price":0.02805,"threshold":0.02803626,"direction":"above","ingested_at":18569.128471358,"emitted_at":18569.131340415,"latency_ms":2.869}
{"alert_id":347,"customer_id":"customer_919","symbol":"BLURTRY","price":1.268,"threshold":1.2650833,"direction":"above","ingested_at":18569.128471358,"emitted_at":18569.131381097,"latency_ms":2.91}
{"alert_id":348,"customer_id":"customer_567","symbol":"SAPIENUSDC","price":0.1001,"threshold":0.09962369,"direction":"above","ingested_at":18569.128471358,"emitted_at":18569.131410877,"latency_ms":2.94}
{"alert_id":349,"customer_id":"customer_837","symbol":"ALGOUSDC","price":0.1167,"threshold":0.11658699,"direction":"above","ingested_at":18569.128471358,"emitted_at":18569.131472021,"latency_ms":3.001}
{"alert_id":350,"customer_id":"customer_974","symbol":"CFGUSDT","price":0.2462,"threshold":0.24648966,"direction":"below","ingested_at":18569.128471358,"emitted_at":18569.131496465,"latency_ms":3.025}
{"alert_id":351,"customer_id":"customer_856","symbol":"APTUSDC","price":0.966,"threshold":0.9669524,"direction":"below","ingested_at":18569.128471358,"emitted_at":18569.131527129,"latency_ms":3.056}
{"alert_id":352,"customer_id":"customer_401","symbol":"LUMIAUSDT","price":0.1381,"threshold":0.13800638,"direction":"above","ingested_at":18569.128471358,"emitted_at":18569.131568111,"latency_ms":3.097}
{"alert_id":353,"customer_id":"customer_193","symbol":"COWUSDT","price":0.1898,"threshold":0.18978487,"direction":"above","ingested_at":18569.128471358,"emitted_at":18569.131584902,"latency_ms":3.114}
{"alert_id":354,"customer_id":"customer_208","symbol":"DGBUSDT","price":0.00389,"threshold":0.00389392,"direction":"below","ingested_at":18569.128471358,"emitted_at":18569.131604633,"latency_ms":3.133}
{"alert_id":355,"customer_id":"customer_83","symbol":"AVAXBTC","price":0.0001154,"threshold":0.00011536,"direction":"above","ingested_at":18570.112437999,"emitted_at":18570.113059551,"latency_ms":0.622}
{"alert_id":356,"customer_id":"customer_703","symbol":"USDCUSDT","price":0.99991,"threshold":0.9999066,"direction":"above","ingested_at":18570.112437999,"emitted_at":18570.113294897,"latency_ms":0.857}
{"alert_id":357,"customer_id":"customer_237","symbol":"DYMTRY","price":0.896,"threshold":0.89537221,"direction":"above","ingested_at":18570.112437999,"emitted_at":18570.113354195,"latency_ms":0.916}
{"alert_id":358,"customer_id":"customer_589","symbol":"SOLETH","price":0.03596,"threshold":0.03595383,"direction":"above","ingested_at":18570.112437999,"emitted_at":18570.113410957,"latency_ms":0.973}
{"alert_id":359,"customer_id":"customer_536","symbol":"RENDERTRY","price":85.4,"threshold":85.52259465,"direction":"below","ingested_at":18570.112437999,"emitted_at":18570.113433635,"latency_ms":0.996}
{"alert_id":360,"customer_id":"customer_585","symbol":"SNXUSDT","price":0.321,"threshold":0.3203908,"direction":"above","ingested_at":18570.112437999,"emitted_at":18570.113470557,"latency_ms":1.033}
{"alert_id":361,"customer_id":"customer_918","symbol":"BIOUSDT","price":0.0524,"threshold":0.0524476,"direction":"below","ingested_at":18570.112437999,"emitted_at":18570.113496489,"latency_ms":1.058}
{"alert_id":362,"customer_id":"customer_70","symbol":"ASTRUSDT","price":0.008611,"threshold":0.00861173,"direction":"below","ingested_at":18570.112437999,"emitted_at":18570.113528,"latency_ms":1.09}
{"alert_id":363,"customer_id":"customer_484","symbol":"PARTIUSDC","price":0.0512,"threshold":0.05127687,"direction":"below","ingested_at":18571.0867701,"emitted_at":18571.087347467,"latency_ms":0.577}
{"alert_id":364,"customer_id":"customer_482","symbol":"PARTIBNB","price":0.00008117,"threshold":0.00008121,"direction":"below","ingested_at":18571.0867701,"emitted_at":18571.087512801,"latency_ms":0.743}
{"alert_id":365,"customer_id":"customer_481","symbol":"OSMOUSDT","price":0.0315,"threshold":0.03144205,"direction":"above","ingested_at":18571.0867701,"emitted_at":18571.08757594,"latency_ms":0.806}
{"alert_id":366,"customer_id":"customer_604","symbol":"SPKUSDT","price":0.036175,"threshold":0.03618811,"direction":"below","ingested_at":18571.0867701,"emitted_at":18571.087604495,"latency_ms":0.834}
{"alert_id":367,"customer_id":"customer_426","symbol":"MINAUSDC","price":0.0627,"threshold":0.06274372,"direction":"below","ingested_at":18571.0867701,"emitted_at":18571.087667948,"latency_ms":0.898}
{"alert_id":368,"customer_id":"customer_791","symbol":"ZKPUSDT","price":0.0859,"threshold":0.0858269,"direction":"above","ingested_at":18571.0867701,"emitted_at":18571.087756044,"latency_ms":0.986}
{"alert_id":369,"customer_id":"customer_442","symbol":"NEIROTRY","price":0.00454,"threshold":0.00454826,"direction":"below","ingested_at":18571.0867701,"emitted_at":18571.087822758,"latency_ms":1.053}
{"alert_id":370,"customer_id":"customer_179","symbol":"CHRUSDT","price":0.02791,"threshold":0.02787962,"direction":"above","ingested_at":18571.0867701,"emitted_at":18571.087849903,"latency_ms":1.08}
{"alert_id":371,"customer_id":"customer_993","symbol":"COWUSDC","price":0.1901,"threshold":0.18989884,"direction":"above","ingested_at":18571.0867701,"emitted_at":18571.087874754,"latency_ms":1.105}
{"alert_id":372,"customer_id":"customer_803","symbol":"1000CATUSDT","price":0.00207,"threshold":0.00206587,"direction":"above","ingested_at":18571.0867701,"emitted_at":18571.087900588,"latency_ms":1.13}
{"alert_id":373,"customer_id":"customer_162","symbol":"BTTCUSDT","price":0.00000032,"threshold":0.00000033,"direction":"below","ingested_at":18571.0867701,"emitted_at":18571.087927964,"latency_ms":1.158}
{"alert_id":374,"customer_id":"customer_963","symbol":"BTTCUSDT","price":0.00000032,"threshold":0.00000032,"direction":"above","ingested_at":18571.0867701,"emitted_at":18571.087947261,"latency_ms":1.177}
{"alert_id":375,"customer_id":"customer_853","symbol":"API3TRY","price":16.76,"threshold":16.75251581,"direction":"above","ingested_at":18571.0867701,"emitted_at":18571.087974483,"latency_ms":1.204}
{"alert_id":376,"customer_id":"customer_623","symbol":"SUITRY","price":43.5,"threshold":43.42410923,"direction":"above","ingested_at":18572.097096389,"emitted_at":18572.097471827,"latency_ms":0.375}
{"alert_id":377,"customer_id":"customer_306","symbol":"GIGGLEUSDC","price":35.03,"threshold":35.11083458,"direction":"below","ingested_at":18572.097096389,"emitted_at":18572.097666223,"latency_ms":0.57}
{"alert_id":378,"customer_id":"customer_703","symbol":"USDCUSDT","price":0.99991,"threshold":0.9999066,"direction":"above","ingested_at":18572.097096389,"emitted_at":18572.097715923,"latency_ms":0.62}
{"alert_id":379,"customer_id":"customer_191","symbol":"COTIUSDT","price":0.01405,"threshold":0.01403674,"direction":"above","ingested_at":18572.097096389,"emitted_at":18572.0977846,"latency_ms":0.688}
{"alert_id":380,"customer_id":"customer_447","symbol":"NEWTUSDT","price":0.0755,"threshold":0.07543989,"direction":"above","ingested_at":18573.081560826,"emitted_at":18573.082063194,"latency_ms":0.502}
{"alert_id":381,"customer_id":"customer_1000","symbol":"CUSDC","price":0.0807,"threshold":0.08073526,"direction":"below","ingested_at":18573.081560826,"emitted_at":18573.08224719,"latency_ms":0.686}
{"alert_id":382,"customer_id":"customer_998","symbol":"CTRY","price":3.649,"threshold":3.65370947,"direction":"below","ingested_at":18573.081560826,"emitted_at":18573.082282261,"latency_ms":0.721}
{"alert_id":383,"customer_id":"customer_16","symbol":"ACEUSDT","price":0.126,"threshold":0.12710281,"direction":"below","ingested_at":18573.081560826,"emitted_at":18573.082335598,"latency_ms":0.775}
{"alert_id":384,"customer_id":"customer_970","symbol":"CELRUSDT","price":0.002753,"threshold":0.00275339,"direction":"below","ingested_at":18573.081560826,"emitted_at":18573.082537637,"latency_ms":0.977}
{"alert_id":385,"customer_id":"customer_746","symbol":"XAUTUSDC","price":4550.28,"threshold":4550.43216356,"direction":"below","ingested_at":18573.081560826,"emitted_at":18573.082573968,"latency_ms":1.013}
{"alert_id":386,"customer_id":"customer_418","symbol":"MEGAUSDT","price":0.12622,"threshold":0.1262584,"direction":"below","ingested_at":18573.081560826,"emitted_at":18573.082605008,"latency_ms":1.044}
{"alert_id":387,"customer_id":"customer_643","symbol":"TAOTRY","price":12945.0,"threshold":12895.47988949,"direction":"above","ingested_at":18573.081560826,"emitted_at":18573.082630738,"latency_ms":1.07}
{"alert_id":388,"customer_id":"customer_370","symbol":"KAITOTRY","price":21.997,"threshold":22.06372918,"direction":"below","ingested_at":18573.081560826,"emitted_at":18573.082707614,"latency_ms":1.147}
{"alert_id":389,"customer_id":"customer_49","symbol":"APETRY","price":7.44,"threshold":7.38668578,"direction":"above","ingested_at":18574.094945507,"emitted_at":18574.095518737,"latency_ms":0.573}
{"alert_id":390,"customer_id":"customer_607","symbol":"STEEMUSDT","price":0.06017,"threshold":0.06009834,"direction":"above","ingested_at":18574.094945507,"emitted_at":18574.095719891,"latency_ms":0.774}
{"alert_id":391,"customer_id":"customer_815","symbol":"AAVEUSDT","price":93.28,"threshold":93.27332774,"direction":"above","ingested_at":18574.094945507,"emitted_at":18574.095777724,"latency_ms":0.832}
{"alert_id":392,"customer_id":"customer_199","symbol":"CUSDC","price":0.0808,"threshold":0.08077792,"direction":"above","ingested_at":18574.094945507,"emitted_at":18574.095822515,"latency_ms":0.877}
{"alert_id":393,"customer_id":"customer_492","symbol":"PENDLEUSDT","price":1.989,"threshold":1.98917279,"direction":"below","ingested_at":18574.094945507,"emitted_at":18574.095861408,"latency_ms":0.916}
{"alert_id":394,"customer_id":"customer_722","symbol":"VETUSDT","price":0.007297,"threshold":0.00729862,"direction":"below","ingested_at":18574.094945507,"emitted_at":18574.095899085,"latency_ms":0.954}
{"alert_id":395,"customer_id":"customer_141","symbol":"BONKTRY","price":0.0002909,"threshold":0.00029077,"direction":"above","ingested_at":18574.094945507,"emitted_at":18574.095928065,"latency_ms":0.983}
{"alert_id":396,"customer_id":"customer_151","symbol":"BTCIDR","price":1415040746.0,"threshold":1414298044.0669005,"direction":"above","ingested_at":18574.094945507,"emitted_at":18574.095982347,"latency_ms":1.037}
{"alert_id":397,"customer_id":"customer_744","symbol":"XAIUSDT","price":0.01103,"threshold":0.01103347,"direction":"below","ingested_at":18574.094945507,"emitted_at":18574.096039875,"latency_ms":1.094}
{"alert_id":398,"customer_id":"customer_203","symbol":"DASHTRY","price":2085.0,"threshold":2084.72978041,"direction":"above","ingested_at":18574.094945507,"emitted_at":18574.096075359,"latency_ms":1.13}
{"alert_id":399,"customer_id":"customer_579","symbol":"SHIBTRY","price":0.0002834,"threshold":0.00028318,"direction":"above","ingested_at":18574.094945507,"emitted_at":18574.096102037,"latency_ms":1.157}
{"alert_id":400,"customer_id":"customer_205","symbol":"DASHUSDT","price":46.14,"threshold":46.13706749,"direction":"above","ingested_at":18574.094945507,"emitted_at":18574.096135515,"latency_ms":1.19}
{"alert_id":401,"customer_id":"customer_490","symbol":"PENDLETRY","price":89.9,"threshold":89.93422307,"direction":"below","ingested_at":18574.094945507,"emitted_at":18574.09617224,"latency_ms":1.227}
{"alert_id":402,"customer_id":"customer_949","symbol":"BTCEUR","price":69503.52,"threshold":69500.36222105,"direction":"above","ingested_at":18574.094945507,"emitted_at":18574.096236633,"latency_ms":1.291}
{"alert_id":403,"customer_id":"customer_495","symbol":"PENGUUSDT","price":0.011415,"threshold":0.01141306,"direction":"above","ingested_at":18574.094945507,"emitted_at":18574.09628933,"latency_ms":1.344}
{"alert_id":404,"customer_id":"customer_962","symbol":"BTTCTRY","price":0.00001465,"threshold":0.00001466,"direction":"below","ingested_at":18574.094945507,"emitted_at":18574.096316953,"latency_ms":1.371}
{"alert_id":405,"customer_id":"customer_665","symbol":"TRBUSDT","price":19.8,"threshold":19.79456399,"direction":"above","ingested_at":18574.094945507,"emitted_at":18574.096344752,"latency_ms":1.399}
{"alert_id":406,"customer_id":"customer_966","symbol":"CAKEUSDT","price":1.513,"threshold":1.51369219,"direction":"below","ingested_at":18575.082337247,"emitted_at":18575.082565813,"latency_ms":0.229}
{"alert_id":407,"customer_id":"customer_653","symbol":"TIATRY","price":16.23,"threshold":16.22812637,"direction":"above","ingested_at":18575.082337247,"emitted_at":18575.082645663,"latency_ms":0.308}
{"alert_id":408,"customer_id":"customer_642","symbol":"TAOJPY","price":45003.0,"threshold":45155.66326622,"direction":"below","ingested_at":18575.082337247,"emitted_at":18575.082682128,"latency_ms":0.345}
{"alert_id":409,"customer_id":"customer_24","symbol":"ADAJPY","price":40.49,"threshold":40.49261226,"direction":"below","ingested_at":18575.082337247,"emitted_at":18575.082701235,"latency_ms":0.364}
{"alert_id":410,"customer_id":"customer_825","symbol":"ADAJPY","price":40.49,"threshold":40.48533483,"direction":"above","ingested_at":18575.082337247,"emitted_at":18575.082707459,"latency_ms":0.37}
{"alert_id":411,"customer_id":"customer_703","symbol":"USDCUSDT","price":0.99991,"threshold":0.9999066,"direction":"above","ingested_at":18576.083258011,"emitted_at":18576.083865332,"latency_ms":0.607}
{"alert_id":412,"customer_id":"customer_156","symbol":"BTCU","price":81309.0,"threshold":81310.39153713,"direction":"below","ingested_at":18576.083258011,"emitted_at":18576.084125835,"latency_ms":0.868}
{"alert_id":413,"customer_id":"customer_416","symbol":"MEGATRY","price":5.702,"threshold":5.70322177,"direction":"below","ingested_at":18576.083258011,"emitted_at":18576.084201494,"latency_ms":0.943}
{"alert_id":414,"customer_id":"customer_639","symbol":"TAOBTC","price":0.003522,"threshold":0.00351328,"direction":"above","ingested_at":18576.083258011,"emitted_at":18576.084237633,"latency_ms":0.98}
{"alert_id":415,"customer_id":"customer_523","symbol":"QIUSDT","price":0.00176,"threshold":0.00174408,"direction":"above","ingested_at":18576.083258011,"emitted_at":18576.084298457,"latency_ms":1.04}
{"alert_id":416,"customer_id":"customer_812","symbol":"AAVEBTC","price":0.001148,"threshold":0.00114869,"direction":"below","ingested_at":18577.081116762,"emitted_at":18577.081804961,"latency_ms":0.688}
{"alert_id":417,"customer_id":"customer_380","symbol":"KMNOUSDC","price":0.0203,"threshold":0.02030313,"direction":"below","ingested_at":18577.081116762,"emitted_at":18577.082022724,"latency_ms":0.906}
{"alert_id":418,"customer_id":"customer_600","symbol":"SOPHUSDT","price":0.00868,"threshold":0.00868248,"direction":"below","ingested_at":18577.081116762,"emitted_at":18577.082076579,"latency_ms":0.96}
{"alert_id":419,"customer_id":"customer_947","symbol":"BTCARS","price":121036830.0,"threshold":120833137.24558043,"direction":"above","ingested_at":18577.081116762,"emitted_at":18577.08212771,"latency_ms":1.011}
{"alert_id":420,"customer_id":"customer_702","symbol":"USDCUSD","price":0.9996,"threshold":0.99963098,"direction":"below","ingested_at":18577.081116762,"emitted_at":18577.082202454,"latency_ms":1.086}
{"alert_id":421,"customer_id":"customer_271","symbol":"ETHFIUSDT","price":0.426,"threshold":0.42567944,"direction":"above","ingested_at":18577.081116762,"emitted_at":18577.082283535,"latency_ms":1.167}
{"alert_id":422,"customer_id":"customer_304","symbol":"GALAUSDT","price":0.0033,"threshold":0.00330697,"direction":"below","ingested_at":18577.081116762,"emitted_at":18577.08232325,"latency_ms":1.206}
{"alert_id":423,"customer_id":"customer_971","symbol":"CETUSUSDT","price":0.02861,"threshold":0.02860579,"direction":"above","ingested_at":18577.081116762,"emitted_at":18577.082386254,"latency_ms":1.269}
{"alert_id":424,"customer_id":"customer_2","symbol":"1000CATUSDT","price":0.00206,"threshold":0.00206454,"direction":"below","ingested_at":18577.081116762,"emitted_at":18577.082433112,"latency_ms":1.316}
{"alert_id":425,"customer_id":"customer_804","symbol":"1000CHEEMSUSDT","price":0.000638,"threshold":0.00063837,"direction":"below","ingested_at":18577.081116762,"emitted_at":18577.082481631,"latency_ms":1.365}
{"alert_id":426,"customer_id":"customer_500","symbol":"PEPEUSDT","price":0.00000407,"threshold":0.00000407,"direction":"below","ingested_at":18578.084238609,"emitted_at":18578.084856603,"latency_ms":0.618}
{"alert_id":427,"customer_id":"customer_386","symbol":"LINEATRY","price":0.1616,"threshold":0.16168438,"direction":"below","ingested_at":18578.084238609,"emitted_at":18578.085080302,"latency_ms":0.842}
{"alert_id":428,"customer_id":"customer_127","symbol":"BNBFDUSD","price":631.1,"threshold":630.79368697,"direction":"above","ingested_at":18578.084238609,"emitted_at":18578.085166003,"latency_ms":0.927}
{"alert_id":429,"customer_id":"customer_752","symbol":"XLMUSDT","price":0.1585,"threshold":0.15855272,"direction":"below","ingested_at":18578.084238609,"emitted_at":18578.085201012,"latency_ms":0.962}
{"alert_id":430,"customer_id":"customer_867","symbol":"ASTERTRY","price":30.57,"threshold":30.53262066,"direction":"above","ingested_at":18578.084238609,"emitted_at":18578.085225856,"latency_ms":0.987}
{"alert_id":431,"customer_id":"customer_218","symbol":"DOGEUSDT","price":0.11209,"threshold":0.11209172,"direction":"below","ingested_at":18578.084238609,"emitted_at":18578.085297684,"latency_ms":1.059}
{"alert_id":432,"customer_id":"customer_539","symbol":"REQUSDT","price":0.0703,"threshold":0.07020507,"direction":"above","ingested_at":18578.084238609,"emitted_at":18578.085327932,"latency_ms":1.089}
{"alert_id":433,"customer_id":"customer_250","symbol":"ENAUSDC","price":0.1113,"threshold":0.11136049,"direction":"below","ingested_at":18578.084238609,"emitted_at":18578.085353157,"latency_ms":1.115}
{"alert_id":434,"customer_id":"customer_710","symbol":"USDTTRY","price":45.2,"threshold":45.20406316,"direction":"below","ingested_at":18578.084238609,"emitted_at":18578.085380928,"latency_ms":1.142}
{"alert_id":435,"customer_id":"customer_136","symbol":"BNSOLUSDT","price":94.8,"threshold":94.8532019,"direction":"below","ingested_at":18578.084238609,"emitted_at":18578.085423608,"latency_ms":1.185}
{"alert_id":436,"customer_id":"customer_601","symbol":"SPELLUSDT","price":0.0001694,"threshold":0.00016935,"direction":"above","ingested_at":18578.084238609,"emitted_at":18578.085467298,"latency_ms":1.229}
{"alert_id":437,"customer_id":"customer_915","symbol":"BERATRY","price":17.06,"threshold":17.05529878,"direction":"above","ingested_at":18578.084238609,"emitted_at":18578.085499862,"latency_ms":1.261}
{"alert_id":438,"customer_id":"customer_267","symbol":"ETHBTC","price":0.0292,"threshold":0.02919584,"direction":"above","ingested_at":18578.084238609,"emitted_at":18578.085546575,"latency_ms":1.308}
{"alert_id":439,"customer_id":"customer_561","symbol":"SAHARAUSDT","price":0.02507,"threshold":0.02505647,"direction":"above","ingested_at":18579.082357761,"emitted_at":18579.082991448,"latency_ms":0.634}
{"alert_id":440,"customer_id":"customer_802","symbol":"0GUSDT","price":0.537,"threshold":0.53753189,"direction":"below","ingested_at":18579.082357761,"emitted_at":18579.083209793,"latency_ms":0.852}
{"alert_id":441,"customer_id":"customer_503","symbol":"PIVXUSDT","price":0.0735,"threshold":0.07334129,"direction":"above","ingested_at":18579.082357761,"emitted_at":18579.083263796,"latency_ms":0.906}
{"alert_id":442,"customer_id":"customer_702","symbol":"USDCUSD","price":0.9996,"threshold":0.99963098,"direction":"below","ingested_at":18579.082357761,"emitted_at":18579.083304435,"latency_ms":0.947}
{"alert_id":443,"customer_id":"customer_703","symbol":"USDCUSDT","price":0.99991,"threshold":0.9999066,"direction":"above","ingested_at":18579.082357761,"emitted_at":18579.083339948,"latency_ms":0.982}
{"alert_id":444,"customer_id":"customer_55","symbol":"APTUSDC","price":0.967,"threshold":0.96674226,"direction":"above","ingested_at":18579.082357761,"emitted_at":18579.083398408,"latency_ms":1.041}
{"alert_id":445,"customer_id":"customer_415","symbol":"MBLUSDT","price":0.000931,"threshold":0.00093078,"direction":"above","ingested_at":18579.082357761,"emitted_at":18579.083448455,"latency_ms":1.091}
{"alert_id":446,"customer_id":"customer_495","symbol":"PENGUUSDT","price":0.011414,"threshold":0.01141306,"direction":"above","ingested_at":18579.082357761,"emitted_at":18579.083486703,"latency_ms":1.129}
{"alert_id":447,"customer_id":"customer_518","symbol":"PSGUSDT","price":0.76,"threshold":0.76069077,"direction":"below","ingested_at":18580.084412466,"emitted_at":18580.084841323,"latency_ms":0.429}
{"alert_id":448,"customer_id":"customer_872","symbol":"ATMUSDT","price":1.092,"threshold":1.0927354,"direction":"below","ingested_at":18580.084412466,"emitted_at":18580.085061343,"latency_ms":0.649}
{"alert_id":449,"customer_id":"customer_707","symbol":"USDTIDR","price":17383.0,"threshold":17382.00407024,"direction":"above","ingested_at":18580.084412466,"emitted_at":18580.085150977,"latency_ms":0.739}
{"alert_id":450,"customer_id":"customer_156","symbol":"BTCU","price":81309.0,"threshold":81310.39153713,"direction":"below","ingested_at":18580.084412466,"emitted_at":18580.085187327,"latency_ms":0.775}
{"alert_id":451,"customer_id":"customer_106","symbol":"BBUSDC","price":0.0328,"threshold":0.03287553,"direction":"below","ingested_at":18580.084412466,"emitted_at":18580.085229755,"latency_ms":0.817}
{"alert_id":452,"customer_id":"customer_901","symbol":"BANANAS31USDT","price":0.011285,"threshold":0.01126995,"direction":"above","ingested_at":18581.085133078,"emitted_at":18581.085481951,"latency_ms":0.349}
{"alert_id":453,"customer_id":"customer_385","symbol":"LDOUSDT","price":0.3739,"threshold":0.37388656,"direction":"above","ingested_at":18581.085133078,"emitted_at":18581.085603589,"latency_ms":0.471}
{"alert_id":454,"customer_id":"customer_860","symbol":"ARBUSDT","price":0.1189,"threshold":0.1189305,"direction":"below","ingested_at":18581.085133078,"emitted_at":18581.085639104,"latency_ms":0.506}
{"alert_id":455,"customer_id":"customer_38","symbol":"ALICEUSDT","price":0.1502,"threshold":0.15023932,"direction":"below","ingested_at":18581.085133078,"emitted_at":18581.085669473,"latency_ms":0.536}
{"alert_id":456,"customer_id":"customer_120","symbol":"BLURUSDT","price":0.02802,"threshold":0.0280433,"direction":"below","ingested_at":18581.085133078,"emitted_at":18581.085685641,"latency_ms":0.553}
{"alert_id":457,"customer_id":"customer_720","symbol":"VANRYUSDT","price":0.005283,"threshold":0.00528395,"direction":"below","ingested_at":18581.085133078,"emitted_at":18581.085699376,"latency_ms":0.566}
{"alert_id":458,"customer_id":"customer_157","symbol":"BTCUSD","price":81290.49,"threshold":81271.08555133,"direction":"above","ingested_at":18581.085133078,"emitted_at":18581.085721369,"latency_ms":0.588}
{"alert_id":459,"customer_id":"customer_785","symbol":"ZECUSDT","price":433.87,"threshold":433.80884314,"direction":"above","ingested_at":18581.085133078,"emitted_at":18581.08574349,"latency_ms":0.61}
{"alert_id":460,"customer_id":"customer_801","symbol":"币安人生USDT","price":0.3747,"threshold":0.37444212,"direction":"above","ingested_at":18581.085133078,"emitted_at":18581.08575902,"latency_ms":0.626}
{"alert_id":461,"customer_id":"customer_957","symbol":"BTCU","price":81336.61,"threshold":81325.77280679,"direction":"above","ingested_at":18581.085133078,"emitted_at":18581.085780409,"latency_ms":0.647}
{"alert_id":462,"customer_id":"customer_30","symbol":"AEVOTRY","price":1.25,"threshold":1.25703236,"direction":"below","ingested_at":18581.085133078,"emitted_at":18581.085798714,"latency_ms":0.666}
{"alert_id":463,"customer_id":"customer_491","symbol":"PENDLEUSDC","price":1.992,"threshold":1.98939236,"direction":"above","ingested_at":18581.085133078,"emitted_at":18581.085820672,"latency_ms":0.688}
{"alert_id":464,"customer_id":"customer_949","symbol":"BTCEUR","price":69515.04,"threshold":69500.36222105,"direction":"above","ingested_at":18581.085133078,"emitted_at":18581.085849437,"latency_ms":0.716}
{"alert_id":465,"customer_id":"customer_415","symbol":"MBLUSDT","price":0.000931,"threshold":0.00093078,"direction":"above","ingested_at":18581.085133078,"emitted_at":18581.085867854,"latency_ms":0.735}
{"alert_id":466,"customer_id":"customer_495","symbol":"PENGUUSDT","price":0.011415,"threshold":0.01141306,"direction":"above","ingested_at":18581.085133078,"emitted_at":18581.085895731,"latency_ms":0.763}
{"alert_id":467,"customer_id":"customer_636","symbol":"SYRUPUSDC","price":0.2553,"threshold":0.25544556,"direction":"below","ingested_at":18582.09386137,"emitted_at":18582.094022156,"latency_ms":0.161}
{"alert_id":468,"customer_id":"customer_749","symbol":"XLMEUR","price":0.1359,"threshold":0.13570031,"direction":"above","ingested_at":18582.09386137,"emitted_at":18582.094096483,"latency_ms":0.235}
{"alert_id":469,"customer_id":"customer_755","symbol":"XPLUSDT","price":0.0932,"threshold":0.09319217,"direction":"above","ingested_at":18582.09386137,"emitted_at":18582.094127916,"latency_ms":0.267}
{"alert_id":470,"customer_id":"customer_277","symbol":"ETHUSDC","price":2374.24,"threshold":2374.10172001,"direction":"above","ingested_at":18582.09386137,"emitted_at":18582.094142438,"latency_ms":0.281}
{"alert_id":471,"customer_id":"customer_353","symbol":"INJUSDC","price":3.76,"threshold":3.7571546,"direction":"above","ingested_at":18582.09386137,"emitted_at":18582.094150453,"latency_ms":0.289}
{"alert_id":472,"customer_id":"customer_789","symbol":"ZKPTRY","price":3.877,"threshold":3.8765365,"direction":"above","ingested_at":18582.09386137,"emitted_at":18582.094161824,"latency_ms":0.3}
{"alert_id":473,"customer_id":"customer_205","symbol":"DASHUSDT","price":46.14,"threshold":46.13706749,"direction":"above","ingested_at":18582.09386137,"emitted_at":18582.09416794,"latency_ms":0.307}
{"alert_id":474,"customer_id":"customer_217","symbol":"DOGEUSDC","price":0.11216,"threshold":0.11215355,"direction":"above","ingested_at":18582.09386137,"emitted_at":18582.094177168,"latency_ms":0.316}
{"alert_id":475,"customer_id":"customer_357","symbol":"IOTRY","price":5.331,"threshold":5.32616496,"direction":"above","ingested_at":18582.09386137,"emitted_at":18582.094189971,"latency_ms":0.329}
{"alert_id":476,"customer_id":"customer_927","symbol":"BNBEUR","price":539.01,"threshold":538.86670069,"direction":"above","ingested_at":18582.09386137,"emitted_at":18582.094198163,"latency_ms":0.337}
{"alert_id":477,"customer_id":"customer_362","symbol":"JOEUSDT","price":0.0472,"threshold":0.04727532,"direction":"below","ingested_at":18582.09386137,"emitted_at":18582.094207409,"latency_ms":0.346}
{"alert_id":478,"customer_id":"customer_879","symbol":"AUDIOTRY","price":0.9202,"threshold":0.91958503,"direction":"above","ingested_at":18583.082550162,"emitted_at":18583.08298446,"latency_ms":0.434}
{"alert_id":479,"customer_id":"customer_1","symbol":"0GUSDT","price":0.538,"threshold":0.53741357,"direction":"above","ingested_at":18583.082550162,"emitted_at":18583.083230964,"latency_ms":0.681}
{"alert_id":480,"customer_id":"customer_702","symbol":"USDCUSD","price":0.9996,"threshold":0.99963098,"direction":"below","ingested_at":18583.082550162,"emitted_at":18583.083290865,"latency_ms":0.741}
{"alert_id":481,"customer_id":"customer_410","symbol":"MANTAUSDT","price":0.06692,"threshold":0.06694136,"direction":"below","ingested_at":18583.082550162,"emitted_at":18583.083318353,"latency_ms":0.768}
{"alert_id":482,"customer_id":"customer_158","symbol":"BTCUSD1","price":81319.56,"threshold":81324.73513283,"direction":"below","ingested_at":18583.082550162,"emitted_at":18583.083339778,"latency_ms":0.79}
{"alert_id":483,"customer_id":"customer_226","symbol":"DOTBTC","price":0.00001557,"threshold":0.00001558,"direction":"below","ingested_at":18583.082550162,"emitted_at":18583.083438754,"latency_ms":0.889}
{"alert_id":484,"customer_id":"customer_99","symbol":"BANANAS31USDC","price":0.011328,"threshold":0.01125241,"direction":"above","ingested_at":18584.081221632,"emitted_at":18584.081815871,"latency_ms":0.594}
{"alert_id":485,"customer_id":"customer_524","symbol":"QKCUSDT","price":0.003151,"threshold":0.00315229,"direction":"below","ingested_at":18584.081221632,"emitted_at":18584.082038339,"latency_ms":0.817}
{"alert_id":486,"customer_id":"customer_975","symbol":"CFXUSDT","price":0.06126,"threshold":0.0612525,"direction":"above","ingested_at":18584.081221632,"emitted_at":18584.082097621,"latency_ms":0.876}
{"alert_id":487,"customer_id":"customer_142","symbol":"BONKUSDT","price":0.00000643,"threshold":0.00000643,"direction":"below","ingested_at":18584.081221632,"emitted_at":18584.082138355,"latency_ms":0.917}
{"alert_id":488,"customer_id":"customer_892","symbol":"AXLTRY","price":3.6,"threshold":3.62922443,"direction":"below","ingested_at":18584.081221632,"emitted_at":18584.0822008,"latency_ms":0.979}
{"alert_id":489,"customer_id":"customer_706","symbol":"USDTCOP","price":3696.0,"threshold":3696.44941751,"direction":"below","ingested_at":18584.081221632,"emitted_at":18584.08225703,"latency_ms":1.035}
{"alert_id":490,"customer_id":"customer_193","symbol":"COWUSDT","price":0.1898,"threshold":0.18978487,"direction":"above","ingested_at":18584.081221632,"emitted_at":18584.082294816,"latency_ms":1.073}
{"alert_id":491,"customer_id":"customer_78","symbol":"AUDIOTRY","price":0.9182,"threshold":0.91968384,"direction":"below","ingested_at":18585.086669097,"emitted_at":18585.087117598,"latency_ms":0.449}
{"alert_id":492,"customer_id":"customer_880","symbol":"AUDIOUSDT","price":0.02032,"threshold":0.02032754,"direction":"below","ingested_at":18585.086669097,"emitted_at":18585.087316734,"latency_ms":0.648}
{"alert_id":493,"customer_id":"customer_69","symbol":"ASTERUSDT","price":0.676,"threshold":0.67558514,"direction":"above","ingested_at":18585.086669097,"emitted_at":18585.0873878,"latency_ms":0.719}
{"alert_id":494,"customer_id":"customer_710","symbol":"USDTTRY","price":45.2,"threshold":45.20406316,"direction":"below","ingested_at":18585.086669097,"emitted_at":18585.087477728,"latency_ms":0.809}
{"alert_id":495,"customer_id":"customer_27","symbol":"ADAUSDT","price":0.2567,"threshold":0.25664814,"direction":"above","ingested_at":18586.081200101,"emitted_at":18586.081489967,"latency_ms":0.29}
{"alert_id":496,"customer_id":"customer_512","symbol":"PONDUSDT","price":0.00208,"threshold":0.00208637,"direction":"below","ingested_at":18586.081200101,"emitted_at":18586.081616779,"latency_ms":0.417}
{"alert_id":497,"customer_id":"customer_702","symbol":"USDCUSD","price":0.9996,"threshold":0.99963098,"direction":"below","ingested_at":18586.081200101,"emitted_at":18586.081652801,"latency_ms":0.453}
{"alert_id":498,"customer_id":"customer_893","symbol":"AXLUSDT","price":0.0801,"threshold":0.0800223,"direction":"above","ingested_at":18586.081200101,"emitted_at":18586.081689701,"latency_ms":0.49}
{"alert_id":499,"customer_id":"customer_137","symbol":"BOMETRY","price":0.0263,"threshold":0.02626405,"direction":"above","ingested_at":18586.081200101,"emitted_at":18586.081708692,"latency_ms":0.509}
{"alert_id":500,"customer_id":"customer_139","symbol":"BOMEUSDT","price":0.000582,"threshold":0.00058126,"direction":"above","ingested_at":18586.081200101,"emitted_at":18586.081724321,"latency_ms":0.524}
{"alert_id":501,"customer_id":"customer_395","symbol":"LTCBTC","price":0.000685,"threshold":0.00068434,"direction":"above","ingested_at":18587.088362215,"emitted_at":18587.088752678,"latency_ms":0.39}
{"alert_id":502,"customer_id":"customer_197","symbol":"CTRY","price":3.655,"threshold":3.65172202,"direction":"above","ingested_at":18587.088362215,"emitted_at":18587.088950757,"latency_ms":0.589}
{"alert_id":503,"customer_id":"customer_863","symbol":"ARKMUSDT","price":0.1217,"threshold":0.12162367,"direction":"above","ingested_at":18587.088362215,"emitted_at":18587.088996683,"latency_ms":0.634}
{"alert_id":504,"customer_id":"customer_450","symbol":"NFPTRY","price":0.5799,"threshold":0.58037876,"direction":"below","ingested_at":18587.088362215,"emitted_at":18587.089092392,"latency_ms":0.73}
{"alert_id":505,"customer_id":"customer_970","symbol":"CELRUSDT","price":0.002753,"threshold":0.00275339,"direction":"below","ingested_at":18587.088362215,"emitted_at":18587.089139116,"latency_ms":0.777}
{"alert_id":506,"customer_id":"customer_85","symbol":"AVAXU","price":9.39,"threshold":9.37686709,"direction":"above","ingested_at":18587.088362215,"emitted_at":18587.089185815,"latency_ms":0.824}
{"alert_id":507,"customer_id":"customer_886","symbol":"AVAXU","price":9.39,"threshold":9.39168157,"direction":"below","ingested_at":18587.088362215,"emitted_at":18587.089207788,"latency_ms":0.846}
{"alert_id":508,"customer_id":"customer_830","symbol":"ADXUSDT","price":0.0774,"threshold":0.07740266,"direction":"below","ingested_at":18587.088362215,"emitted_at":18587.089253905,"latency_ms":0.892}
{"alert_id":509,"customer_id":"customer_415","symbol":"MBLUSDT","price":0.000931,"threshold":0.00093078,"direction":"above","ingested_at":18587.088362215,"emitted_at":18587.089281718,"latency_ms":0.92}
{"alert_id":510,"customer_id":"customer_116","symbol":"BIOUSDC","price":0.0523,"threshold":0.05237893,"direction":"below","ingested_at":18587.088362215,"emitted_at":18587.089334214,"latency_ms":0.972}
{"alert_id":511,"customer_id":"customer_242","symbol":"EGLDUSDT","price":4.1,"threshold":4.10402316,"direction":"below","ingested_at":18588.083322026,"emitted_at":18588.083845327,"latency_ms":0.523}
{"alert_id":512,"customer_id":"customer_100","symbol":"BANANAS31USDT","price":0.011216,"threshold":0.01124939,"direction":"below","ingested_at":18588.083322026,"emitted_at":18588.084068919,"latency_ms":0.747}
{"alert_id":513,"customer_id":"customer_54","symbol":"APTBTC","price":0.00001188,"threshold":0.0000119,"direction":"below","ingested_at":18588.083322026,"emitted_at":18588.084138052,"latency_ms":0.816}
{"alert_id":514,"customer_id":"customer_697","symbol":"USDCBRL","price":4.9162,"threshold":4.91384159,"direction":"above","ingested_at":18588.083322026,"emitted_at":18588.084173434,"latency_ms":0.851}
{"alert_id":515,"customer_id":"customer_41","symbol":"ALLOUSDT","price":0.1178,"threshold":0.11746352,"direction":"above","ingested_at":18588.083322026,"emitted_at":18588.084225849,"latency_ms":0.904}
{"alert_id":516,"customer_id":"customer_702","symbol":"USDCUSD","price":0.9996,"threshold":0.99963098,"direction":"below","ingested_at":18588.083322026,"emitted_at":18588.084255558,"latency_ms":0.934}
{"alert_id":517,"customer_id":"customer_703","symbol":"USDCUSDT","price":0.99991,"threshold":0.9999066,"direction":"above","ingested_at":18588.083322026,"emitted_at":18588.084282703,"latency_ms":0.961}
{"alert_id":518,"customer_id":"customer_707","symbol":"USDTIDR","price":17383.0,"threshold":17382.00407024,"direction":"above","ingested_at":18588.083322026,"emitted_at":18588.084323132,"latency_ms":1.001}
{"alert_id":519,"customer_id":"customer_785","symbol":"ZECUSDT","price":433.92,"threshold":433.80884314,"direction":"above","ingested_at":18588.083322026,"emitted_at":18588.08450528,"latency_ms":1.183}
{"alert_id":520,"customer_id":"customer_205","symbol":"DASHUSDT","price":46.15,"threshold":46.13706749,"direction":"above","ingested_at":18588.083322026,"emitted_at":18588.084542495,"latency_ms":1.22}
{"alert_id":521,"customer_id":"customer_201","symbol":"CVXUSDT","price":1.797,"threshold":1.79273432,"direction":"above","ingested_at":18588.083322026,"emitted_at":18588.084626793,"latency_ms":1.305}
{"alert_id":522,"customer_id":"customer_687","symbol":"TUSDT","price":0.006,"threshold":0.00599222,"direction":"above","ingested_at":18588.083322026,"emitted_at":18588.084662132,"latency_ms":1.34}
{"alert_id":523,"customer_id":"customer_311","symbol":"GMXUSDT","price":7.27,"threshold":7.26275398,"direction":"above","ingested_at":18589.090624313,"emitted_at":18589.09136486,"latency_ms":0.741}
{"alert_id":524,"customer_id":"customer_479","symbol":"ORDIUSDC","price":5.132,"threshold":5.13101273,"direction":"above","ingested_at":18589.090624313,"emitted_at":18589.091590222,"latency_ms":0.966}
{"alert_id":525,"customer_id":"customer_543","symbol":"REZTRY","price":0.241,"threshold":0.23993588,"direction":"above","ingested_at":18589.090624313,"emitted_at":18589.091667504,"latency_ms":1.043}
{"alert_id":526,"customer_id":"customer_179","symbol":"CHRUSDT","price":0.0279,"threshold":0.02787962,"direction":"above","ingested_at":18589.090624313,"emitted_at":18589.091720911,"latency_ms":1.097}
{"alert_id":527,"customer_id":"customer_612","symbol":"STOUSDT","price":0.0864,"threshold":0.0864952,"direction":"below","ingested_at":18590.089810654,"emitted_at":18590.090383089,"latency_ms":0.572}
{"alert_id":528,"customer_id":"customer_702","symbol":"USDCUSD","price":0.9996,"threshold":0.99963098,"direction":"below","ingested_at":18590.089810654,"emitted_at":18590.090628779,"latency_ms":0.818}
{"alert_id":529,"customer_id":"customer_581","symbol":"SHIBUSDT","price":0.00000627,"threshold":0.00000627,"direction":"above","ingested_at":18590.089810654,"emitted_at":18590.090670968,"latency_ms":0.86}
{"alert_id":530,"customer_id":"customer_887","symbol":"AVAXUSDC","price":9.39,"threshold":9.37653631,"direction":"above","ingested_at":18590.089810654,"emitted_at":18590.09072454,"latency_ms":0.914}
{"alert_id":531,"customer_id":"customer_938","symbol":"BOMETRY","price":0.0262,"threshold":0.02626467,"direction":"below","ingested_at":18590.089810654,"emitted_at":18590.090781512,"latency_ms":0.971}
{"alert_id":532,"customer_id":"customer_33","symbol":"AIXBTUSDT","price":0.0345,"threshold":0.03440296,"direction":"above","ingested_at":18590.089810654,"emitted_at":18590.090853193,"latency_ms":1.043}
{"alert_id":533,"customer_id":"customer_520","symbol":"PUMPUSDT","price":0.001828,"threshold":0.00182892,"direction":"below","ingested_at":18591.086373925,"emitted_at":18591.086811557,"latency_ms":0.438}
{"alert_id":534,"customer_id":"customer_735","symbol":"WINUSDT","price":0.00002023,"threshold":0.00002023,"direction":"above","ingested_at":18591.086373925,"emitted_at":18591.087078949,"latency_ms":0.705}
{"alert_id":535,"customer_id":"customer_834","symbol":"AIXBTUSDT","price":0.0344,"threshold":0.03440107,"direction":"below","ingested_at":18591.086373925,"emitted_at":18591.087162896,"latency_ms":0.789}
{"alert_id":536,"customer_id":"customer_634","symbol":"SXTUSDT","price":0.01446,"threshold":0.01446495,"direction":"below","ingested_at":18592.087355847,"emitted_at":18592.0878628,"latency_ms":0.507}
{"alert_id":537,"customer_id":"customer_696","symbol":"USD1USDT","price":0.9999,"threshold":0.99994934,"direction":"below","ingested_at":18592.087355847,"emitted_at":18592.088057187,"latency_ms":0.701}
{"alert_id":538,"customer_id":"customer_600","symbol":"SOPHUSDT","price":0.00868,"threshold":0.00868248,"direction":"below","ingested_at":18592.087355847,"emitted_at":18592.088100805,"latency_ms":0.745}
{"alert_id":539,"customer_id":"customer_788","symbol":"ZKCUSDT","price":0.0757,"threshold":0.07573731,"direction":"below","ingested_at":18592.087355847,"emitted_at":18592.088152458,"latency_ms":0.797}
{"alert_id":540,"customer_id":"customer_277","symbol":"ETHUSDC","price":2374.12,"threshold":2374.10172001,"direction":"above","ingested_at":18592.087355847,"emitted_at":18592.088202703,"latency_ms":0.847}
{"alert_id":541,"customer_id":"customer_702","symbol":"USDCUSD","price":0.9996,"threshold":0.99963098,"direction":"below","ingested_at":18592.087355847,"emitted_at":18592.088228682,"latency_ms":0.873}
{"alert_id":542,"customer_id":"customer_910","symbol":"BCHU","price":454.6,"threshold":454.91916673,"direction":"below","ingested_at":18592.087355847,"emitted_at":18592.088291566,"latency_ms":0.936}
{"alert_id":543,"customer_id":"customer_332","symbol":"HIVEUSDT","price":0.0754,"threshold":0.07540166,"direction":"below","ingested_at":18592.087355847,"emitted_at":18592.088358593,"latency_ms":1.003}
{"alert_id":544,"customer_id":"customer_331","symbol":"HIVEUSDC","price":0.0754,"threshold":0.07535011,"direction":"above","ingested_at":18592.087355847,"emitted_at":18592.088387722,"latency_ms":1.032}
{"alert_id":545,"customer_id":"customer_667","symbol":"TRUMPTRY","price":107.0,"threshold":106.78484515,"direction":"above","ingested_at":18592.087355847,"emitted_at":18592.088423568,"latency_ms":1.068}
{"alert_id":546,"customer_id":"customer_467","symbol":"ONETRY","price":0.1047,"threshold":0.10454525,"direction":"above","ingested_at":18592.087355847,"emitted_at":18592.088446607,"latency_ms":1.091}
{"alert_id":547,"customer_id":"customer_35","symbol":"ALGOTRY","price":5.267,"threshold":5.26358185,"direction":"above","ingested_at":18593.090388583,"emitted_at":18593.09081691,"latency_ms":0.428}
{"alert_id":548,"customer_id":"customer_755","symbol":"XPLUSDT","price":0.0932,"threshold":0.09319217,"direction":"above","ingested_at":18593.090388583,"emitted_at":18593.091041718,"latency_ms":0.653}
{"alert_id":549,"customer_id":"customer_235","symbol":"DYDXTRY","price":6.518,"threshold":6.51356848,"direction":"above","ingested_at":18593.090388583,"emitted_at":18593.091088638,"latency_ms":0.7}
{"alert_id":550,"customer_id":"customer_410","symbol":"MANTAUSDT","price":0.06691,"threshold":0.06694136,"direction":"below","ingested_at":18593.090388583,"emitted_at":18593.091151672,"latency_ms":0.763}
{"alert_id":551,"customer_id":"customer_129","symbol":"BNBJPY","price":99517.0,"threshold":99441.41242805,"direction":"above","ingested_at":18593.090388583,"emitted_at":18593.091191043,"latency_ms":0.802}
{"alert_id":552,"customer_id":"customer_107","symbol":"BBUSDT","price":0.0329,"threshold":0.03283933,"direction":"above","ingested_at":18593.090388583,"emitted_at":18593.091241513,"latency_ms":0.853}
{"alert_id":553,"customer_id":"customer_907","symbol":"BBUSDC","price":0.0329,"threshold":0.03287324,"direction":"above","ingested_at":18593.090388583,"emitted_at":18593.09126766,"latency_ms":0.879}
{"alert_id":554,"customer_id":"customer_702","symbol":"USDCUSD","price":0.9996,"threshold":0.99963098,"direction":"below","ingested_at":18594.087650252,"emitted_at":18594.088222758,"latency_ms":0.573}
{"alert_id":555,"customer_id":"customer_355","symbol":"IOSTUSDT","price":0.001078,"threshold":0.00107588,"direction":"above","ingested_at":18594.087650252,"emitted_at":18594.088391399,"latency_ms":0.741}
{"alert_id":556,"customer_id":"customer_734","symbol":"WIFUSDT","price":0.194,"threshold":0.19459881,"direction":"below","ingested_at":18594.087650252,"emitted_at":18594.088427213,"latency_ms":0.777}
{"alert_id":557,"customer_id":"customer_497","symbol":"PEPEEUR","price":0.00000349,"threshold":0.00000348,"direction":"above","ingested_at":18594.087650252,"emitted_at":18594.088462115,"latency_ms":0.812}
{"alert_id":558,"customer_id":"customer_515","symbol":"PORTOUSDT","price":0.828,"threshold":0.827135,"direction":"above","ingested_at":18594.087650252,"emitted_at":18594.088486423,"latency_ms":0.836}
{"alert_id":559,"customer_id":"customer_724","symbol":"VIRTUALUSDC","price":0.8016,"threshold":0.80186191,"direction":"below","ingested_at":18595.08750593,"emitted_at":18595.087934502,"latency_ms":0.429}
{"alert_id":560,"customer_id":"customer_703","symbol":"USDCUSDT","price":0.99991,"threshold":0.9999066,"direction":"above","ingested_at":18595.08750593,"emitted_at":18595.088219484,"latency_ms":0.714}
{"alert_id":561,"customer_id":"customer_451","symbol":"NFPUSDT","price":0.01286,"threshold":0.01285523,"direction":"above","ingested_at":18595.08750593,"emitted_at":18595.088259276,"latency_ms":0.753}
{"alert_id":562,"customer_id":"customer_593","symbol":"SOLTRY","price":3858.3,"threshold":3856.61707792,"direction":"above","ingested_at":18595.08750593,"emitted_at":18595.088307167,"latency_ms":0.801}
{"alert_id":563,"customer_id":"customer_106","symbol":"BBUSDC","price":0.0328,"threshold":0.03287553,"direction":"below","ingested_at":18595.08750593,"emitted_at":18595.08834929,"latency_ms":0.843}
{"alert_id":564,"customer_id":"customer_588","symbol":"SOLBTC","price":0.0010498,"threshold":0.00104988,"direction":"below","ingested_at":18595.08750593,"emitted_at":18595.088386556,"latency_ms":0.881}
{"alert_id":565,"customer_id":"customer_512","symbol":"PONDUSDT","price":0.00208,"threshold":0.00208637,"direction":"below","ingested_at":18596.088271034,"emitted_at":18596.088708697,"latency_ms":0.438}
{"alert_id":566,"customer_id":"customer_811","symbol":"2ZUSDT","price":0.09212,"threshold":0.09211401,"direction":"above","ingested_at":18596.088271034,"emitted_at":18596.088890351,"latency_ms":0.619}
{"alert_id":567,"customer_id":"customer_810","symbol":"2ZUSDC","price":0.09212,"threshold":0.09220331,"direction":"below","ingested_at":18596.088271034,"emitted_at":18596.088927,"latency_ms":0.656}
{"alert_id":568,"customer_id":"customer_434","symbol":"MOVRTRY","price":95.6,"threshold":95.70697121,"direction":"below","ingested_at":18596.088271034,"emitted_at":18596.088979875,"latency_ms":0.709}
{"alert_id":569,"customer_id":"customer_707","symbol":"USDTIDR","price":17383.0,"threshold":17382.00407024,"direction":"above","ingested_at":18596.088271034,"emitted_at":18596.089044364,"latency_ms":0.773}
{"alert_id":570,"customer_id":"customer_906","symbol":"BBTRY","price":1.482,"threshold":1.48587355,"direction":"below","ingested_at":18596.088271034,"emitted_at":18596.089100045,"latency_ms":0.829}
{"alert_id":571,"customer_id":"customer_822","symbol":"ACTTRY","price":0.74,"threshold":0.74511132,"direction":"below","ingested_at":18596.088271034,"emitted_at":18596.089165103,"latency_ms":0.894}
{"alert_id":572,"customer_id":"customer_982","symbol":"CHZTRY","price":1.87,"threshold":1.87213018,"direction":"below","ingested_at":18597.089664427,"emitted_at":18597.09009927,"latency_ms":0.435}
{"alert_id":573,"customer_id":"customer_653","symbol":"TIATRY","price":16.24,"threshold":16.22812637,"direction":"above","ingested_at":18597.089664427,"emitted_at":18597.0902735,"latency_ms":0.609}
{"alert_id":574,"customer_id":"customer_702","symbol":"USDCUSD","price":0.9996,"threshold":0.99963098,"direction":"below","ingested_at":18597.089664427,"emitted_at":18597.090316237,"latency_ms":0.652}
{"alert_id":575,"customer_id":"customer_96","symbol":"BABYTRY","price":0.822,"threshold":0.82269945,"direction":"below","ingested_at":18598.087814365,"emitted_at":18598.088193278,"latency_ms":0.379}
{"alert_id":576,"customer_id":"customer_261","symbol":"ERAUSDT","price":0.1347,"threshold":0.13459681,"direction":"above","ingested_at":18598.087814365,"emitted_at":18598.088394083,"latency_ms":0.58}
{"alert_id":577,"customer_id":"customer_492","symbol":"PENDLEUSDT","price":1.988,"threshold":1.98917279,"direction":"below","ingested_at":18598.087814365,"emitted_at":18598.088438082,"latency_ms":0.624}
{"alert_id":578,"customer_id":"customer_695","symbol":"USD1USDC","price":1.0001,"threshold":1.00004674,"direction":"above","ingested_at":18598.087814365,"emitted_at":18598.088493454,"latency_ms":0.679}
{"alert_id":579,"customer_id":"customer_827","symbol":"ADAUSDC","price":0.2567,"threshold":0.25669085,"direction":"above","ingested_at":18598.087814365,"emitted_at":18598.088535019,"latency_ms":0.721}
{"alert_id":580,"customer_id":"customer_206","symbol":"DCRUSDT","price":19.41,"threshold":19.41833301,"direction":"below","ingested_at":18598.087814365,"emitted_at":18598.088592664,"latency_ms":0.778}
{"alert_id":581,"customer_id":"customer_383","symbol":"LAUSDT","price":0.1383,"threshold":0.13825342,"direction":"above","ingested_at":18599.086516105,"emitted_at":18599.087243084,"latency_ms":0.727}
{"alert_id":582,"customer_id":"customer_619","symbol":"SUIBTC","price":0.00001184,"threshold":0.00001183,"direction":"above","ingested_at":18599.086516105,"emitted_at":18599.087433086,"latency_ms":0.917}
{"alert_id":583,"customer_id":"customer_546","symbol":"RIFUSDT","price":0.0497,"threshold":0.0497436,"direction":"below","ingested_at":18599.086516105,"emitted_at":18599.087473786,"latency_ms":0.958}
{"alert_id":584,"customer_id":"customer_702","symbol":"USDCUSD","price":0.9996,"threshold":0.99963098,"direction":"below","ingested_at":18599.086516105,"emitted_at":18599.087527923,"latency_ms":1.012}
{"alert_id":585,"customer_id":"customer_729","symbol":"WAXPUSDT","price":0.00676,"threshold":0.00675402,"direction":"above","ingested_at":18599.086516105,"emitted_at":18599.087600872,"latency_ms":1.085}
{"alert_id":586,"customer_id":"customer_188","symbol":"COMPUSDT","price":23.78,"threshold":23.79075377,"direction":"below","ingested_at":18599.086516105,"emitted_at":18599.08775409,"latency_ms":1.238}
{"alert_id":587,"customer_id":"customer_803","symbol":"1000CATUSDT","price":0.00207,"threshold":0.00206587,"direction":"above","ingested_at":18599.086516105,"emitted_at":18599.087786009,"latency_ms":1.27}
{"alert_id":588,"customer_id":"customer_449","symbol":"NEXOUSDT","price":0.908,"threshold":0.90720268,"direction":"above","ingested_at":18600.092209666,"emitted_at":18600.092756251,"latency_ms":0.547}
{"alert_id":589,"customer_id":"customer_448","symbol":"NEXOBTC","price":0.00001116,"threshold":0.00001116,"direction":"below","ingested_at":18600.092209666,"emitted_at":18600.092935002,"latency_ms":0.725}
{"alert_id":590,"customer_id":"customer_397","symbol":"LTCTRY","price":2516.0,"threshold":2514.53097283,"direction":"above","ingested_at":18600.092209666,"emitted_at":18600.092994712,"latency_ms":0.785}
{"alert_id":591,"customer_id":"customer_727","symbol":"WALFDUSD","price":0.0728,"threshold":0.07275266,"direction":"above","ingested_at":18600.092209666,"emitted_at":18600.093112354,"latency_ms":0.903}
{"alert_id":592,"customer_id":"customer_741","symbol":"WLFIUSD1","price":0.0647,"threshold":0.06465185,"direction":"above","ingested_at":18600.092209666,"emitted_at":18600.093143544,"latency_ms":0.934}
{"alert_id":593,"customer_id":"customer_703","symbol":"USDCUSDT","price":0.99991,"threshold":0.9999066,"direction":"above","ingested_at":18600.092209666,"emitted_at":18600.093173614,"latency_ms":0.964}
{"alert_id":594,"customer_id":"customer_590","symbol":"SOLEUR","price":72.95,"threshold":72.95345338,"direction":"below","ingested_at":18600.092209666,"emitted_at":18600.093200008,"latency_ms":0.99}
{"alert_id":595,"customer_id":"customer_710","symbol":"USDTTRY","price":45.2,"threshold":45.20406316,"direction":"below","ingested_at":18600.092209666,"emitted_at":18600.093275957,"latency_ms":1.066}
{"alert_id":596,"customer_id":"customer_719","symbol":"VANRYUSDC","price":0.00528,"threshold":0.00527704,"direction":"above","ingested_at":18601.093284072,"emitted_at":18601.093655884,"latency_ms":0.372}
{"alert_id":597,"customer_id":"customer_894","symbol":"AXSBTC","price":0.0000166,"threshold":0.00001661,"direction":"below","ingested_at":18601.093284072,"emitted_at":18601.093858412,"latency_ms":0.574}
{"alert_id":598,"customer_id":"customer_223","symbol":"DOLOUSDC","price":0.03335,"threshold":0.03332778,"direction":"above","ingested_at":18601.093284072,"emitted_at":18601.093905742,"latency_ms":0.622}
{"alert_id":599,"customer_id":"customer_168","symbol":"CELOUSDT","price":0.08956,"threshold":0.0895684,"direction":"below","ingested_at":18601.093284072,"emitted_at":18601.093934417,"latency_ms":0.65}
{"alert_id":600,"customer_id":"customer_702","symbol":"USDCUSD","price":0.9996,"threshold":0.99963098,"direction":"below","ingested_at":18601.093284072,"emitted_at":18601.093974415,"latency_ms":0.69}
{"alert_id":601,"customer_id":"customer_970","symbol":"CELRUSDT","price":0.002753,"threshold":0.00275339,"direction":"below","ingested_at":18601.093284072,"emitted_at":18601.09403173,"latency_ms":0.748}
{"alert_id":602,"customer_id":"customer_490","symbol":"PENDLETRY","price":89.9,"threshold":89.93422307,"direction":"below","ingested_at":18601.093284072,"emitted_at":18601.094057798,"latency_ms":0.774}
{"alert_id":603,"customer_id":"customer_333","symbol":"HMSTRTRY","price":0.00763,"threshold":0.00762316,"direction":"above","ingested_at":18601.093284072,"emitted_at":18601.094116451,"latency_ms":0.832}
{"alert_id":604,"customer_id":"customer_696","symbol":"USD1USDT","price":0.9999,"threshold":0.99994934,"direction":"below","ingested_at":18602.098668465,"emitted_at":18602.10434686,"latency_ms":5.678}
{"alert_id":605,"customer_id":"customer_895","symbol":"AXSUSDC","price":1.347,"threshold":1.3464449,"direction":"above","ingested_at":18602.098668465,"emitted_at":18602.104484248,"latency_ms":5.816}
{"alert_id":606,"customer_id":"customer_743","symbol":"WLFIUSDT","price":0.0647,"threshold":0.06467745,"direction":"above","ingested_at":18602.098668465,"emitted_at":18602.104517452,"latency_ms":5.849}
{"alert_id":607,"customer_id":"customer_293","symbol":"FILFDUSD","price":0.952,"threshold":0.95122097,"direction":"above","ingested_at":18602.098668465,"emitted_at":18602.10454187,"latency_ms":5.873}
{"alert_id":608,"customer_id":"customer_703","symbol":"USDCUSDT","price":0.99991,"threshold":0.9999066,"direction":"above","ingested_at":18602.098668465,"emitted_at":18602.104571817,"latency_ms":5.903}
{"alert_id":609,"customer_id":"customer_343","symbol":"ICPBTC","price":0.0000307,"threshold":0.00003068,"direction":"above","ingested_at":18602.098668465,"emitted_at":18602.104586775,"latency_ms":5.918}
{"alert_id":610,"customer_id":"customer_957","symbol":"BTCU","price":81326.24,"threshold":81325.77280679,"direction":"above","ingested_at":18602.098668465,"emitted_at":18602.104616567,"latency_ms":5.948}
{"alert_id":611,"customer_id":"customer_819","symbol":"ACHUSDT","price":0.00807,"threshold":0.00806965,"direction":"above","ingested_at":18602.098668465,"emitted_at":18602.104691655,"latency_ms":6.023}
{"alert_id":612,"customer_id":"customer_196","symbol":"CRVUSDT","price":0.2395,"threshold":0.2396778,"direction":"below","ingested_at":18602.098668465,"emitted_at":18602.104714364,"latency_ms":6.046}
{"alert_id":613,"customer_id":"customer_857","symbol":"APTUSDT","price":0.967,"threshold":0.96649089,"direction":"above","ingested_at":18603.103322987,"emitted_at":18603.103910391,"latency_ms":0.587}
{"alert_id":614,"customer_id":"customer_709","symbol":"USDTPLN","price":3.631,"threshold":3.63035226,"direction":"above","ingested_at":18603.103322987,"emitted_at":18603.104125469,"latency_ms":0.802}
{"alert_id":615,"customer_id":"customer_755","symbol":"XPLUSDT","price":0.0932,"threshold":0.09319217,"direction":"above","ingested_at":18603.103322987,"emitted_at":18603.10417992,"latency_ms":0.857}
{"alert_id":616,"customer_id":"customer_663","symbol":"TRBTRY","price":895.0,"threshold":894.73311898,"direction":"above","ingested_at":18603.103322987,"emitted_at":18603.104208986,"latency_ms":0.886}
{"alert_id":617,"customer_id":"customer_277","symbol":"ETHUSDC","price":2374.35,"threshold":2374.10172001,"direction":"above","ingested_at":18603.103322987,"emitted_at":18603.104245767,"latency_ms":0.923}
{"alert_id":618,"customer_id":"customer_702","symbol":"USDCUSD","price":0.9996,"threshold":0.99963098,"direction":"below","ingested_at":18603.103322987,"emitted_at":18603.104270632,"latency_ms":0.948}
{"alert_id":619,"customer_id":"customer_767","symbol":"XRPUSDC","price":1.4091,"threshold":1.40891389,"direction":"above","ingested_at":18603.103322987,"emitted_at":18603.104294278,"latency_ms":0.971}
{"alert_id":620,"customer_id":"customer_282","symbol":"EURUSDC","price":1.1698,"threshold":1.16988519,"direction":"below","ingested_at":18603.103322987,"emitted_at":18603.104356527,"latency_ms":1.034}
{"alert_id":621,"customer_id":"customer_769","symbol":"XTZUSDT","price":0.3701,"threshold":0.37002837,"direction":"above","ingested_at":18603.103322987,"emitted_at":18603.104396559,"latency_ms":1.074}
{"alert_id":622,"customer_id":"customer_917","symbol":"BIOUSDC","price":0.0524,"threshold":0.05239981,"direction":"above","ingested_at":18603.103322987,"emitted_at":18603.104451103,"latency_ms":1.128}
{"alert_id":623,"customer_id":"customer_553","symbol":"ROSETRY","price":0.4622,"threshold":0.46188048,"direction":"above","ingested_at":18603.103322987,"emitted_at":18603.104474357,"latency_ms":1.151}
{"alert_id":624,"customer_id":"customer_675","symbol":"TRXJPY","price":54.17,"threshold":54.1501479,"direction":"above","ingested_at":18604.109256932,"emitted_at":18604.110794687,"latency_ms":1.538}
{"alert_id":625,"customer_id":"customer_195","symbol":"CRVUSDC","price":0.2396,"threshold":0.23955722,"direction":"above","ingested_at":18604.109256932,"emitted_at":18604.111067977,"latency_ms":1.811}
{"alert_id":626,"customer_id":"customer_967","symbol":"CATITRY","price":2.73,"threshold":2.71725453,"direction":"above","ingested_at":18604.109256932,"emitted_at":18604.111133096,"latency_ms":1.876}
{"alert_id":627,"customer_id":"customer_683","symbol":"TURBOTRY","price":0.0575,"threshold":0.05747126,"direction":"above","ingested_at":18604.109256932,"emitted_at":18604.111162775,"latency_ms":1.906}
{"alert_id":628,"customer_id":"customer_650","symbol":"THETRY","price":4.613,"threshold":4.61345785,"direction":"below","ingested_at":18604.109256932,"emitted_at":18604.111194544,"latency_ms":1.938}
{"alert_id":629,"customer_id":"customer_951","symbol":"BTCFDUSD","price":81387.69,"threshold":81378.57730265,"direction":"above","ingested_at":18605.093311994,"emitted_at":18605.093867223,"latency_ms":0.555}
{"alert_id":630,"customer_id":"customer_702","symbol":"USDCUSD","price":0.9996,"threshold":0.99963098,"direction":"below","ingested_at":18605.093311994,"emitted_at":18605.094111145,"latency_ms":0.799}
{"alert_id":631,"customer_id":"customer_391","symbol":"LINKUSDT","price":9.71,"threshold":9.70422186,"direction":"above","ingested_at":18605.093311994,"emitted_at":18605.094157487,"latency_ms":0.845}
{"alert_id":632,"customer_id":"customer_415","symbol":"MBLUSDT","price":0.000931,"threshold":0.00093078,"direction":"above","ingested_at":18605.093311994,"emitted_at":18605.094265893,"latency_ms":0.954}
{"alert_id":633,"customer_id":"customer_193","symbol":"COWUSDT","price":0.1901,"threshold":0.18978487,"direction":"above","ingested_at":18605.093311994,"emitted_at":18605.094297834,"latency_ms":0.986}
{"alert_id":634,"customer_id":"customer_976","symbol":"CGPTUSDT","price":0.027,"threshold":0.02700226,"direction":"below","ingested_at":18605.093311994,"emitted_at":18605.094346887,"latency_ms":1.035}
{"alert_id":635,"customer_id":"customer_114","symbol":"BERATRY","price":17.05,"threshold":17.05351248,"direction":"below","ingested_at":18605.093311994,"emitted_at":18605.094370241,"latency_ms":1.058}
{"alert_id":636,"customer_id":"customer_691","symbol":"UNIU","price":3.366,"threshold":3.3653250199999998,"direction":"above","ingested_at":18606.090525204,"emitted_at":18606.091715236,"latency_ms":1.19}
{"alert_id":637,"customer_id":"customer_372","symbol":"KATTRY","price":0.4258,"threshold":0.42608921,"direction":"below","ingested_at":18606.090525204,"emitted_at":18606.091917887,"latency_ms":1.393}
{"alert_id":638,"customer_id":"customer_999","symbol":"CTSIUSDT","price":0.03337,"threshold":0.03334858,"direction":"above","ingested_at":18606.090525204,"emitted_at":18606.091991152,"latency_ms":1.466}
{"alert_id":639,"customer_id":"customer_124","symbol":"BNBBTC","price":0.007754,"threshold":0.00775424,"direction":"below","ingested_at":18607.091181871,"emitted_at":18607.091356589,"latency_ms":0.175}
{"alert_id":640,"customer_id":"customer_381","symbol":"KMNOUSDT","price":0.0203,"threshold":0.0202965,"direction":"above","ingested_at":18607.091181871,"emitted_at":18607.091434173,"latency_ms":0.252}
{"alert_id":641,"customer_id":"customer_696","symbol":"USD1USDT","price":0.9999,"threshold":0.99994934,"direction":"below","ingested_at":18607.091181871,"emitted_at":18607.091444982,"latency_ms":0.263}
{"alert_id":642,"customer_id":"customer_600","symbol":"SOPHUSDT","price":0.00868,"threshold":0.00868248,"direction":"below","ingested_at":18607.091181871,"emitted_at":18607.09145197,"latency_ms":0.27}
{"alert_id":643,"customer_id":"customer_882","symbol":"AVAUSDT","price":0.2778,"threshold":0.27804105,"direction":"below","ingested_at":18607.091181871,"emitted_at":18607.091460929,"latency_ms":0.279}
{"alert_id":644,"customer_id":"customer_621","symbol":"SUIFDUSD","price":0.9625,"threshold":0.96122909,"direction":"above","ingested_at":18607.091181871,"emitted_at":18607.091476199,"latency_ms":0.294}
{"alert_id":645,"customer_id":"customer_291","symbol":"FIDATRY","price":0.777,"threshold":0.77631271,"direction":"above","ingested_at":18607.091181871,"emitted_at":18607.091486069,"latency_ms":0.304}
{"alert_id":646,"customer_id":"customer_702","symbol":"USDCUSD","price":0.9996,"threshold":0.99963098,"direction":"below","ingested_at":18607.091181871,"emitted_at":18607.091494041,"latency_ms":0.312}
{"alert_id":647,"customer_id":"customer_920","symbol":"BLURUSDC","price":0.02802,"threshold":0.02803165,"direction":"below","ingested_at":18607.091181871,"emitted_at":18607.091507477,"latency_ms":0.326}
{"alert_id":648,"customer_id":"customer_155","symbol":"BTCTRY","price":3677122.0,"threshold":3675972.76125943,"direction":"above","ingested_at":18607.091181871,"emitted_at":18607.091529709,"latency_ms":0.348}
{"alert_id":649,"customer_id":"customer_710","symbol":"USDTTRY","price":45.2,"threshold":45.20406316,"direction":"below","ingested_at":18607.091181871,"emitted_at":18607.091536669,"latency_ms":0.355}
{"alert_id":650,"customer_id":"customer_495","symbol":"PENGUUSDT","price":0.011414,"threshold":0.01141306,"direction":"above","ingested_at":18607.091181871,"emitted_at":18607.091551521,"latency_ms":0.37}
{"alert_id":651,"customer_id":"customer_47","symbol":"ANKRTRY","price":0.2233,"threshold":0.22280866,"direction":"above","ingested_at":18608.109474795,"emitted_at":18608.110630369,"latency_ms":1.156}
{"alert_id":652,"customer_id":"customer_447","symbol":"NEWTUSDT","price":0.0755,"threshold":0.07543989,"direction":"above","ingested_at":18608.109474795,"emitted_at":18608.110843775,"latency_ms":1.369}
{"alert_id":653,"customer_id":"customer_519","symbol":"PUMPUSDC","price":0.00183,"threshold":0.0018294,"direction":"above","ingested_at":18608.109474795,"emitted_at":18608.110896024,"latency_ms":1.421}
{"alert_id":654,"customer_id":"customer_802","symbol":"0GUSDT","price":0.537,"threshold":0.53753189,"direction":"below","ingested_at":18608.109474795,"emitted_at":18608.110925291,"latency_ms":1.45}
{"alert_id":655,"customer_id":"customer_282","symbol":"EURUSDC","price":1.1698,"threshold":1.16988519,"direction":"below","ingested_at":18608.109474795,"emitted_at":18608.111027984,"latency_ms":1.553}
{"alert_id":656,"customer_id":"customer_349","symbol":"ILVUSDT","price":4.6,"threshold":4.59521603,"direction":"above","ingested_at":18608.109474795,"emitted_at":18608.111068179,"latency_ms":1.593}
{"alert_id":657,"customer_id":"customer_586","symbol":"SOLBNB","price":0.1353,"threshold":0.13540983,"direction":"below","ingested_at":18608.109474795,"emitted_at":18608.111156884,"latency_ms":1.682}
{"alert_id":658,"customer_id":"customer_609","symbol":"STORJTRY","price":4.55,"threshold":4.54508854,"direction":"above","ingested_at":18609.101303897,"emitted_at":18609.101860033,"latency_ms":0.556}
{"alert_id":659,"customer_id":"customer_686","symbol":"TURTLEUSDT","price":0.053,"threshold":0.05314066,"direction":"below","ingested_at":18609.101303897,"emitted_at":18609.102104271,"latency_ms":0.8}
{"alert_id":660,"customer_id":"customer_868","symbol":"ASTERU","price":0.676,"threshold":0.67648763,"direction":"below","ingested_at":18609.101303897,"emitted_at":18609.10219007,"latency_ms":0.886}
{"alert_id":661,"customer_id":"customer_563","symbol":"SANDUSDT","price":0.0742,"threshold":0.07417094,"direction":"above","ingested_at":18609.101303897,"emitted_at":18609.102287048,"latency_ms":0.983}
{"alert_id":662,"customer_id":"customer_300","symbol":"FORMUSDC","price":0.294,"threshold":0.29427057,"direction":"below","ingested_at":18610.098813268,"emitted_at":18610.099127982,"latency_ms":0.315}
{"alert_id":663,"customer_id":"customer_635","symbol":"SYNUSDT","price":0.0542,"threshold":0.05415023,"direction":"above","ingested_at":18610.098813268,"emitted_at":18610.099223451,"latency_ms":0.41}
{"alert_id":664,"customer_id":"customer_215","symbol":"DOGETRY","price":5.07,"threshold":5.06710247,"direction":"above","ingested_at":18610.098813268,"emitted_at":18610.099237158,"latency_ms":0.424}
{"alert_id":665,"customer_id":"customer_702","symbol":"USDCUSD","price":0.9996,"threshold":0.99963098,"direction":"below","ingested_at":18610.098813268,"emitted_at":18610.099253266,"latency_ms":0.44}
{"alert_id":666,"customer_id":"customer_286","symbol":"FDUSDUSDT","price":0.9992,"threshold":0.99923872,"direction":"below","ingested_at":18611.098144727,"emitted_at":18611.09856026,"latency_ms":0.416}
{"alert_id":667,"customer_id":"customer_457","symbol":"NOMUSDT","price":0.00248,"threshold":0.00246413,"direction":"above","ingested_at":18611.098144727,"emitted_at":18611.098738397,"latency_ms":0.594}
{"alert_id":668,"customer_id":"customer_26","symbol":"ADAUSDC","price":0.2567,"threshold":0.25674288,"direction":"below","ingested_at":18611.098144727,"emitted_at":18611.098799334,"latency_ms":0.655}
{"alert_id":669,"customer_id":"customer_702","symbol":"USDCUSD","price":0.9996,"threshold":0.99963098,"direction":"below","ingested_at":18612.09021746,"emitted_at":18612.090647873,"latency_ms":0.43}
{"alert_id":670,"customer_id":"customer_706","symbol":"USDTCOP","price":3696.0,"threshold":3696.44941751,"direction":"below","ingested_at":18612.09021746,"emitted_at":18612.090863843,"latency_ms":0.646}
{"alert_id":671,"customer_id":"customer_193","symbol":"COWUSDT","price":0.1898,"threshold":0.18978487,"direction":"above","ingested_at":18612.09021746,"emitted_at":18612.090912394,"latency_ms":0.695}
{"alert_id":672,"customer_id":"customer_678","symbol":"TRXUSDT","price":0.3432,"threshold":0.34325895,"direction":"below","ingested_at":18613.094467575,"emitted_at":18613.09556276,"latency_ms":1.095}
{"alert_id":673,"customer_id":"customer_869","symbol":"ASTERUSDC","price":0.677,"threshold":0.675673,"direction":"above","ingested_at":18613.094467575,"emitted_at":18613.095782188,"latency_ms":1.315}
{"alert_id":674,"customer_id":"customer_499","symbol":"PEPEUSDC","price":0.00000408,"threshold":0.00000408,"direction":"above","ingested_at":18613.094467575,"emitted_at":18613.095883971,"latency_ms":1.416}
{"alert_id":675,"customer_id":"customer_491","symbol":"PENDLEUSDC","price":1.992,"threshold":1.98939236,"direction":"above","ingested_at":18613.094467575,"emitted_at":18613.095929144,"latency_ms":1.462}
{"alert_id":676,"customer_id":"customer_323","symbol":"HBARBNB","price":0.00014239,"threshold":0.00014235,"direction":"above","ingested_at":18613.094467575,"emitted_at":18613.095968031,"latency_ms":1.5}
{"alert_id":677,"customer_id":"customer_510","symbol":"POLUSDC","price":0.0977,"threshold":0.09776982,"direction":"below","ingested_at":18613.094467575,"emitted_at":18613.096014219,"latency_ms":1.547}
{"alert_id":678,"customer_id":"customer_804","symbol":"1000CHEEMSUSDT","price":0.000638,"threshold":0.00063837,"direction":"below","ingested_at":18613.094467575,"emitted_at":18613.09606656,"latency_ms":1.599}
{"alert_id":679,"customer_id":"customer_144","symbol":"BROCCOLI714USDC","price":0.01847,"threshold":0.01849052,"direction":"below","ingested_at":18614.094511766,"emitted_at":18614.094946735,"latency_ms":0.435}
{"alert_id":680,"customer_id":"customer_702","symbol":"USDCUSD","price":0.9996,"threshold":0.99963098,"direction":"below","ingested_at":18614.094511766,"emitted_at":18614.095184363,"latency_ms":0.673}
{"alert_id":681,"customer_id":"customer_952","symbol":"BTCIDR","price":1414034962.0,"threshold":1414674012.7283108,"direction":"below","ingested_at":18614.094511766,"emitted_at":18614.095228075,"latency_ms":0.716}
{"alert_id":682,"customer_id":"customer_173","symbol":"CFGUSDT","price":0.2465,"threshold":0.24646907,"direction":"above","ingested_at":18614.094511766,"emitted_at":18614.095282564,"latency_ms":0.771}
{"alert_id":683,"customer_id":"customer_304","symbol":"GALAUSDT","price":0.0033,"threshold":0.00330697,"direction":"below","ingested_at":18614.094511766,"emitted_at":18614.095318023,"latency_ms":0.806}
{"alert_id":684,"customer_id":"customer_710","symbol":"USDTTRY","price":45.2,"threshold":45.20406316,"direction":"below","ingested_at":18614.094511766,"emitted_at":18614.095350143,"latency_ms":0.838}
{"alert_id":685,"customer_id":"customer_495","symbol":"PENGUUSDT","price":0.011414,"threshold":0.01141306,"direction":"above","ingested_at":18614.094511766,"emitted_at":18614.095398691,"latency_ms":0.887}
{"alert_id":686,"customer_id":"customer_371","symbol":"KAITOUSDT","price":0.4889,"threshold":0.48882908,"direction":"above","ingested_at":18614.094511766,"emitted_at":18614.095429021,"latency_ms":0.917}
{"alert_id":687,"customer_id":"customer_267","symbol":"ETHBTC","price":0.0292,"threshold":0.02919584,"direction":"above","ingested_at":18614.094511766,"emitted_at":18614.095452727,"latency_ms":0.941}
{"alert_id":688,"customer_id":"customer_320","symbol":"GUNUSDT","price":0.0146,"threshold":0.01460574,"direction":"below","ingested_at":18615.097651784,"emitted_at":18615.098154088,"latency_ms":0.502}
{"alert_id":689,"customer_id":"customer_57","symbol":"ARBTRY","price":5.38,"threshold":5.37537675,"direction":"above","ingested_at":18615.097651784,"emitted_at":18615.09834927,"latency_ms":0.697}
{"alert_id":690,"customer_id":"customer_369","symbol":"JUVUSDT","price":0.488,"threshold":0.48739639,"direction":"above","ingested_at":18615.097651784,"emitted_at":18615.098391514,"latency_ms":0.74}
{"alert_id":691,"customer_id":"customer_970","symbol":"CELRUSDT","price":0.002753,"threshold":0.00275339,"direction":"below","ingested_at":18615.097651784,"emitted_at":18615.098467843,"latency_ms":0.816}
{"alert_id":692,"customer_id":"customer_931","symbol":"BNBTRY","price":28503.0,"threshold":28497.00868367,"direction":"above","ingested_at":18615.097651784,"emitted_at":18615.09853527,"latency_ms":0.883}
{"alert_id":693,"customer_id":"customer_318","symbol":"GUNTRY","price":0.66,"threshold":0.66057475,"direction":"below","ingested_at":18616.095275726,"emitted_at":18616.096265881,"latency_ms":0.99}
{"alert_id":694,"customer_id":"customer_500","symbol":"PEPEUSDT","price":0.00000407,"threshold":0.00000407,"direction":"below","ingested_at":18616.095275726,"emitted_at":18616.096459512,"latency_ms":1.184}
{"alert_id":695,"customer_id":"customer_702","symbol":"USDCUSD","price":0.9996,"threshold":0.99963098,"direction":"below","ingested_at":18616.095275726,"emitted_at":18616.096511792,"latency_ms":1.236}
{"alert_id":696,"customer_id":"customer_703","symbol":"USDCUSDT","price":0.99991,"threshold":0.9999066,"direction":"above","ingested_at":18616.095275726,"emitted_at":18616.096535504,"latency_ms":1.26}
{"alert_id":697,"customer_id":"customer_677","symbol":"TRXUSDC","price":0.3434,"threshold":0.34332213,"direction":"above","ingested_at":18616.095275726,"emitted_at":18616.096558866,"latency_ms":1.283}
{"alert_id":698,"customer_id":"customer_377","symbol":"KGSTUSDT","price":0.01143,"threshold":0.011427,"direction":"above","ingested_at":18616.095275726,"emitted_at":18616.096589936,"latency_ms":1.314}
{"alert_id":699,"customer_id":"customer_299","symbol":"FOGOUSDT","price":0.01938,"threshold":0.01937398,"direction":"above","ingested_at":18616.095275726,"emitted_at":18616.096618212,"latency_ms":1.342}
{"alert_id":700,"customer_id":"customer_153","symbol":"BTCMXN","price":1416297.0,"threshold":1416001.35424373,"direction":"above","ingested_at":18616.095275726,"emitted_at":18616.096659024,"latency_ms":1.383}
{"alert_id":701,"customer_id":"customer_363","symbol":"JSTUSDT","price":0.08574,"threshold":0.08573009,"direction":"above","ingested_at":18616.095275726,"emitted_at":18616.096717801,"latency_ms":1.442}
{"alert_id":702,"customer_id":"customer_479","symbol":"ORDIUSDC","price":5.133,"threshold":5.13101273,"direction":"above","ingested_at":18617.16147717,"emitted_at":18617.162276782,"latency_ms":0.8}
{"alert_id":703,"customer_id":"customer_550","symbol":"ROBOUSDC","price":0.02,"threshold":0.02000609,"direction":"below","ingested_at":18617.16147717,"emitted_at":18617.162470327,"latency_ms":0.993}
{"alert_id":704,"customer_id":"customer_308","symbol":"GLMRUSDT","price":0.0169,"threshold":0.01693765,"direction":"below","ingested_at":18617.16147717,"emitted_at":18617.162569948,"latency_ms":1.093}
{"alert_id":705,"customer_id":"customer_33","symbol":"AIXBTUSDT","price":0.0345,"threshold":0.03440296,"direction":"above","ingested_at":18617.16147717,"emitted_at":18617.162597136,"latency_ms":1.12}
{"alert_id":706,"customer_id":"customer_445","symbol":"NEOUSDT","price":2.8,"threshold":2.79912188,"direction":"above","ingested_at":18618.194394707,"emitted_at":18618.194813939,"latency_ms":0.419}
{"alert_id":707,"customer_id":"customer_471","symbol":"OPENUSDT","price":0.206,"threshold":0.20594697,"direction":"above","ingested_at":18618.194394707,"emitted_at":18618.194943811,"latency_ms":0.549}
{"alert_id":708,"customer_id":"customer_655","symbol":"TIAUSDT","price":0.3591,"threshold":0.35901587,"direction":"above","ingested_at":18618.194394707,"emitted_at":18618.194974727,"latency_ms":0.58}
{"alert_id":709,"customer_id":"customer_702","symbol":"USDCUSD","price":0.9996,"threshold":0.99963098,"direction":"below","ingested_at":18618.194394707,"emitted_at":18618.195023191,"latency_ms":0.628}
{"alert_id":710,"customer_id":"customer_299","symbol":"FOGOUSDT","price":0.01938,"threshold":0.01937398,"direction":"above","ingested_at":18618.194394707,"emitted_at":18618.195056868,"latency_ms":0.662}
{"alert_id":711,"customer_id":"customer_973","symbol":"CFGUSDC","price":0.2468,"threshold":0.24673152,"direction":"above","ingested_at":18618.194394707,"emitted_at":18618.195084363,"latency_ms":0.69}
{"alert_id":712,"customer_id":"customer_775","symbol":"YGGUSDT","price":0.0434,"threshold":0.04329335,"direction":"above","ingested_at":18618.194394707,"emitted_at":18618.195120188,"latency_ms":0.725}
{"alert_id":713,"customer_id":"customer_522","symbol":"PYTHUSDC","price":0.0489,"threshold":0.04894546,"direction":"below","ingested_at":18618.194394707,"emitted_at":18618.195169074,"latency_ms":0.774}
{"alert_id":714,"customer_id":"customer_888","symbol":"AVAXUSDT","price":9.38,"threshold":9.38418195,"direction":"below","ingested_at":18619.200759809,"emitted_at":18619.201795753,"latency_ms":1.036}
{"alert_id":715,"customer_id":"customer_678","symbol":"TRXUSDT","price":0.3432,"threshold":0.34325895,"direction":"below","ingested_at":18619.200759809,"emitted_at":18619.202064319,"latency_ms":1.305}
{"alert_id":716,"customer_id":"customer_91","symbol":"AXLTRY","price":3.62,"threshold":3.61369917,"direction":"above","ingested_at":18619.200759809,"emitted_at":18619.202159791,"latency_ms":1.4}
{"alert_id":717,"customer_id":"customer_415","symbol":"MBLUSDT","price":0.000931,"threshold":0.00093078,"direction":"above","ingested_at":18619.200759809,"emitted_at":18619.202217531,"latency_ms":1.458}
{"alert_id":718,"customer_id":"customer_684","symbol":"TURBOUSDC","price":0.001272,"threshold":0.00127249,"direction":"below","ingested_at":18619.200759809,"emitted_at":18619.202257906,"latency_ms":1.498}
{"alert_id":719,"customer_id":"customer_140","symbol":"BONKFDUSD","price":0.00000644,"threshold":0.00000644,"direction":"below","ingested_at":18620.249504136,"emitted_at":18620.250076587,"latency_ms":0.572}
{"alert_id":720,"customer_id":"customer_941","symbol":"BONKFDUSD","price":0.00000644,"threshold":0.00000644,"direction":"above","ingested_at":18620.249504136,"emitted_at":18620.250255822,"latency_ms":0.752}
{"alert_id":721,"customer_id":"customer_745","symbol":"XAUTU","price":4552.58,"threshold":4551.54740781,"direction":"above","ingested_at":18620.249504136,"emitted_at":18620.250331647,"latency_ms":0.828}
{"alert_id":722,"customer_id":"customer_257","symbol":"ENSUSDT","price":6.31,"threshold":6.30635999,"direction":"above","ingested_at":18620.249504136,"emitted_at":18620.250385424,"latency_ms":0.881}
{"alert_id":723,"customer_id":"customer_11","symbol":"AAVEBTC","price":0.001149,"threshold":0.00114824,"direction":"above","ingested_at":18621.141614943,"emitted_at":18621.142160854,"latency_ms":0.546}
{"alert_id":724,"customer_id":"customer_187","symbol":"COMPUSDC","price":23.82,"threshold":23.80305563,"direction":"above","ingested_at":18621.141614943,"emitted_at":18621.142339741,"latency_ms":0.725}
{"alert_id":725,"customer_id":"customer_702","symbol":"USDCUSD","price":0.9996,"threshold":0.99963098,"direction":"below","ingested_at":18621.141614943,"emitted_at":18621.142416171,"latency_ms":0.801}
{"alert_id":726,"customer_id":"customer_158","symbol":"BTCUSD1","price":81320.11,"threshold":81324.73513283,"direction":"below","ingested_at":18621.141614943,"emitted_at":18621.14245552,"latency_ms":0.841}
{"alert_id":727,"customer_id":"customer_783","symbol":"ZECUSD1","price":434.48,"threshold":433.3848253,"direction":"above","ingested_at":18621.141614943,"emitted_at":18621.142495303,"latency_ms":0.88}
{"alert_id":728,"customer_id":"customer_795","symbol":"ZROTRY","price":64.0,"threshold":63.96872749,"direction":"above","ingested_at":18621.141614943,"emitted_at":18621.142557657,"latency_ms":0.943}
{"alert_id":729,"customer_id":"customer_678","symbol":"TRXUSDT","price":0.3432,"threshold":0.34325895,"direction":"below","ingested_at":18622.123905752,"emitted_at":18622.125050505,"latency_ms":1.145}
{"alert_id":730,"customer_id":"customer_703","symbol":"USDCUSDT","price":0.99991,"threshold":0.9999066,"direction":"above","ingested_at":18622.123905752,"emitted_at":18622.125232031,"latency_ms":1.326}
{"alert_id":731,"customer_id":"customer_698","symbol":"USDCIDR","price":17382.0,"threshold":17382.75957518,"direction":"below","ingested_at":18622.123905752,"emitted_at":18622.125272311,"latency_ms":1.367}
{"alert_id":732,"customer_id":"customer_710","symbol":"USDTTRY","price":45.2,"threshold":45.20406316,"direction":"below","ingested_at":18622.123905752,"emitted_at":18622.125337998,"latency_ms":1.432}
{"alert_id":733,"customer_id":"customer_854","symbol":"API3USDT","price":0.3705,"threshold":0.37063459,"direction":"below","ingested_at":18622.123905752,"emitted_at":18622.12539537,"latency_ms":1.49}
{"alert_id":734,"customer_id":"customer_742","symbol":"WLFIUSDC","price":0.0645,"threshold":0.0645656,"direction":"below","ingested_at":18623.120860186,"emitted_at":18623.121398104,"latency_ms":0.538}
{"alert_id":735,"customer_id":"customer_828","symbol":"ADAUSDT","price":0.2567,"threshold":0.25670286,"direction":"below","ingested_at":18623.120860186,"emitted_at":18623.121557816,"latency_ms":0.698}
{"alert_id":736,"customer_id":"customer_790","symbol":"ZKPUSDC","price":0.0858,"threshold":0.08585613,"direction":"below","ingested_at":18623.120860186,"emitted_at":18623.121649622,"latency_ms":0.789}
{"alert_id":737,"customer_id":"customer_957","symbol":"BTCU","price":81326.21,"threshold":81325.77280679,"direction":"above","ingested_at":18623.120860186,"emitted_at":18623.121680754,"latency_ms":0.821}
{"alert_id":738,"customer_id":"customer_694","symbol":"USD1U","price":1.0,"threshold":1.00005871,"direction":"below","ingested_at":18623.120860186,"emitted_at":18623.121718389,"latency_ms":0.858}
{"alert_id":739,"customer_id":"customer_283","symbol":"EURUSDT","price":1.1699,"threshold":1.16985925,"direction":"above","ingested_at":18623.120860186,"emitted_at":18623.121753891,"latency_ms":0.894}
{"alert_id":740,"customer_id":"customer_494","symbol":"PENGUUSDC","price":0.011406,"threshold":0.01140725,"direction":"below","ingested_at":18624.100891974,"emitted_at":18624.101472837,"latency_ms":0.581}
{"alert_id":741,"customer_id":"customer_481","symbol":"OSMOUSDT","price":0.0316,"threshold":0.03144205,"direction":"above","ingested_at":18625.097581577,"emitted_at":18625.098128623,"latency_ms":0.547}
{"alert_id":742,"customer_id":"customer_211","symbol":"DOGEBRL","price":0.5514,"threshold":0.55125695,"direction":"above","ingested_at":18625.097581577,"emitted_at":18625.098327294,"latency_ms":0.746}
{"alert_id":743,"customer_id":"customer_702","symbol":"USDCUSD","price":0.9996,"threshold":0.99963098,"direction":"below","ingested_at":18625.097581577,"emitted_at":18625.098400534,"latency_ms":0.819}
{"alert_id":744,"customer_id":"customer_158","symbol":"BTCUSD1","price":81322.24,"threshold":81324.73513283,"direction":"below","ingested_at":18625.097581577,"emitted_at":18625.098431168,"latency_ms":0.85}
{"alert_id":745,"customer_id":"customer_240","symbol":"EDUTRY","price":2.06,"threshold":2.06640452,"direction":"below","ingested_at":18626.098320275,"emitted_at":18626.099355781,"latency_ms":1.036}
{"alert_id":746,"customer_id":"customer_247","symbol":"ENAFDUSD","price":0.1115,"threshold":0.11098772,"direction":"above","ingested_at":18626.098320275,"emitted_at":18626.099588374,"latency_ms":1.268}
{"alert_id":747,"customer_id":"customer_792","symbol":"ZKTRY","price":0.77,"threshold":0.77028084,"direction":"below","ingested_at":18626.098320275,"emitted_at":18626.099630194,"latency_ms":1.31}
{"alert_id":748,"customer_id":"customer_179","symbol":"CHRUSDT","price":0.02789,"threshold":0.02787962,"direction":"above","ingested_at":18626.098320275,"emitted_at":18626.099671653,"latency_ms":1.351}
{"alert_id":749,"customer_id":"customer_517","symbol":"PROVEUSDT","price":0.2506,"threshold":0.25057873,"direction":"above","ingested_at":18627.098786686,"emitted_at":18627.099301129,"latency_ms":0.514}
{"alert_id":750,"customer_id":"customer_702","symbol":"USDCUSD","price":0.9996,"threshold":0.99963098,"direction":"below","ingested_at":18627.098786686,"emitted_at":18627.09947467,"latency_ms":0.688}
{"alert_id":751,"customer_id":"customer_717","symbol":"UUSDT","price":0.9999,"threshold":0.99983535,"direction":"above","ingested_at":18627.098786686,"emitted_at":18627.099522503,"latency_ms":0.736}
{"alert_id":752,"customer_id":"customer_930","symbol":"BNBJPY","price":99473.0,"threshold":99488.69901518,"direction":"below","ingested_at":18627.098786686,"emitted_at":18627.099560424,"latency_ms":0.774}
{"alert_id":753,"customer_id":"customer_269","symbol":"ETHEURI","price":2030.46,"threshold":2029.58506047,"direction":"above","ingested_at":18627.098786686,"emitted_at":18627.099634175,"latency_ms":0.847}
{"alert_id":754,"customer_id":"customer_926","symbol":"BNBETH","price":0.2655,"threshold":0.2655341,"direction":"below","ingested_at":18628.100926249,"emitted_at":18628.101371923,"latency_ms":0.446}
{"alert_id":755,"customer_id":"customer_113","symbol":"BELUSDT","price":0.1091,"threshold":0.10905998,"direction":"above","ingested_at":18628.100926249,"emitted_at":18628.10153062,"latency_ms":0.604}
{"alert_id":756,"customer_id":"customer_573","symbol":"SENTTRY","price":0.7556,"threshold":0.75486664,"direction":"above","ingested_at":18628.100926249,"emitted_at":18628.10164691,"latency_ms":0.721}
{"alert_id":757,"customer_id":"customer_799","symbol":"币安人生U","price":0.3745,"threshold":0.37400341,"direction":"above","ingested_at":18628.100926249,"emitted_at":18628.101680526,"latency_ms":0.754}
{"alert_id":758,"customer_id":"customer_415","symbol":"MBLUSDT","price":0.000931,"threshold":0.00093078,"direction":"above","ingested_at":18628.100926249,"emitted_at":18628.101715208,"latency_ms":0.789}
{"alert_id":759,"customer_id":"customer_804","symbol":"1000CHEEMSUSDT","price":0.000638,"threshold":0.00063837,"direction":"below","ingested_at":18628.100926249,"emitted_at":18628.101758454,"latency_ms":0.832}
{"alert_id":760,"customer_id":"customer_755","symbol":"XPLUSDT","price":0.0932,"threshold":0.09319217,"direction":"above","ingested_at":18629.104835334,"emitted_at":18629.10611848,"latency_ms":1.283}
{"alert_id":761,"customer_id":"customer_307","symbol":"GIGGLEUSDT","price":35.08,"threshold":35.07126062,"direction":"above","ingested_at":18629.104835334,"emitted_at":18629.106316827,"latency_ms":1.481}
{"alert_id":762,"customer_id":"customer_702","symbol":"USDCUSD","price":0.9996,"threshold":0.99963098,"direction":"below","ingested_at":18629.104835334,"emitted_at":18629.10640925,"latency_ms":1.574}
{"alert_id":763,"customer_id":"customer_970","symbol":"CELRUSDT","price":0.002753,"threshold":0.00275339,"direction":"below","ingested_at":18629.104835334,"emitted_at":18629.106495514,"latency_ms":1.66}
{"alert_id":764,"customer_id":"customer_156","symbol":"BTCU","price":81307.74,"threshold":81310.39153713,"direction":"below","ingested_at":18629.104835334,"emitted_at":18629.106537174,"latency_ms":1.702}
{"alert_id":765,"customer_id":"customer_570","symbol":"SCUSDT","price":0.000938,"threshold":0.00093833,"direction":"below","ingested_at":18629.104835334,"emitted_at":18629.10662866,"latency_ms":1.793}
{"alert_id":766,"customer_id":"customer_900","symbol":"BANANAS31USDC","price":0.011176,"threshold":0.01119795,"direction":"below","ingested_at":18630.104204359,"emitted_at":18630.104617327,"latency_ms":0.413}
{"alert_id":767,"customer_id":"customer_65","symbol":"ASRUSDT","price":1.25,"threshold":1.24565967,"direction":"above","ingested_at":18630.104204359,"emitted_at":18630.104809608,"latency_ms":0.605}
{"alert_id":768,"customer_id":"customer_707","symbol":"USDTIDR","price":17383.0,"threshold":17382.00407024,"direction":"above","ingested_at":18630.104204359,"emitted_at":18630.104890016,"latency_ms":0.686}
{"alert_id":769,"customer_id":"customer_800","symbol":"币安人生USDC","price":0.3735,"threshold":0.3740949,"direction":"below","ingested_at":18630.104204359,"emitted_at":18630.104929228,"latency_ms":0.725}
{"alert_id":770,"customer_id":"customer_953","symbol":"BTCJPY","price":12827499.0,"threshold":12826432.83482979,"direction":"above","ingested_at":18630.104204359,"emitted_at":18630.104965328,"latency_ms":0.761}
{"alert_id":771,"customer_id":"customer_710","symbol":"USDTTRY","price":45.2,"threshold":45.20406316,"direction":"below","ingested_at":18630.104204359,"emitted_at":18630.105034872,"latency_ms":0.831}
{"alert_id":772,"customer_id":"customer_441","symbol":"NEARUSDT","price":1.274,"threshold":1.27392377,"direction":"above","ingested_at":18631.106368769,"emitted_at":18631.106749993,"latency_ms":0.381}
{"alert_id":773,"customer_id":"customer_481","symbol":"OSMOUSDT","price":0.0315,"threshold":0.03144205,"direction":"above","ingested_at":18631.106368769,"emitted_at":18631.106900381,"latency_ms":0.532}
{"alert_id":774,"customer_id":"customer_575","symbol":"SENTUSDT","price":0.01671,"threshold":0.0167005,"direction":"above","ingested_at":18631.106368769,"emitted_at":18631.106994169,"latency_ms":0.625}
{"alert_id":775,"customer_id":"customer_514","symbol":"PORTALUSDT","price":0.0115,"threshold":0.01150148,"direction":"below","ingested_at":18631.106368769,"emitted_at":18631.107037299,"latency_ms":0.669}
{"alert_id":776,"customer_id":"customer_612","symbol":"STOUSDT","price":0.0864,"threshold":0.0864952,"direction":"below","ingested_at":18632.103486845,"emitted_at":18632.104490025,"latency_ms":1.003}
{"alert_id":777,"customer_id":"customer_610","symbol":"STOTRY","price":3.907,"threshold":3.90748595,"direction":"below","ingested_at":18632.103486845,"emitted_at":18632.104672963,"latency_ms":1.186}
{"alert_id":778,"customer_id":"customer_600","symbol":"SOPHUSDT","price":0.00868,"threshold":0.00868248,"direction":"below","ingested_at":18632.103486845,"emitted_at":18632.104720766,"latency_ms":1.234}
{"alert_id":779,"customer_id":"customer_150","symbol":"BTCFDUSD","price":81360.01,"threshold":81368.80847462,"direction":"below","ingested_at":18632.103486845,"emitted_at":18632.104770529,"latency_ms":1.284}
{"alert_id":780,"customer_id":"customer_777","symbol":"ZBTTRY","price":8.5,"threshold":8.49501854,"direction":"above","ingested_at":18632.103486845,"emitted_at":18632.104812283,"latency_ms":1.325}
{"alert_id":781,"customer_id":"customer_626","symbol":"SUIUSDC","price":0.9618,"threshold":0.96185419,"direction":"below","ingested_at":18632.103486845,"emitted_at":18632.104871807,"latency_ms":1.385}
{"alert_id":782,"customer_id":"customer_932","symbol":"BNBU","price":630.4,"threshold":630.40462059,"direction":"below","ingested_at":18632.103486845,"emitted_at":18632.104917068,"latency_ms":1.43}
{"alert_id":783,"customer_id":"customer_974","symbol":"CFGUSDT","price":0.2464,"threshold":0.24648966,"direction":"below","ingested_at":18632.103486845,"emitted_at":18632.10497214,"latency_ms":1.485}
{"alert_id":784,"customer_id":"customer_172","symbol":"CFGUSDC","price":0.2464,"threshold":0.24656501,"direction":"below","ingested_at":18632.103486845,"emitted_at":18632.104996957,"latency_ms":1.51}
{"alert_id":785,"customer_id":"customer_706","symbol":"USDTCOP","price":3696.0,"threshold":3696.44941751,"direction":"below","ingested_at":18632.103486845,"emitted_at":18632.105056763,"latency_ms":1.57}
{"alert_id":786,"customer_id":"customer_268","symbol":"ETHEUR","price":2028.96,"threshold":2029.3166378,"direction":"below","ingested_at":18632.103486845,"emitted_at":18632.105085517,"latency_ms":1.599}
{"alert_id":787,"customer_id":"customer_992","symbol":"COTIUSDT","price":0.01404,"threshold":0.01404113,"direction":"below","ingested_at":18632.103486845,"emitted_at":18632.105117578,"latency_ms":1.631}
{"alert_id":788,"customer_id":"customer_988","symbol":"COMPUSDC","price":23.78,"threshold":23.794012939999998,"direction":"below","ingested_at":18633.102343487,"emitted_at":18633.102812485,"latency_ms":0.469}
{"alert_id":789,"customer_id":"customer_928","symbol":"BNBFDUSD","price":630.88,"threshold":630.94918931,"direction":"below","ingested_at":18633.102343487,"emitted_at":18633.102960767,"latency_ms":0.617}
{"alert_id":790,"customer_id":"customer_86","symbol":"AVAXUSDC","price":9.38,"threshold":9.38170505,"direction":"below","ingested_at":18633.102343487,"emitted_at":18633.103028745,"latency_ms":0.685}
{"alert_id":791,"customer_id":"customer_282","symbol":"EURUSDC","price":1.1698,"threshold":1.16988519,"direction":"below","ingested_at":18633.102343487,"emitted_at":18633.10307224,"latency_ms":0.729}
{"alert_id":792,"customer_id":"customer_148","symbol":"BTCEUR","price":69484.87,"threshold":69486.45009626,"direction":"below","ingested_at":18633.102343487,"emitted_at":18633.103100138,"latency_ms":0.757}
{"alert_id":793,"customer_id":"customer_834","symbol":"AIXBTUSDT","price":0.0344,"threshold":0.03440107,"direction":"below","ingested_at":18633.102343487,"emitted_at":18633.103135529,"latency_ms":0.792}
{"alert_id":794,"customer_id":"customer_278","symbol":"ETHUSDT","price":2373.16,"threshold":2373.20956243,"direction":"below","ingested_at":18634.1024621,"emitted_at":18634.102963025,"latency_ms":0.501}
{"alert_id":795,"customer_id":"customer_936","symbol":"BNBUSDT","price":630.28,"threshold":630.30421359,"direction":"below","ingested_at":18634.1024621,"emitted_at":18634.103171485,"latency_ms":0.709}
{"alert_id":796,"customer_id":"customer_224","symbol":"DOLOUSDT","price":0.0332,"threshold":0.03327628,"direction":"below","ingested_at":18634.1024621,"emitted_at":18634.103230832,"latency_ms":0.769}
{"alert_id":797,"customer_id":"customer_222","symbol":"DOLOTRY","price":1.5,"threshold":1.50248929,"direction":"below","ingested_at":18634.1024621,"emitted_at":18634.103257691,"latency_ms":0.796}
{"alert_id":798,"customer_id":"customer_480","symbol":"ORDIUSDT","price":5.132,"threshold":5.13242104,"direction":"below","ingested_at":18634.1024621,"emitted_at":18634.103306752,"latency_ms":0.845}
{"alert_id":799,"customer_id":"customer_174","symbol":"CFXUSDT","price":0.06127,"threshold":0.06127412,"direction":"below","ingested_at":18634.1024621,"emitted_at":18634.103331976,"latency_ms":0.87}
{"alert_id":800,"customer_id":"customer_274","symbol":"ETHTRY","price":107280.0,"threshold":107291.13265695,"direction":"below","ingested_at":18634.1024621,"emitted_at":18634.103420016,"latency_ms":0.958}
{"alert_id":801,"customer_id":"customer_5","symbol":"1000SATSUSDC","price":0.000015,"threshold":0.00001497,"direction":"above","ingested_at":18634.1024621,"emitted_at":18634.103449231,"latency_ms":0.987}
{"alert_id":802,"customer_id":"customer_924","symbol":"BNBBRL","price":3099.0,"threshold":3099.85215708,"direction":"below","ingested_at":18635.104709176,"emitted_at":18635.105506994,"latency_ms":0.798}
{"alert_id":803,"customer_id":"customer_408","symbol":"MAGICTRY","price":2.96,"threshold":2.96778159,"direction":"below","ingested_at":18635.104709176,"emitted_at":18635.105689478,"latency_ms":0.98}
{"alert_id":804,"customer_id":"customer_826","symbol":"ADATRY","price":11.6,"threshold":11.6022922,"direction":"below","ingested_at":18635.104709176,"emitted_at":18635.105749996,"latency_ms":1.041}
{"alert_id":805,"customer_id":"customer_48","symbol":"ANKRUSDT","price":0.00492,"threshold":0.00492348,"direction":"below","ingested_at":18635.104709176,"emitted_at":18635.105841586,"latency_ms":1.132}
{"alert_id":806,"customer_id":"customer_250","symbol":"ENAUSDC","price":0.1112,"threshold":0.11136049,"direction":"below","ingested_at":18635.104709176,"emitted_at":18635.105875437,"latency_ms":1.166}
{"alert_id":807,"customer_id":"customer_956","symbol":"BTCTRY","price":3674528.0,"threshold":3674714.05631113,"direction":"below","ingested_at":18635.104709176,"emitted_at":18635.10591415,"latency_ms":1.205}
{"alert_id":808,"customer_id":"customer_538","symbol":"RENDERUSDT","price":1.889,"threshold":1.88988236,"direction":"below","ingested_at":18635.104709176,"emitted_at":18635.105940894,"latency_ms":1.232}
{"alert_id":809,"customer_id":"customer_690","symbol":"UMAUSDT","price":0.469,"threshold":0.46950874,"direction":"below","ingested_at":18636.114821131,"emitted_at":18636.115408735,"latency_ms":0.588}
{"alert_id":810,"customer_id":"customer_559","symbol":"SAHARATRY","price":1.1326,"threshold":1.13143819,"direction":"above","ingested_at":18636.114821131,"emitted_at":18636.115609306,"latency_ms":0.788}
{"alert_id":811,"customer_id":"customer_695","symbol":"USD1USDC","price":1.0001,"threshold":1.00004674,"direction":"above","ingested_at":18636.114821131,"emitted_at":18636.115672036,"latency_ms":0.851}
{"alert_id":812,"customer_id":"customer_703","symbol":"USDCUSDT","price":0.99991,"threshold":0.9999066,"direction":"above","ingested_at":18636.114821131,"emitted_at":18636.115705269,"latency_ms":0.884}
{"alert_id":813,"customer_id":"customer_254","symbol":"ENJUSDT","price":0.04965,"threshold":0.04965875,"direction":"below","ingested_at":18636.114821131,"emitted_at":18636.115759908,"latency_ms":0.939}
{"alert_id":814,"customer_id":"customer_152","symbol":"BTCJPY","price":12821819.0,"threshold":12823084.69382897,"direction":"below","ingested_at":18636.114821131,"emitted_at":18636.115813862,"latency_ms":0.993}
{"alert_id":815,"customer_id":"customer_710","symbol":"USDTTRY","price":45.2,"threshold":45.20406316,"direction":"below","ingested_at":18636.114821131,"emitted_at":18636.11586032,"latency_ms":1.039}
{"alert_id":816,"customer_id":"customer_661","symbol":"TONUSDC","price":1.802,"threshold":1.80188911,"direction":"above","ingested_at":18636.114821131,"emitted_at":18636.115886954,"latency_ms":1.066}
{"alert_id":817,"customer_id":"customer_634","symbol":"SXTUSDT","price":0.01446,"threshold":0.01446495,"direction":"below","ingested_at":18637.109695393,"emitted_at":18637.110231592,"latency_ms":0.536}
{"alert_id":818,"customer_id":"customer_779","symbol":"ZBTUSDT","price":0.1882,"threshold":0.18812359,"direction":"above","ingested_at":18637.109695393,"emitted_at":18637.110450588,"latency_ms":0.755}
{"alert_id":819,"customer_id":"customer_887","symbol":"AVAXUSDC","price":9.38,"threshold":9.37653631,"direction":"above","ingested_at":18637.109695393,"emitted_at":18637.11052075,"latency_ms":0.825}
{"alert_id":820,"customer_id":"customer_953","symbol":"BTCJPY","price":12827667.0,"threshold":12826432.83482979,"direction":"above","ingested_at":18637.109695393,"emitted_at":18637.110573107,"latency_ms":0.878}
{"alert_id":821,"customer_id":"customer_991","symbol":"COSUSDT","price":0.001129,"threshold":0.00112695,"direction":"above","ingested_at":18637.109695393,"emitted_at":18637.110615569,"latency_ms":0.92}
{"alert_id":822,"customer_id":"customer_804","symbol":"1000CHEEMSUSDT","price":0.000638,"threshold":0.00063837,"direction":"below","ingested_at":18637.109695393,"emitted_at":18637.110671957,"latency_ms":0.977}
{"alert_id":823,"customer_id":"customer_768","symbol":"XRPUSDT","price":1.4085,"threshold":1.40852363,"direction":"below","ingested_at":18638.105812713,"emitted_at":18638.106637965,"latency_ms":0.825}
{"alert_id":824,"customer_id":"customer_703","symbol":"USDCUSDT","price":0.99991,"threshold":0.9999066,"direction":"above","ingested_at":18638.105812713,"emitted_at":18638.106841275,"latency_ms":1.029}
{"alert_id":825,"customer_id":"customer_590","symbol":"SOLEUR","price":72.94,"threshold":72.95345338,"direction":"below","ingested_at":18638.105812713,"emitted_at":18638.106884504,"latency_ms":1.072}
{"alert_id":826,"customer_id":"customer_26","symbol":"ADAUSDC","price":0.2567,"threshold":0.25674288,"direction":"below","ingested_at":18638.105812713,"emitted_at":18638.106925694,"latency_ms":1.113}
{"alert_id":827,"customer_id":"customer_594","symbol":"SOLU","price":85.31,"threshold":85.31791582,"direction":"below","ingested_at":18638.105812713,"emitted_at":18638.106961651,"latency_ms":1.149}
{"alert_id":828,"customer_id":"customer_893","symbol":"AXLUSDT","price":0.0801,"threshold":0.0800223,"direction":"above","ingested_at":18638.105812713,"emitted_at":18638.106989879,"latency_ms":1.177}
{"alert_id":829,"customer_id":"customer_218","symbol":"DOGEUSDT","price":0.11209,"threshold":0.11209172,"direction":"below","ingested_at":18638.105812713,"emitted_at":18638.107041604,"latency_ms":1.229}
{"alert_id":830,"customer_id":"customer_564","symbol":"SANTOSTRY","price":50.39,"threshold":50.51497624,"direction":"below","ingested_at":18638.105812713,"emitted_at":18638.107113723,"latency_ms":1.301}
{"alert_id":831,"customer_id":"customer_327","symbol":"HEMITRY","price":0.3486,"threshold":0.34840535,"direction":"above","ingested_at":18639.106216371,"emitted_at":18639.106732694,"latency_ms":0.516}
{"alert_id":832,"customer_id":"customer_871","symbol":"ASTRUSDT","price":0.008614,"threshold":0.00861243,"direction":"above","ingested_at":18639.106216371,"emitted_at":18639.106963078,"latency_ms":0.747}
{"alert_id":833,"customer_id":"customer_961","symbol":"BTCUSDT","price":81289.62,"threshold":81283.79996695,"direction":"above","ingested_at":18640.119348532,"emitted_at":18640.119846517,"latency_ms":0.498}
{"alert_id":834,"customer_id":"customer_500","symbol":"PEPEUSDT","price":0.00000407,"threshold":0.00000407,"direction":"below","ingested_at":18640.119348532,"emitted_at":18640.120133296,"latency_ms":0.785}
{"alert_id":835,"customer_id":"customer_229","symbol":"DOTTRY","price":57.2,"threshold":57.16971419,"direction":"above","ingested_at":18640.119348532,"emitted_at":18640.120188898,"latency_ms":0.84}
{"alert_id":836,"customer_id":"customer_755","symbol":"XPLUSDT","price":0.0932,"threshold":0.09319217,"direction":"above","ingested_at":18640.119348532,"emitted_at":18640.120222956,"latency_ms":0.874}
{"alert_id":837,"customer_id":"customer_265","symbol":"ETCUSDT","price":8.89,"threshold":8.88426891,"direction":"above","ingested_at":18640.119348532,"emitted_at":18640.120251507,"latency_ms":0.903}
{"alert_id":838,"customer_id":"customer_230","symbol":"DOTUSDC","price":1.264,"threshold":1.2647486,"direction":"below","ingested_at":18640.119348532,"emitted_at":18640.120303188,"latency_ms":0.955}
{"alert_id":839,"customer_id":"customer_748","symbol":"XECUSDT","price":0.00000724,"threshold":0.00000724,"direction":"below","ingested_at":18640.119348532,"emitted_at":18640.120364022,"latency_ms":1.015}
{"alert_id":840,"customer_id":"customer_557","symbol":"RUNEUSDT","price":0.546,"threshold":0.545437,"direction":"above","ingested_at":18641.115942162,"emitted_at":18641.116416457,"latency_ms":0.474}
{"alert_id":841,"customer_id":"customer_696","symbol":"USD1USDT","price":0.9999,"threshold":0.99994934,"direction":"below","ingested_at":18641.115942162,"emitted_at":18641.116606438,"latency_ms":0.664}
{"alert_id":842,"customer_id":"customer_671","symbol":"TRXBNB","price":0.0005446,"threshold":0.00054442,"direction":"above","ingested_at":18641.115942162,"emitted_at":18641.116666053,"latency_ms":0.724}
{"alert_id":843,"customer_id":"customer_720","symbol":"VANRYUSDT","price":0.005283,"threshold":0.00528395,"direction":"below","ingested_at":18641.115942162,"emitted_at":18641.116695485,"latency_ms":0.753}
{"alert_id":844,"customer_id":"customer_694","symbol":"USD1U","price":1.0,"threshold":1.00005871,"direction":"below","ingested_at":18641.115942162,"emitted_at":18641.116759896,"latency_ms":0.818}
{"alert_id":845,"customer_id":"customer_708","symbol":"USDTKZT","price":465.1,"threshold":465.42098565,"direction":"below","ingested_at":18641.115942162,"emitted_at":18641.116801326,"latency_ms":0.859}
{"alert_id":846,"customer_id":"customer_292","symbol":"FIDAUSDT","price":0.01716,"threshold":0.01717711,"direction":"below","ingested_at":18641.115942162,"emitted_at":18641.11683462,"latency_ms":0.892}
{"alert_id":847,"customer_id":"customer_246","symbol":"EIGENUSDT","price":0.1867,"threshold":0.18672033,"direction":"below","ingested_at":18641.115942162,"emitted_at":18641.116870276,"latency_ms":0.928}
{"alert_id":848,"customer_id":"customer_42","symbol":"ALPINEUSDT","price":0.447,"threshold":0.44758895,"direction":"below","ingested_at":18641.115942162,"emitted_at":18641.116906412,"latency_ms":0.964}
{"alert_id":849,"customer_id":"customer_294","symbol":"FILUSDT","price":0.95,"threshold":0.95092922,"direction":"below","ingested_at":18642.126427941,"emitted_at":18642.126977149,"latency_ms":0.549}
{"alert_id":850,"customer_id":"customer_413","symbol":"MASKUSDC","price":0.489,"threshold":0.48846969,"direction":"above","ingested_at":18642.126427941,"emitted_at":18642.12723105,"latency_ms":0.803}
{"alert_id":851,"customer_id":"customer_731","symbol":"WBTCUSDT","price":81109.23,"threshold":81040.56676445,"direction":"above","ingested_at":18642.126427941,"emitted_at":18642.127280995,"latency_ms":0.853}
{"alert_id":852,"customer_id":"customer_27","symbol":"ADAUSDT","price":0.2567,"threshold":0.25664814,"direction":"above","ingested_at":18642.126427941,"emitted_at":18642.127316687,"latency_ms":0.889}
{"alert_id":853,"customer_id":"customer_768","symbol":"XRPUSDT","price":1.4085,"threshold":1.40852363,"direction":"below","ingested_at":18642.126427941,"emitted_at":18642.127342201,"latency_ms":0.914}
{"alert_id":854,"customer_id":"customer_811","symbol":"2ZUSDT","price":0.09214,"threshold":0.09211401,"direction":"above","ingested_at":18642.126427941,"emitted_at":18642.127372351,"latency_ms":0.944}
{"alert_id":855,"customer_id":"customer_678","symbol":"TRXUSDT","price":0.3432,"threshold":0.34325895,"direction":"below","ingested_at":18642.126427941,"emitted_at":18642.127426214,"latency_ms":0.998}
{"alert_id":856,"customer_id":"customer_751","symbol":"XLMUSDC","price":0.1587,"threshold":0.15861195,"direction":"above","ingested_at":18642.126427941,"emitted_at":18642.127485461,"latency_ms":1.058}
{"alert_id":857,"customer_id":"customer_724","symbol":"VIRTUALUSDC","price":0.8018,"threshold":0.80186191,"direction":"below","ingested_at":18643.145445834,"emitted_at":18643.146224994,"latency_ms":0.779}
{"alert_id":858,"customer_id":"customer_80","symbol":"AUSDT","price":0.0877,"threshold":0.08771743,"direction":"below","ingested_at":18643.145445834,"emitted_at":18643.146400537,"latency_ms":0.955}
{"alert_id":859,"customer_id":"customer_25","symbol":"ADATRY","price":11.61,"threshold":11.60619465,"direction":"above","ingested_at":18643.145445834,"emitted_at":18643.14646427,"latency_ms":1.018}
{"alert_id":860,"customer_id":"customer_571","symbol":"SEIUSDC","price":0.0594,"threshold":0.05932379,"direction":"above","ingested_at":18643.145445834,"emitted_at":18643.146533521,"latency_ms":1.088}
{"alert_id":861,"customer_id":"customer_970","symbol":"CELRUSDT","price":0.002753,"threshold":0.00275339,"direction":"below","ingested_at":18643.145445834,"emitted_at":18643.146559395,"latency_ms":1.114}
{"alert_id":862,"customer_id":"customer_33","symbol":"AIXBTUSDT","price":0.0345,"threshold":0.03440296,"direction":"above","ingested_at":18643.145445834,"emitted_at":18643.146659203,"latency_ms":1.213}
{"alert_id":863,"customer_id":"customer_804","symbol":"1000CHEEMSUSDT","price":0.000638,"threshold":0.00063837,"direction":"below","ingested_at":18643.145445834,"emitted_at":18643.146682996,"latency_ms":1.237}
{"alert_id":864,"customer_id":"customer_637","symbol":"SYRUPUSDT","price":0.2555,"threshold":0.25542496,"direction":"above","ingested_at":18644.192697722,"emitted_at":18644.193126661,"latency_ms":0.429}
{"alert_id":865,"customer_id":"customer_461","symbol":"NXPCUSDT","price":0.2991,"threshold":0.29886147,"direction":"above","ingested_at":18644.192697722,"emitted_at":18644.193277314,"latency_ms":0.58}
{"alert_id":866,"customer_id":"customer_399","symbol":"LTCUSDT","price":55.63,"threshold":55.62023094,"direction":"above","ingested_at":18644.192697722,"emitted_at":18644.193305444,"latency_ms":0.608}
{"alert_id":867,"customer_id":"customer_730","symbol":"WBETHUSDT","price":2599.11,"threshold":2599.53226682,"direction":"below","ingested_at":18644.192697722,"emitted_at":18644.193336229,"latency_ms":0.639}
{"alert_id":868,"customer_id":"customer_1","symbol":"0GUSDT","price":0.538,"threshold":0.53741357,"direction":"above","ingested_at":18644.192697722,"emitted_at":18644.193359627,"latency_ms":0.662}
{"alert_id":869,"customer_id":"customer_707","symbol":"USDTIDR","price":17383.0,"threshold":17382.00407024,"direction":"above","ingested_at":18644.192697722,"emitted_at":18644.193396577,"latency_ms":0.699}
{"alert_id":870,"customer_id":"customer_625","symbol":"SUIUSD1","price":0.9623,"threshold":0.96118471,"direction":"above","ingested_at":18644.192697722,"emitted_at":18644.193416021,"latency_ms":0.718}
{"alert_id":871,"customer_id":"customer_827","symbol":"ADAUSDC","price":0.2567,"threshold":0.25669085,"direction":"above","ingested_at":18644.192697722,"emitted_at":18644.193435958,"latency_ms":0.738}
{"alert_id":872,"customer_id":"customer_284","symbol":"FARMUSDT","price":12.08,"threshold":12.08524281,"direction":"below","ingested_at":18644.192697722,"emitted_at":18644.193461966,"latency_ms":0.764}
{"alert_id":873,"customer_id":"customer_126","symbol":"BNBEUR","price":538.74,"threshold":538.74660547,"direction":"below","ingested_at":18644.192697722,"emitted_at":18644.19348628,"latency_ms":0.789}
{"alert_id":874,"customer_id":"customer_662","symbol":"TONUSDT","price":1.803,"threshold":1.80320228,"direction":"below","ingested_at":18644.192697722,"emitted_at":18644.193515248,"latency_ms":0.818}
{"alert_id":875,"customer_id":"customer_371","symbol":"KAITOUSDT","price":0.489,"threshold":0.48882908,"direction":"above","ingested_at":18644.192697722,"emitted_at":18644.193569433,"latency_ms":0.872}
{"alert_id":876,"customer_id":"customer_266","symbol":"ETHBRL","price":11666.8,"threshold":11666.99643818,"direction":"below","ingested_at":18645.176956374,"emitted_at":18645.177498124,"latency_ms":0.542}
{"alert_id":877,"customer_id":"customer_447","symbol":"NEWTUSDT","price":0.0755,"threshold":0.07543989,"direction":"above","ingested_at":18645.176956374,"emitted_at":18645.177684397,"latency_ms":0.728}
{"alert_id":878,"customer_id":"customer_94","symbol":"AXSUSDC","price":1.346,"threshold":1.34621677,"direction":"below","ingested_at":18645.176956374,"emitted_at":18645.177726829,"latency_ms":0.77}
{"alert_id":879,"customer_id":"customer_364","symbol":"JTOTRY","price":16.09,"threshold":16.09992206,"direction":"below","ingested_at":18645.176956374,"emitted_at":18645.177783054,"latency_ms":0.827}
{"alert_id":880,"customer_id":"customer_529","symbol":"RAYUSDC","price":0.81,"threshold":0.8090856,"direction":"above","ingested_at":18645.176956374,"emitted_at":18645.177870946,"latency_ms":0.915}
{"alert_id":881,"customer_id":"customer_593","symbol":"SOLTRY","price":3857.0,"threshold":3856.61707792,"direction":"above","ingested_at":18646.115386128,"emitted_at":18646.11576888,"latency_ms":0.383}
{"alert_id":882,"customer_id":"customer_460","symbol":"NOTUSDT","price":0.000486,"threshold":0.0004863,"direction":"below","ingested_at":18646.115386128,"emitted_at":18646.115925531,"latency_ms":0.539}
{"alert_id":883,"customer_id":"customer_179","symbol":"CHRUSDT","price":0.0279,"threshold":0.02787962,"direction":"above","ingested_at":18646.115386128,"emitted_at":18646.115968545,"latency_ms":0.582}
{"alert_id":884,"customer_id":"customer_310","symbol":"GMTUSDT","price":0.01077,"threshold":0.01077496,"direction":"below","ingested_at":18646.115386128,"emitted_at":18646.116015631,"latency_ms":0.63}
{"alert_id":885,"customer_id":"customer_721","symbol":"VETUSDC","price":0.007301,"threshold":0.00730064,"direction":"above","ingested_at":18647.110175183,"emitted_at":18647.110521291,"latency_ms":0.346}
{"alert_id":886,"customer_id":"customer_394","symbol":"LQTYUSDT","price":0.311,"threshold":0.31172017,"direction":"below","ingested_at":18647.110175183,"emitted_at":18647.110667437,"latency_ms":0.492}
{"alert_id":887,"customer_id":"customer_399","symbol":"LTCUSDT","price":55.63,"threshold":55.62023094,"direction":"above","ingested_at":18647.110175183,"emitted_at":18647.110696466,"latency_ms":0.521}
{"alert_id":888,"customer_id":"customer_743","symbol":"WLFIUSDT","price":0.0647,"threshold":0.06467745,"direction":"above","ingested_at":18647.110175183,"emitted_at":18647.110720106,"latency_ms":0.545}
{"alert_id":889,"customer_id":"customer_27","symbol":"ADAUSDT","price":0.2567,"threshold":0.25664814,"direction":"above","ingested_at":18647.110175183,"emitted_at":18647.110735494,"latency_ms":0.56}
{"alert_id":890,"customer_id":"customer_142","symbol":"BONKUSDT","price":0.00000643,"threshold":0.00000643,"direction":"below","ingested_at":18647.110175183,"emitted_at":18647.110764295,"latency_ms":0.589}
{"alert_id":891,"customer_id":"customer_703","symbol":"USDCUSDT","price":0.99991,"threshold":0.9999066,"direction":"above","ingested_at":18647.110175183,"emitted_at":18647.110784653,"latency_ms":0.609}
{"alert_id":892,"customer_id":"customer_624","symbol":"SUIU","price":0.9622,"threshold":0.96258018,"direction":"below","ingested_at":18647.110175183,"emitted_at":18647.110812547,"latency_ms":0.637}
{"alert_id":893,"customer_id":"customer_764","symbol":"XRPTRY","price":63.68,"threshold":63.68666043,"direction":"below","ingested_at":18648.104213392,"emitted_at":18648.105225368,"latency_ms":1.012}
{"alert_id":894,"customer_id":"customer_830","symbol":"ADXUSDT","price":0.0774,"threshold":0.07740266,"direction":"below","ingested_at":18648.104213392,"emitted_at":18648.105410964,"latency_ms":1.198}
{"alert_id":895,"customer_id":"customer_711","symbol":"USDTUAH","price":45.45,"threshold":45.42185372,"direction":"above","ingested_at":18648.104213392,"emitted_at":18648.105490562,"latency_ms":1.277}
{"alert_id":896,"customer_id":"customer_704","symbol":"USDTARS","price":1486.2,"threshold":1486.24737955,"direction":"below","ingested_at":18649.111424167,"emitted_at":18649.111861666,"latency_ms":0.437}
{"alert_id":897,"customer_id":"customer_500","symbol":"PEPEUSDT","price":0.00000407,"threshold":0.00000407,"direction":"below","ingested_at":18649.111424167,"emitted_at":18649.112041782,"latency_ms":0.618}
{"alert_id":898,"customer_id":"customer_821","symbol":"ACMUSDT","price":0.423,"threshold":0.42239034,"direction":"above","ingested_at":18649.111424167,"emitted_at":18649.112074652,"latency_ms":0.65}
{"alert_id":899,"customer_id":"customer_699","symbol":"USDCMXN","price":17.42,"threshold":17.41206634,"direction":"above","ingested_at":18649.111424167,"emitted_at":18649.112118472,"latency_ms":0.694}
{"alert_id":900,"customer_id":"customer_939","symbol":"BOMEUSDC","price":0.000582,"threshold":0.00058133,"direction":"above","ingested_at":18649.111424167,"emitted_at":18649.11215373,"latency_ms":0.73}
{"alert_id":901,"customer_id":"customer_949","symbol":"BTCEUR","price":69501.23,"threshold":69500.36222105,"direction":"above","ingested_at":18649.111424167,"emitted_at":18649.112176063,"latency_ms":0.752}
{"alert_id":902,"customer_id":"customer_315","symbol":"GPSUSDT","price":0.008,"threshold":0.00799056,"direction":"above","ingested_at":18650.130425374,"emitted_at":18650.130755061,"latency_ms":0.33}
{"alert_id":903,"customer_id":"customer_19","symbol":"ACMTRY","price":19.13,"threshold":19.124714,"direction":"above","ingested_at":18650.130425374,"emitted_at":18650.130952907,"latency_ms":0.528}
{"alert_id":904,"customer_id":"customer_551","symbol":"ROBOUSDT","price":0.02002,"threshold":0.02000343,"direction":"above","ingested_at":18650.130425374,"emitted_at":18650.131067032,"latency_ms":0.642}
{"alert_id":905,"customer_id":"customer_556","symbol":"RUNEUSDC","price":0.545,"threshold":0.54575803,"direction":"below","ingested_at":18650.130425374,"emitted_at":18650.131099801,"latency_ms":0.674}
{"alert_id":906,"customer_id":"customer_723","symbol":"VIRTUALTRY","price":36.21,"threshold":36.19874936,"direction":"above","ingested_at":18651.139633504,"emitted_at":18651.139899428,"latency_ms":0.266}
{"alert_id":907,"customer_id":"customer_224","symbol":"DOLOUSDT","price":0.03317,"threshold":0.03327628,"direction":"below","ingested_at":18651.139633504,"emitted_at":18651.140063139,"latency_ms":0.43}
{"alert_id":908,"customer_id":"customer_222","symbol":"DOLOTRY","price":1.501,"threshold":1.50248929,"direction":"below","ingested_at":18651.139633504,"emitted_at":18651.140092727,"latency_ms":0.459}
{"alert_id":909,"customer_id":"customer_935","symbol":"BNBUSDC","price":630.38,"threshold":630.35179203,"direction":"above","ingested_at":18651.139633504,"emitted_at":18651.140130671,"latency_ms":0.497}
{"alert_id":910,"customer_id":"customer_415","symbol":"MBLUSDT","price":0.000931,"threshold":0.00093078,"direction":"above","ingested_at":18651.139633504,"emitted_at":18651.140178862,"latency_ms":0.545}
{"alert_id":911,"customer_id":"customer_808","symbol":"1MBABYDOGEUSDT","price":0.000437,"threshold":0.00043732,"direction":"below","ingested_at":18651.139633504,"emitted_at":18651.140195346,"latency_ms":0.562}
{"alert_id":912,"customer_id":"customer_515","symbol":"PORTOUSDT","price":0.828,"threshold":0.827135,"direction":"above","ingested_at":18651.139633504,"emitted_at":18651.140213947,"latency_ms":0.58}
{"alert_id":913,"customer_id":"customer_308","symbol":"GLMRUSDT","price":0.0169,"threshold":0.01693765,"direction":"below","ingested_at":18651.139633504,"emitted_at":18651.14024205,"latency_ms":0.609}
{"alert_id":914,"customer_id":"customer_71","symbol":"ATMUSDT","price":1.094,"threshold":1.09336975,"direction":"above","ingested_at":18652.176450258,"emitted_at":18652.176958252,"latency_ms":0.508}
{"alert_id":915,"customer_id":"customer_809","symbol":"2ZTRY","price":4.172,"threshold":4.16945876,"direction":"above","ingested_at":18652.176450258,"emitted_at":18652.177181406,"latency_ms":0.731}
{"alert_id":916,"customer_id":"customer_545","symbol":"REZUSDT","price":0.0053,"threshold":0.00529593,"direction":"above","ingested_at":18652.176450258,"emitted_at":18652.177306335,"latency_ms":0.856}
{"alert_id":917,"customer_id":"customer_889","symbol":"AVNTUSDC","price":0.1455,"threshold":0.14527454,"direction":"above","ingested_at":18653.21063315,"emitted_at":18653.211326485,"latency_ms":0.693}
{"alert_id":918,"customer_id":"customer_20","symbol":"ACMUSDT","price":0.422,"threshold":0.42248395,"direction":"below","ingested_at":18653.21063315,"emitted_at":18653.211548509,"latency_ms":0.915}
{"alert_id":919,"customer_id":"customer_204","symbol":"DASHUSDC","price":46.07,"threshold":46.08780795,"direction":"below","ingested_at":18653.21063315,"emitted_at":18653.211636953,"latency_ms":1.004}
{"alert_id":920,"customer_id":"customer_581","symbol":"SHIBUSDT","price":0.00000627,"threshold":0.00000627,"direction":"above","ingested_at":18653.21063315,"emitted_at":18653.211695604,"latency_ms":1.062}
{"alert_id":921,"customer_id":"customer_282","symbol":"EURUSDC","price":1.1698,"threshold":1.16988519,"direction":"below","ingested_at":18653.21063315,"emitted_at":18653.211800679,"latency_ms":1.168}
{"alert_id":922,"customer_id":"customer_452","symbol":"NIGHTTRY","price":1.42,"threshold":1.42857961,"direction":"below","ingested_at":18653.21063315,"emitted_at":18653.211837164,"latency_ms":1.204}
{"alert_id":923,"customer_id":"customer_644","symbol":"TAOU","price":285.3,"threshold":285.72186675,"direction":"below","ingested_at":18653.21063315,"emitted_at":18653.21188648,"latency_ms":1.253}
{"alert_id":924,"customer_id":"customer_710","symbol":"USDTTRY","price":45.2,"threshold":45.20406316,"direction":"below","ingested_at":18653.21063315,"emitted_at":18653.211944259,"latency_ms":1.311}
{"alert_id":925,"customer_id":"customer_597","symbol":"SOLUSDT","price":85.34,"threshold":85.33078207,"direction":"above","ingested_at":18653.21063315,"emitted_at":18653.211998443,"latency_ms":1.365}
{"alert_id":926,"customer_id":"customer_755","symbol":"XPLUSDT","price":0.0932,"threshold":0.09319217,"direction":"above","ingested_at":18654.12778091,"emitted_at":18654.128166323,"latency_ms":0.385}
{"alert_id":927,"customer_id":"customer_128","symbol":"BNBIDR","price":10959993.0,"threshold":10962496.76309138,"direction":"below","ingested_at":18654.12778091,"emitted_at":18654.128331923,"latency_ms":0.551}
{"alert_id":928,"customer_id":"customer_217","symbol":"DOGEUSDC","price":0.11216,"threshold":0.11215355,"direction":"above","ingested_at":18654.12778091,"emitted_at":18654.128389301,"latency_ms":0.608}
{"alert_id":929,"customer_id":"customer_495","symbol":"PENGUUSDT","price":0.011415,"threshold":0.01141306,"direction":"above","ingested_at":18654.12778091,"emitted_at":18654.128433353,"latency_ms":0.652}
{"alert_id":930,"customer_id":"customer_4","symbol":"1000SATSTRY","price":0.000677,"threshold":0.00067756,"direction":"below","ingested_at":18655.111143837,"emitted_at":18655.111592347,"latency_ms":0.449}
{"alert_id":931,"customer_id":"customer_805","symbol":"1000SATSTRY","price":0.000677,"threshold":0.0006766,"direction":"above","ingested_at":18655.111143837,"emitted_at":18655.111771871,"latency_ms":0.628}
{"alert_id":932,"customer_id":"customer_179","symbol":"CHRUSDT","price":0.0279,"threshold":0.02787962,"direction":"above","ingested_at":18655.111143837,"emitted_at":18655.111891969,"latency_ms":0.748}
{"alert_id":933,"customer_id":"customer_557","symbol":"RUNEUSDT","price":0.546,"threshold":0.545437,"direction":"above","ingested_at":18656.110829999,"emitted_at":18656.11095811,"latency_ms":0.128}
{"alert_id":934,"customer_id":"customer_145","symbol":"BROCCOLI714USDT","price":0.01849,"threshold":0.01848299,"direction":"above","ingested_at":18656.110829999,"emitted_at":18656.11104245,"latency_ms":0.212}
{"alert_id":935,"customer_id":"customer_87","symbol":"AVAXUSDT","price":9.39,"threshold":9.38240354,"direction":"above","ingested_at":18656.110829999,"emitted_at":18656.11105494,"latency_ms":0.225}
{"alert_id":936,"customer_id":"customer_703","symbol":"USDCUSDT","price":0.99991,"threshold":0.9999066,"direction":"above","ingested_at":18656.110829999,"emitted_at":18656.111096713,"latency_ms":0.267}
{"alert_id":937,"customer_id":"customer_717","symbol":"UUSDT","price":0.9999,"threshold":0.99983535,"direction":"above","ingested_at":18656.110829999,"emitted_at":18656.111108159,"latency_ms":0.278}
{"alert_id":938,"customer_id":"customer_440","symbol":"NEARUSDC","price":1.273,"threshold":1.27347874,"direction":"below","ingested_at":18656.110829999,"emitted_at":18656.111115956,"latency_ms":0.286}
{"alert_id":939,"customer_id":"customer_891","symbol":"AWEUSDT","price":0.05642,"threshold":0.05641765,"direction":"above","ingested_at":18657.109354346,"emitted_at":18657.109834703,"latency_ms":0.48}
{"alert_id":940,"customer_id":"customer_858","symbol":"ARBTRY","price":5.37,"threshold":5.37513793,"direction":"below","ingested_at":18657.109354346,"emitted_at":18657.110039234,"latency_ms":0.685}
{"alert_id":941,"customer_id":"customer_811","symbol":"2ZUSDT","price":0.09216,"threshold":0.09211401,"direction":"above","ingested_at":18657.109354346,"emitted_at":18657.11011165,"latency_ms":0.757}
{"alert_id":942,"customer_id":"customer_566","symbol":"SAPIENTRY","price":4.512,"threshold":4.51834724,"direction":"below","ingested_at":18657.109354346,"emitted_at":18657.1101582,"latency_ms":0.804}
{"alert_id":943,"customer_id":"customer_970","symbol":"CELRUSDT","price":0.002753,"threshold":0.00275339,"direction":"below","ingested_at":18657.109354346,"emitted_at":18657.110222518,"latency_ms":0.868}
{"alert_id":944,"customer_id":"customer_220","symbol":"DOGSUSDC","price":0.0000586,"threshold":0.00005872,"direction":"below","ingested_at":18657.109354346,"emitted_at":18657.110275047,"latency_ms":0.921}
{"alert_id":945,"customer_id":"customer_597","symbol":"SOLUSDT","price":85.34,"threshold":85.33078207,"direction":"above","ingested_at":18657.109354346,"emitted_at":18657.110301267,"latency_ms":0.947}
{"alert_id":946,"customer_id":"customer_652","symbol":"THEUSDT","price":0.102,"threshold":0.10203772,"direction":"below","ingested_at":18657.109354346,"emitted_at":18657.110333198,"latency_ms":0.979}
{"alert_id":947,"customer_id":"customer_447","symbol":"NEWTUSDT","price":0.0755,"threshold":0.07543989,"direction":"above","ingested_at":18658.112257127,"emitted_at":18658.112646726,"latency_ms":0.39}
{"alert_id":948,"customer_id":"customer_181","symbol":"CHZTRY","price":1.872,"threshold":1.87157472,"direction":"above","ingested_at":18658.112257127,"emitted_at":18658.112831168,"latency_ms":0.574}
{"alert_id":949,"customer_id":"customer_183","symbol":"CHZUSDT","price":0.04142,"threshold":0.04141842,"direction":"above","ingested_at":18658.112257127,"emitted_at":18658.112940745,"latency_ms":0.684}
{"alert_id":950,"customer_id":"customer_710","symbol":"USDTTRY","price":45.2,"threshold":45.20406316,"direction":"below","ingested_at":18658.112257127,"emitted_at":18658.112972227,"latency_ms":0.715}
{"alert_id":951,"customer_id":"customer_56","symbol":"APTUSDT","price":0.967,"threshold":0.96758707,"direction":"below","ingested_at":18659.110515284,"emitted_at":18659.111532525,"latency_ms":1.017}
{"alert_id":952,"customer_id":"customer_126","symbol":"BNBEUR","price":538.74,"threshold":538.74660547,"direction":"below","ingested_at":18659.110515284,"emitted_at":18659.111829723,"latency_ms":1.314}
{"alert_id":953,"customer_id":"customer_696","symbol":"USD1USDT","price":0.9999,"threshold":0.99994934,"direction":"below","ingested_at":18660.110944415,"emitted_at":18660.111090131,"latency_ms":0.146}
{"alert_id":954,"customer_id":"customer_89","symbol":"AVNTUSDT","price":0.1453,"threshold":0.1452383,"direction":"above","ingested_at":18660.110944415,"emitted_at":18660.111165062,"latency_ms":0.221}
{"alert_id":955,"customer_id":"customer_8","symbol":"2ZTRY","price":4.17,"threshold":4.17130175,"direction":"below","ingested_at":18660.110944415,"emitted_at":18660.111178648,"latency_ms":0.234}
{"alert_id":956,"customer_id":"customer_712","symbol":"USTCTRY","price":0.3793,"threshold":0.38007941,"direction":"below","ingested_at":18660.110944415,"emitted_at":18660.111194663,"latency_ms":0.25}
{"alert_id":957,"customer_id":"customer_703","symbol":"USDCUSDT","price":0.99991,"threshold":0.9999066,"direction":"above","ingested_at":18660.110944415,"emitted_at":18660.111204067,"latency_ms":0.26}
{"alert_id":958,"customer_id":"customer_156","symbol":"BTCU","price":81307.66,"threshold":81310.39153713,"direction":"below","ingested_at":18660.110944415,"emitted_at":18660.111216181,"latency_ms":0.272}
{"alert_id":959,"customer_id":"customer_131","symbol":"BNBU","price":630.28,"threshold":630.25765805,"direction":"above","ingested_at":18660.110944415,"emitted_at":18660.1112243,"latency_ms":0.28}
{"alert_id":960,"customer_id":"customer_710","symbol":"USDTTRY","price":45.2,"threshold":45.20406316,"direction":"below","ingested_at":18660.110944415,"emitted_at":18660.111238586,"latency_ms":0.294}
{"alert_id":961,"customer_id":"customer_258","symbol":"EPICUSDT","price":0.341,"threshold":0.34158989,"direction":"below","ingested_at":18661.112883785,"emitted_at":18661.113422998,"latency_ms":0.539}
{"alert_id":962,"customer_id":"customer_93","symbol":"AXSBTC","price":0.00001663,"threshold":0.00001661,"direction":"above","ingested_at":18661.112883785,"emitted_at":18661.11362367,"latency_ms":0.74}
{"alert_id":963,"customer_id":"customer_767","symbol":"XRPUSDC","price":1.4091,"threshold":1.40891389,"direction":"above","ingested_at":18661.112883785,"emitted_at":18661.113720672,"latency_ms":0.837}
{"alert_id":964,"customer_id":"customer_282","symbol":"EURUSDC","price":1.1698,"threshold":1.16988519,"direction":"below","ingested_at":18661.112883785,"emitted_at":18661.11379596,"latency_ms":0.912}
{"alert_id":965,"customer_id":"customer_495","symbol":"PENGUUSDT","price":0.011414,"threshold":0.01141306,"direction":"above","ingested_at":18661.112883785,"emitted_at":18661.1138707,"latency_ms":0.987}
{"alert_id":966,"customer_id":"customer_294","symbol":"FILUSDT","price":0.95,"threshold":0.95092922,"direction":"below","ingested_at":18662.11424417,"emitted_at":18662.114604652,"latency_ms":0.36}
{"alert_id":967,"customer_id":"customer_600","symbol":"SOPHUSDT","price":0.00868,"threshold":0.00868248,"direction":"below","ingested_at":18662.11424417,"emitted_at":18662.114767125,"latency_ms":0.523}
{"alert_id":968,"customer_id":"customer_561","symbol":"SAHARAUSDT","price":0.02507,"threshold":0.02505647,"direction":"above","ingested_at":18662.11424417,"emitted_at":18662.114798433,"latency_ms":0.554}
{"alert_id":969,"customer_id":"customer_704","symbol":"USDTARS","price":1486.2,"threshold":1486.24737955,"direction":"below","ingested_at":18662.11424417,"emitted_at":18662.114824872,"latency_ms":0.581}
{"alert_id":970,"customer_id":"customer_519","symbol":"PUMPUSDC","price":0.00183,"threshold":0.0018294,"direction":"above","ingested_at":18662.11424417,"emitted_at":18662.114850034,"latency_ms":0.606}
{"alert_id":971,"customer_id":"customer_826","symbol":"ADATRY","price":11.6,"threshold":11.6022922,"direction":"below","ingested_at":18662.11424417,"emitted_at":18662.114880555,"latency_ms":0.636}
{"alert_id":972,"customer_id":"customer_562","symbol":"SANDUSDC","price":0.0741,"threshold":0.07416863,"direction":"below","ingested_at":18662.11424417,"emitted_at":18662.114966986,"latency_ms":0.723}
{"alert_id":973,"customer_id":"customer_651","symbol":"THEUSDC","price":0.1021,"threshold":0.10207177,"direction":"above","ingested_at":18663.111959773,"emitted_at":18663.112624732,"latency_ms":0.665}
{"alert_id":974,"customer_id":"customer_156","symbol":"BTCU","price":81310.02,"threshold":81310.39153713,"direction":"below","ingested_at":18663.111959773,"emitted_at":18663.113028339,"latency_ms":1.069}
{"alert_id":975,"customer_id":"customer_365","symbol":"JTOUSDC","price":0.3567,"threshold":0.35589112,"direction":"above","ingested_at":18663.111959773,"emitted_at":18663.13423689,"latency_ms":22.277}
{"alert_id":976,"customer_id":"customer_288","symbol":"FETUSDC","price":0.2151,"threshold":0.2151575,"direction":"below","ingested_at":18664.11670248,"emitted_at":18664.117463096,"latency_ms":0.761}
{"alert_id":977,"customer_id":"customer_668","symbol":"TRUMPU","price":2.365,"threshold":2.36732203,"direction":"below","ingested_at":18664.11670248,"emitted_at":18664.117686463,"latency_ms":0.984}
{"alert_id":978,"customer_id":"customer_534","symbol":"RENDERBTC","price":0.00002324,"threshold":0.00002325,"direction":"below","ingested_at":18664.11670248,"emitted_at":18664.117749876,"latency_ms":1.047}
{"alert_id":979,"customer_id":"customer_399","symbol":"LTCUSDT","price":55.63,"threshold":55.62023094,"direction":"above","ingested_at":18665.118185802,"emitted_at":18665.118579927,"latency_ms":0.394}
{"alert_id":980,"customer_id":"customer_186","symbol":"CKBUSDT","price":0.001521,"threshold":0.00152145,"direction":"below","ingested_at":18665.118185802,"emitted_at":18665.118751063,"latency_ms":0.565}
{"alert_id":981,"customer_id":"customer_712","symbol":"USTCTRY","price":0.3783,"threshold":0.38007941,"direction":"below","ingested_at":18665.118185802,"emitted_at":18665.118799067,"latency_ms":0.613}
{"alert_id":982,"customer_id":"customer_703","symbol":"USDCUSDT","price":0.99991,"threshold":0.9999066,"direction":"above","ingested_at":18665.118185802,"emitted_at":18665.118834729,"latency_ms":0.649}
{"alert_id":983,"customer_id":"customer_462","symbol":"OGNUSDT","price":0.0241,"threshold":0.02412379,"direction":"below","ingested_at":18665.118185802,"emitted_at":18665.118907576,"latency_ms":0.722}
{"alert_id":984,"customer_id":"customer_415","symbol":"MBLUSDT","price":0.000931,"threshold":0.00093078,"direction":"above","ingested_at":18665.118185802,"emitted_at":18665.118936666,"latency_ms":0.751}
{"alert_id":985,"customer_id":"customer_597","symbol":"SOLUSDT","price":85.34,"threshold":85.33078207,"direction":"above","ingested_at":18665.118185802,"emitted_at":18665.118969965,"latency_ms":0.784}
{"alert_id":986,"customer_id":"customer_3","symbol":"1000CHEEMSUSDT","price":0.000638,"threshold":0.000638,"direction":"above","ingested_at":18665.118185802,"emitted_at":18665.119033529,"latency_ms":0.848}
{"alert_id":987,"customer_id":"customer_388","symbol":"LINEAUSDT","price":0.00358,"threshold":0.00358008,"direction":"below","ingested_at":18666.11343559,"emitted_at":18666.114389479,"latency_ms":0.954}
{"alert_id":988,"customer_id":"customer_678","symbol":"TRXUSDT","price":0.3432,"threshold":0.34325895,"direction":"below","ingested_at":18666.11343559,"emitted_at":18666.114613811,"latency_ms":1.178}
{"alert_id":989,"customer_id":"customer_256","symbol":"ENSOUSDT","price":0.936,"threshold":0.93666981,"direction":"below","ingested_at":18666.11343559,"emitted_at":18666.11464988,"latency_ms":1.214}
{"alert_id":990,"customer_id":"customer_156","symbol":"BTCU","price":81289.0,"threshold":81310.39153713,"direction":"below","ingested_at":18666.11343559,"emitted_at":18666.114748912,"latency_ms":1.313}
{"alert_id":991,"customer_id":"customer_940","symbol":"BOMEUSDT","price":0.000581,"threshold":0.00058119,"direction":"below","ingested_at":18666.11343559,"emitted_at":18666.114804163,"latency_ms":1.369}
{"alert_id":992,"customer_id":"customer_218","symbol":"DOGEUSDT","price":0.11209,"threshold":0.11209172,"direction":"below","ingested_at":18666.11343559,"emitted_at":18666.1148284,"latency_ms":1.393}
{"alert_id":993,"customer_id":"customer_995","symbol":"CRVTRY","price":10.85,"threshold":10.83395951,"direction":"above","ingested_at":18666.11343559,"emitted_at":18666.114855258,"latency_ms":1.42}
{"alert_id":994,"customer_id":"customer_533","symbol":"RENDERBRL","price":9.29,"threshold":9.28627873,"direction":"above","ingested_at":18666.11343559,"emitted_at":18666.114921473,"latency_ms":1.486}
{"alert_id":995,"customer_id":"customer_565","symbol":"SANTOSUSDT","price":1.114,"threshold":1.11220825,"direction":"above","ingested_at":18666.11343559,"emitted_at":18666.114988493,"latency_ms":1.553}
{"alert_id":996,"customer_id":"customer_714","symbol":"USUALUSDC","price":0.01469,"threshold":0.01469672,"direction":"below","ingested_at":18666.11343559,"emitted_at":18666.115047228,"latency_ms":1.612}
{"alert_id":997,"customer_id":"customer_278","symbol":"ETHUSDT","price":2372.94,"threshold":2373.20956243,"direction":"below","ingested_at":18667.125935033,"emitted_at":18667.126352788,"latency_ms":0.418}
{"alert_id":998,"customer_id":"customer_438","symbol":"MUBARAKUSDT","price":0.01613,"threshold":0.01614956,"direction":"below","ingested_at":18667.125935033,"emitted_at":18667.126426805,"latency_ms":0.492}
{"alert_id":999,"customer_id":"customer_888","symbol":"AVAXUSDT","price":9.38,"threshold":9.38418195,"direction":"below","ingested_at":18667.125935033,"emitted_at":18667.126440116,"latency_ms":0.505}
{"alert_id":1000,"customer_id":"customer_724","symbol":"VIRTUALUSDC","price":0.8017,"threshold":0.80186191,"direction":"below","ingested_at":18667.125935033,"emitted_at":18667.126449716,"latency_ms":0.515}
{"alert_id":1001,"customer_id":"customer_14","symbol":"AAVEUSDT","price":93.26,"threshold":93.26295102,"direction":"below","ingested_at":18667.125935033,"emitted_at":18667.126459439,"latency_ms":0.524}
{"alert_id":1002,"customer_id":"customer_481","symbol":"OSMOUSDT","price":0.0316,"threshold":0.03144205,"direction":"above","ingested_at":18667.125935033,"emitted_at":18667.1264696,"latency_ms":0.535}
{"alert_id":1003,"customer_id":"customer_524","symbol":"QKCUSDT","price":0.003152,"threshold":0.00315229,"direction":"below","ingested_at":18667.125935033,"emitted_at":18667.126477514,"latency_ms":0.542}
{"alert_id":1004,"customer_id":"customer_498","symbol":"PEPETRY","price":0.0001841,"threshold":0.00018412,"direction":"below","ingested_at":18667.125935033,"emitted_at":18667.126488053,"latency_ms":0.553}
{"alert_id":1005,"customer_id":"customer_62","symbol":"ARKMUSDT","price":0.1214,"threshold":0.12146001,"direction":"below","ingested_at":18667.125935033,"emitted_at":18667.126495113,"latency_ms":0.56}
{"alert_id":1006,"customer_id":"customer_212","symbol":"DOGEEUR","price":0.09579,"threshold":0.09580003,"direction":"below","ingested_at":18667.125935033,"emitted_at":18667.12650348,"latency_ms":0.568}
{"alert_id":1007,"customer_id":"customer_520","symbol":"PUMPUSDT","price":0.001828,"threshold":0.00182892,"direction":"below","ingested_at":18667.125935033,"emitted_at":18667.126511479,"latency_ms":0.576}
{"alert_id":1008,"customer_id":"customer_270","symbol":"ETHFDUSD","price":2374.12,"threshold":2374.44041135,"direction":"below","ingested_at":18667.125935033,"emitted_at":18667.12652054,"latency_ms":0.586}
{"alert_id":1009,"customer_id":"customer_102","symbol":"BARDUSDT","price":0.2765,"threshold":0.27663347,"direction":"below","ingested_at":18667.125935033,"emitted_at":18667.126527941,"latency_ms":0.593}
{"alert_id":1010,"customer_id":"customer_828","symbol":"ADAUSDT","price":0.2566,"threshold":0.25670286,"direction":"below","ingested_at":18667.125935033,"emitted_at":18667.126534425,"latency_ms":0.599}
{"alert_id":1011,"customer_id":"customer_572","symbol":"SEIUSDT","price":0.05934,"threshold":0.05935499,"direction":"below","ingested_at":18667.125935033,"emitted_at":18667.126541296,"latency_ms":0.606}
{"alert_id":1012,"customer_id":"customer_768","symbol":"XRPUSDT","price":1.4081,"threshold":1.40852363,"direction":"below","ingested_at":18667.125935033,"emitted_at":18667.126548833,"latency_ms":0.614}
{"alert_id":1013,"customer_id":"customer_108","symbol":"BCHFDUSD","price":455.3,"threshold":455.36440492,"direction":"below","ingested_at":18667.125935033,"emitted_at":18667.126560737,"latency_ms":0.626}
{"alert_id":1014,"customer_id":"customer_470","symbol":"ONTUSDT","price":0.07108,"threshold":0.07109899,"direction":"below","ingested_at":18667.125935033,"emitted_at":18667.126569619,"latency_ms":0.635}
{"alert_id":1015,"customer_id":"customer_420","symbol":"MEMEUSDT","price":0.000599,"threshold":0.00060035,"direction":"below","ingested_at":18667.125935033,"emitted_at":18667.126579022,"latency_ms":0.644}
{"alert_id":1016,"customer_id":"customer_478","symbol":"ORDITRY","price":231.7,"threshold":231.83455736,"direction":"below","ingested_at":18667.125935033,"emitted_at":18667.126586286,"latency_ms":0.651}
{"alert_id":1017,"customer_id":"customer_112","symbol":"BEAMXUSDT","price":0.001949,"threshold":0.00194956,"direction":"below","ingested_at":18667.125935033,"emitted_at":18667.12660249,"latency_ms":0.667}
{"alert_id":1018,"customer_id":"customer_351","symbol":"INJFDUSD","price":3.757,"threshold":3.75627462,"direction":"above","ingested_at":18667.125935033,"emitted_at":18667.126622399,"latency_ms":0.687}
{"alert_id":1019,"customer_id":"customer_424","symbol":"METUSDT","price":0.166,"threshold":0.16601632,"direction":"below","ingested_at":18667.125935033,"emitted_at":18667.126628584,"latency_ms":0.694}
{"alert_id":1020,"customer_id":"customer_142","symbol":"BONKUSDT","price":0.00000643,"threshold":0.00000643,"direction":"below","ingested_at":18667.125935033,"emitted_at":18667.126635292,"latency_ms":0.7}
{"alert_id":1021,"customer_id":"customer_942","symbol":"BONKTRY","price":0.0002907,"threshold":0.00029074,"direction":"below","ingested_at":18667.125935033,"emitted_at":18667.126643435,"latency_ms":0.708}
{"alert_id":1022,"customer_id":"customer_134","symbol":"BNBUSDC","price":629.91,"threshold":630.14594909,"direction":"below","ingested_at":18667.125935033,"emitted_at":18667.126649232,"latency_ms":0.714}
{"alert_id":1023,"customer_id":"customer_960","symbol":"BTCUSDC","price":81256.99,"threshold":81270.61750464,"direction":"below","ingested_at":18667.125935033,"emitted_at":18667.126655969,"latency_ms":0.721}
{"alert_id":1024,"customer_id":"customer_58","symbol":"ARBUSDC","price":0.1189,"threshold":0.11893378,"direction":"below","ingested_at":18667.125935033,"emitted_at":18667.126666352,"latency_ms":0.731}
{"alert_id":1025,"customer_id":"customer_86","symbol":"AVAXUSDC","price":9.38,"threshold":9.38170505,"direction":"below","ingested_at":18667.125935033,"emitted_at":18667.126673264,"latency_ms":0.738}
{"alert_id":1026,"customer_id":"customer_398","symbol":"LTCUSDC","price":55.6,"threshold":55.60844369,"direction":"below","ingested_at":18667.125935033,"emitted_at":18667.126680834,"latency_ms":0.746}
{"alert_id":1027,"customer_id":"customer_934","symbol":"BNBUSD1","price":629.99,"threshold":630.11677778,"direction":"below","ingested_at":18667.125935033,"emitted_at":18667.126690068,"latency_ms":0.755}
{"alert_id":1028,"customer_id":"customer_276","symbol":"ETHUSD1","price":2371.86,"threshold":2372.56545936,"direction":"below","ingested_at":18667.125935033,"emitted_at":18667.126697091,"latency_ms":0.762}
{"alert_id":1029,"customer_id":"customer_216","symbol":"DOGEUSD1","price":0.11205,"threshold":0.11210065,"direction":"below","ingested_at":18667.125935033,"emitted_at":18667.126706461,"latency_ms":0.771}
{"alert_id":1030,"customer_id":"customer_798","symbol":"ZRXUSDT","price":0.1095,"threshold":0.10956156,"direction":"below","ingested_at":18667.125935033,"emitted_at":18667.126714713,"latency_ms":0.78}
{"alert_id":1031,"customer_id":"customer_43","symbol":"ALTTRY","price":0.351,"threshold":0.35073848,"direction":"above","ingested_at":18667.125935033,"emitted_at":18667.126720835,"latency_ms":0.786}
{"alert_id":1032,"customer_id":"customer_324","symbol":"HBARTRY","price":4.054,"threshold":4.05558452,"direction":"below","ingested_at":18667.125935033,"emitted_at":18667.126737048,"latency_ms":0.802}
{"alert_id":1033,"customer_id":"customer_692","symbol":"UNIUSDC","price":3.358,"threshold":3.35880821,"direction":"below","ingested_at":18667.125935033,"emitted_at":18667.126745254,"latency_ms":0.81}
{"alert_id":1034,"customer_id":"customer_694","symbol":"USD1U","price":1.0,"threshold":1.00005871,"direction":"below","ingested_at":18667.125935033,"emitted_at":18667.126751701,"latency_ms":0.817}
{"alert_id":1035,"customer_id":"customer_776","symbol":"ZAMAUSDT","price":0.02917,"threshold":0.02917201,"direction":"below","ingested_at":18667.125935033,"emitted_at":18667.126758452,"latency_ms":0.823}
{"alert_id":1036,"customer_id":"customer_782","symbol":"ZECU","price":433.19,"threshold":433.92585637,"direction":"below","ingested_at":18667.125935033,"emitted_at":18667.126768142,"latency_ms":0.833}
{"alert_id":1037,"customer_id":"customer_152","symbol":"BTCJPY","price":12821820.0,"threshold":12823084.69382897,"direction":"below","ingested_at":18667.125935033,"emitted_at":18667.126777526,"latency_ms":0.842}
{"alert_id":1038,"customer_id":"customer_272","symbol":"ETHJPY","price":374313.0,"threshold":374393.87886218,"direction":"below","ingested_at":18667.125935033,"emitted_at":18667.126787337,"latency_ms":0.852}
{"alert_id":1039,"customer_id":"customer_12","symbol":"AAVETRY","price":4215.0,"threshold":4216.21823189,"direction":"below","ingested_at":18667.125935033,"emitted_at":18667.126802459,"latency_ms":0.867}
{"alert_id":1040,"customer_id":"customer_296","symbol":"FLOKIUSDC","price":0.00003293,"threshold":0.00003294,"direction":"below","ingested_at":18667.125935033,"emitted_at":18667.126811382,"latency_ms":0.876}
{"alert_id":1041,"customer_id":"customer_236","symbol":"DYDXUSDT","price":0.14396,"threshold":0.14408867,"direction":"below","ingested_at":18667.125935033,"emitted_at":18667.126827012,"latency_ms":0.892}
{"alert_id":1042,"customer_id":"customer_592","symbol":"SOLJPY","price":13459.0,"threshold":13460.08037434,"direction":"below","ingested_at":18667.125935033,"emitted_at":18667.126834592,"latency_ms":0.9}
{"alert_id":1043,"customer_id":"customer_358","symbol":"IOTXUSDT","price":0.00454,"threshold":0.00454556,"direction":"below","ingested_at":18667.125935033,"emitted_at":18667.126846146,"latency_ms":0.911}
{"alert_id":1044,"customer_id":"customer_596","symbol":"SOLUSDC","price":85.29,"threshold":85.31557364,"direction":"below","ingested_at":18667.125935033,"emitted_at":18667.126853102,"latency_ms":0.918}
{"alert_id":1045,"customer_id":"customer_302","symbol":"FTTUSDT","price":0.305,"threshold":0.30584028,"direction":"below","ingested_at":18667.125935033,"emitted_at":18667.126863184,"latency_ms":0.928}
{"alert_id":1046,"customer_id":"customer_956","symbol":"BTCTRY","price":3673120.0,"threshold":3674714.05631113,"direction":"below","ingested_at":18667.125935033,"emitted_at":18667.126869687,"latency_ms":0.935}
{"alert_id":1047,"customer_id":"customer_148","symbol":"BTCEUR","price":69457.63,"threshold":69486.45009626,"direction":"below","ingested_at":18667.125935033,"emitted_at":18667.126877278,"latency_ms":0.942}
{"alert_id":1048,"customer_id":"customer_760","symbol":"XRPEUR","price":1.2039,"threshold":1.204049,"direction":"below","ingested_at":18667.125935033,"emitted_at":18667.126887374,"latency_ms":0.952}
{"alert_id":1049,"customer_id":"customer_214","symbol":"DOGEJPY","price":17.68,"threshold":17.68968337,"direction":"below","ingested_at":18667.125935033,"emitted_at":18667.126895922,"latency_ms":0.961}
{"alert_id":1050,"customer_id":"customer_814","symbol":"AAVEUSDC","price":93.24,"threshold":93.33656764,"direction":"below","ingested_at":18667.125935033,"emitted_at":18667.126903943,"latency_ms":0.969}
{"alert_id":1051,"customer_id":"customer_950","symbol":"BTCEURI","price":69478.15,"threshold":69493.5263002,"direction":"below","ingested_at":18667.125935033,"emitted_at":18667.126911299,"latency_ms":0.976}
{"alert_id":1052,"customer_id":"customer_334","symbol":"HMSTRUSDT","price":0.0001686,"threshold":0.00016869,"direction":"below","ingested_at":18667.125935033,"emitted_at":18667.126917651,"latency_ms":0.983}
{"alert_id":1053,"customer_id":"customer_244","symbol":"EIGENTRY","price":8.434,"threshold":8.43823226,"direction":"below","ingested_at":18667.125935033,"emitted_at":18667.126924182,"latency_ms":0.989}
{"alert_id":1054,"customer_id":"customer_198","symbol":"CTSIUSDT","price":0.03332,"threshold":0.0333228,"direction":"below","ingested_at":18667.125935033,"emitted_at":18667.12693173,"latency_ms":0.997}
{"alert_id":1055,"customer_id":"customer_521","symbol":"PYRUSDT","price":0.273,"threshold":0.2723362,"direction":"above","ingested_at":18667.125935033,"emitted_at":18667.126938992,"latency_ms":1.004}
{"alert_id":1056,"customer_id":"customer_861","symbol":"ARDRUSDT","price":0.042659999999999997,"threshold":0.0426195,"direction":"above","ingested_at":18667.125935033,"emitted_at":18667.126946065,"latency_ms":1.011}
{"alert_id":1057,"customer_id":"customer_402","symbol":"LUNATRY","price":3.461,"threshold":3.46724088,"direction":"below","ingested_at":18667.125935033,"emitted_at":18667.126955529,"latency_ms":1.02}
{"alert_id":1058,"customer_id":"customer_422","symbol":"METRY","price":4.74,"threshold":4.74401308,"direction":"below","ingested_at":18667.125935033,"emitted_at":18667.126963876,"latency_ms":1.029}
{"alert_id":1059,"customer_id":"customer_494","symbol":"PENGUUSDC","price":0.011397,"threshold":0.01140725,"direction":"below","ingested_at":18667.125935033,"emitted_at":18667.126972324,"latency_ms":1.037}
{"alert_id":1060,"customer_id":"customer_631","symbol":"SUSHITRY","price":9.87,"threshold":9.86691668,"direction":"above","ingested_at":18667.125935033,"emitted_at":18667.126979517,"latency_ms":1.044}
{"alert_id":1061,"customer_id":"customer_622","symbol":"SUIJPY","price":151.54,"threshold":151.58107662,"direction":"below","ingested_at":18667.125935033,"emitted_at":18667.126986735,"latency_ms":1.052}
{"alert_id":1062,"customer_id":"customer_630","symbol":"SUSDT","price":0.04481,"threshold":0.04483753,"direction":"below","ingested_at":18667.125935033,"emitted_at":18667.126994231,"latency_ms":1.059}
{"alert_id":1063,"customer_id":"customer_225","symbol":"DOTBNB","price":0.002007,"threshold":0.0020048,"direction":"above","ingested_at":18667.125935033,"emitted_at":18667.127009352,"latency_ms":1.074}
{"alert_id":1064,"customer_id":"customer_52","symbol":"API3TRY","price":16.74,"threshold":16.75157799,"direction":"below","ingested_at":18667.125935033,"emitted_at":18667.127018686,"latency_ms":1.084}
{"alert_id":1065,"customer_id":"customer_532","symbol":"REDUSDT","price":0.1429,"threshold":0.14303479,"direction":"below","ingested_at":18668.13864683,"emitted_at":18668.13936729,"latency_ms":0.72}
{"alert_id":1066,"customer_id":"customer_925","symbol":"BNBBTC","price":0.007754,"threshold":0.00775272,"direction":"above","ingested_at":18668.13864683,"emitted_at":18668.13953957,"latency_ms":0.893}
{"alert_id":1067,"customer_id":"customer_632","symbol":"SUSHIUSDT","price":0.2182,"threshold":0.2184719,"direction":"below","ingested_at":18668.13864683,"emitted_at":18668.139588362,"latency_ms":0.942}
{"alert_id":1068,"customer_id":"customer_160","symbol":"BTCUSDT","price":81250.01,"threshold":81279.709984,"direction":"below","ingested_at":18668.13864683,"emitted_at":18668.139616891,"latency_ms":0.97}
{"alert_id":1069,"customer_id":"customer_922","symbol":"BMTTRY","price":0.74,"threshold":0.74065484,"direction":"below","ingested_at":18668.13864683,"emitted_at":18668.139652931,"latency_ms":1.006}
{"alert_id":1070,"customer_id":"customer_474","symbol":"OPUSDT","price":0.1273,"threshold":0.1273224,"direction":"below","ingested_at":18668.13864683,"emitted_at":18668.139703475,"latency_ms":1.057}
{"alert_id":1071,"customer_id":"customer_636","symbol":"SYRUPUSDC","price":0.2554,"threshold":0.25544556,"direction":"below","ingested_at":18668.13864683,"emitted_at":18668.139736238,"latency_ms":1.089}
{"alert_id":1072,"customer_id":"customer_354","symbol":"INJUSDT","price":3.752,"threshold":3.7553614,"direction":"below","ingested_at":18668.13864683,"emitted_at":18668.139756813,"latency_ms":1.11}
{"alert_id":1073,"customer_id":"customer_266","symbol":"ETHBRL","price":11662.17,"threshold":11666.99643818,"direction":"below","ingested_at":18668.13864683,"emitted_at":18668.139784496,"latency_ms":1.138}
{"alert_id":1074,"customer_id":"customer_446","symbol":"NEWTTRY","price":3.41,"threshold":3.41509132,"direction":"below","ingested_at":18668.13864683,"emitted_at":18668.139817344,"latency_ms":1.171}
{"alert_id":1075,"customer_id":"customer_84","symbol":"AVAXTRY","price":423.9,"threshold":423.91029139,"direction":"below","ingested_at":18668.13864683,"emitted_at":18668.139836684,"latency_ms":1.19}
{"alert_id":1076,"customer_id":"customer_860","symbol":"ARBUSDT","price":0.1189,"threshold":0.1189305,"direction":"below","ingested_at":18668.13864683,"emitted_at":18668.139864086,"latency_ms":1.217}
{"alert_id":1077,"customer_id":"customer_286","symbol":"FDUSDUSDT","price":0.9992,"threshold":0.99923872,"direction":"below","ingested_at":18668.13864683,"emitted_at":18668.139919047,"latency_ms":1.272}
{"alert_id":1078,"customer_id":"customer_576","symbol":"SFPUSDT","price":0.3171,"threshold":0.31743289,"direction":"below","ingested_at":18668.13864683,"emitted_at":18668.139951779,"latency_ms":1.305}
{"alert_id":1079,"customer_id":"customer_865","symbol":"ASRTRY","price":56.4,"threshold":56.32217776,"direction":"above","ingested_at":18668.13864683,"emitted_at":18668.13997297,"latency_ms":1.326}
{"alert_id":1080,"customer_id":"customer_584","symbol":"SKYUSDT","price":0.08107,"threshold":0.08109834,"direction":"below","ingested_at":18668.13864683,"emitted_at":18668.139989503,"latency_ms":1.343}
{"alert_id":1081,"customer_id":"customer_328","symbol":"HEMIUSDT","price":0.0077,"threshold":0.00770283,"direction":"below","ingested_at":18668.13864683,"emitted_at":18668.160695005,"latency_ms":22.048}
{"alert_id":1082,"customer_id":"customer_360","symbol":"IQUSDT","price":0.001103,"threshold":0.00110326,"direction":"below","ingested_at":18668.13864683,"emitted_at":18668.160816189,"latency_ms":22.169}
{"alert_id":1083,"customer_id":"customer_752","symbol":"XLMUSDT","price":0.1585,"threshold":0.15855272,"direction":"below","ingested_at":18668.13864683,"emitted_at":18668.160859554,"latency_ms":22.213}
{"alert_id":1084,"customer_id":"customer_512","symbol":"PONDUSDT","price":0.00208,"threshold":0.00208637,"direction":"below","ingested_at":18668.13864683,"emitted_at":18668.160886005,"latency_ms":22.239}
{"alert_id":1085,"customer_id":"customer_655","symbol":"TIAUSDT","price":0.3591,"threshold":0.35901587,"direction":"above","ingested_at":18668.13864683,"emitted_at":18668.160911556,"latency_ms":22.265}
{"alert_id":1086,"customer_id":"customer_118","symbol":"BLURTRY","price":1.263,"threshold":1.26384269,"direction":"below","ingested_at":18668.13864683,"emitted_at":18668.160955604,"latency_ms":22.309}
{"alert_id":1087,"customer_id":"customer_695","symbol":"USD1USDC","price":1.0001,"threshold":1.00004674,"direction":"above","ingested_at":18668.13864683,"emitted_at":18668.161027063,"latency_ms":22.38}
{"alert_id":1088,"customer_id":"customer_904","symbol":"BARUSDT","price":0.427,"threshold":0.42779086,"direction":"below","ingested_at":18668.13864683,"emitted_at":18668.161063256,"latency_ms":22.416}
{"alert_id":1089,"customer_id":"customer_230","symbol":"DOTUSDC","price":1.264,"threshold":1.2647486,"direction":"below","ingested_at":18668.13864683,"emitted_at":18668.161099523,"latency_ms":22.453}
{"alert_id":1090,"customer_id":"customer_717","symbol":"UUSDT","price":0.9999,"threshold":0.99983535,"direction":"above","ingested_at":18668.13864683,"emitted_at":18668.161180211,"latency_ms":22.533}
{"alert_id":1091,"customer_id":"customer_701","symbol":"USDCTRY","price":45.2,"threshold":45.19302579,"direction":"above","ingested_at":18668.13864683,"emitted_at":18668.161234377,"latency_ms":22.588}
{"alert_id":1092,"customer_id":"customer_830","symbol":"ADXUSDT","price":0.0773,"threshold":0.07740266,"direction":"below","ingested_at":18668.13864683,"emitted_at":18668.161267074,"latency_ms":22.62}
{"alert_id":1093,"customer_id":"customer_280","symbol":"EUREURI","price":0.9998,"threshold":0.99986583,"direction":"below","ingested_at":18668.13864683,"emitted_at":18668.161294084,"latency_ms":22.647}
{"alert_id":1094,"customer_id":"customer_834","symbol":"AIXBTUSDT","price":0.0344,"threshold":0.03440107,"direction":"below","ingested_at":18668.13864683,"emitted_at":18668.161331219,"latency_ms":22.684}
{"alert_id":1095,"customer_id":"customer_836","symbol":"ALGOTRY","price":5.26,"threshold":5.26466785,"direction":"below","ingested_at":18669.128436394,"emitted_at":18669.129137117,"latency_ms":0.701}
{"alert_id":1096,"customer_id":"customer_758","symbol":"XRPBTC","price":0.00001733,"threshold":0.00001733,"direction":"below","ingested_at":18669.128436394,"emitted_at":18669.129361626,"latency_ms":0.925}
{"alert_id":1097,"customer_id":"customer_342","symbol":"HYPERUSDT","price":0.1121,"threshold":0.11214055,"direction":"below","ingested_at":18669.128436394,"emitted_at":18669.129412151,"latency_ms":0.976}
{"alert_id":1098,"customer_id":"customer_703","symbol":"USDCUSDT","price":0.99991,"threshold":0.9999066,"direction":"above","ingested_at":18669.128436394,"emitted_at":18669.129570539,"latency_ms":1.134}
{"alert_id":1099,"customer_id":"customer_838","symbol":"ALGOUSDT","price":0.1163,"threshold":0.11646848,"direction":"below","ingested_at":18669.128436394,"emitted_at":18669.1296462,"latency_ms":1.21}
{"alert_id":1100,"customer_id":"customer_36","symbol":"ALGOUSDC","price":0.1164,"threshold":0.11642657,"direction":"below","ingested_at":18669.128436394,"emitted_at":18669.129686493,"latency_ms":1.25}
{"alert_id":1101,"customer_id":"customer_616","symbol":"STXUSDC","price":0.2291,"threshold":0.22924263,"direction":"below","ingested_at":18669.128436394,"emitted_at":18669.129742941,"latency_ms":1.307}
{"alert_id":1102,"customer_id":"customer_706","symbol":"USDTCOP","price":3696.0,"threshold":3696.44941751,"direction":"below","ingested_at":18669.128436394,"emitted_at":18669.129775973,"latency_ms":1.34}
{"alert_id":1103,"customer_id":"customer_660","symbol":"TONTRY","price":81.4,"threshold":81.49658207,"direction":"below","ingested_at":18669.128436394,"emitted_at":18669.129808074,"latency_ms":1.372}
{"alert_id":1104,"customer_id":"customer_718","symbol":"VANAUSDT","price":1.51,"threshold":1.51006095,"direction":"below","ingested_at":18669.128436394,"emitted_at":18669.129854742,"latency_ms":1.418}
{"alert_id":1105,"customer_id":"customer_670","symbol":"TRUMPUSDT","price":2.361,"threshold":2.36287471,"direction":"below","ingested_at":18669.128436394,"emitted_at":18669.129891685,"latency_ms":1.455}
{"alert_id":1106,"customer_id":"customer_666","symbol":"TRUMPFDUSD","price":2.364,"threshold":2.36507729,"direction":"below","ingested_at":18669.128436394,"emitted_at":18669.129930507,"latency_ms":1.494}
{"alert_id":1107,"customer_id":"customer_70","symbol":"ASTRUSDT","price":0.008611,"threshold":0.00861173,"direction":"below","ingested_at":18669.128436394,"emitted_at":18669.129964846,"latency_ms":1.528}
{"alert_id":1108,"customer_id":"customer_635","symbol":"SYNUSDT","price":0.0542,"threshold":0.05415023,"direction":"above","ingested_at":18670.114700791,"emitted_at":18670.115118827,"latency_ms":0.418}
{"alert_id":1109,"customer_id":"customer_515","symbol":"PORTOUSDT","price":0.828,"threshold":0.827135,"direction":"above","ingested_at":18670.114700791,"emitted_at":18670.115372887,"latency_ms":0.672}
{"alert_id":1110,"customer_id":"customer_252","symbol":"ENJTRY","price":2.241,"threshold":2.24281326,"direction":"below","ingested_at":18670.114700791,"emitted_at":18670.115410939,"latency_ms":0.71}
{"alert_id":1111,"customer_id":"customer_376","symbol":"KERNELTRY","price":2.74,"threshold":2.74373337,"direction":"below","ingested_at":18671.124534166,"emitted_at":18671.125080837,"latency_ms":0.547}
{"alert_id":1112,"customer_id":"customer_620","symbol":"SUIEUR","price":0.8209,"threshold":0.82139501,"direction":"below","ingested_at":18671.124534166,"emitted_at":18671.12529877,"latency_ms":0.765}
{"alert_id":1113,"customer_id":"customer_451","symbol":"NFPUSDT","price":0.01287,"threshold":0.01285523,"direction":"above","ingested_at":18671.124534166,"emitted_at":18671.125373215,"latency_ms":0.839}
{"alert_id":1114,"customer_id":"customer_970","symbol":"CELRUSDT","price":0.002753,"threshold":0.00275339,"direction":"below","ingested_at":18671.124534166,"emitted_at":18671.125420267,"latency_ms":0.886}
{"alert_id":1115,"customer_id":"customer_468","symbol":"ONEUSDT","price":0.00231,"threshold":0.00231753,"direction":"below","ingested_at":18671.124534166,"emitted_at":18671.125457857,"latency_ms":0.924}
{"alert_id":1116,"customer_id":"customer_710","symbol":"USDTTRY","price":45.2,"threshold":45.20406316,"direction":"below","ingested_at":18671.124534166,"emitted_at":18671.125501838,"latency_ms":0.968}
{"alert_id":1117,"customer_id":"customer_350","symbol":"IMXUSDT","price":0.1702,"threshold":0.1702568,"direction":"below","ingested_at":18671.124534166,"emitted_at":18671.125556551,"latency_ms":1.022}
{"alert_id":1118,"customer_id":"customer_125","symbol":"BNBETH","price":0.2656,"threshold":0.26550299,"direction":"above","ingested_at":18672.109064472,"emitted_at":18672.109544481,"latency_ms":0.48}
{"alert_id":1119,"customer_id":"customer_492","symbol":"PENDLEUSDT","price":1.989,"threshold":1.98917279,"direction":"below","ingested_at":18672.109064472,"emitted_at":18672.109745222,"latency_ms":0.681}
{"alert_id":1120,"customer_id":"customer_228","symbol":"DOTFDUSD","price":1.265,"threshold":1.26635211,"direction":"below","ingested_at":18672.109064472,"emitted_at":18672.109784403,"latency_ms":0.72}
{"alert_id":1121,"customer_id":"customer_842","symbol":"ALLOUSDT","price":0.1175,"threshold":0.11753155,"direction":"below","ingested_at":18672.109064472,"emitted_at":18672.109819524,"latency_ms":0.755}
{"alert_id":1122,"customer_id":"customer_390","symbol":"LINKUSDC","price":9.69,"threshold":9.6994888,"direction":"below","ingested_at":18672.109064472,"emitted_at":18672.109857097,"latency_ms":0.793}
{"alert_id":1123,"customer_id":"customer_276","symbol":"ETHUSD1","price":2372.44,"threshold":2372.56545936,"direction":"below","ingested_at":18672.109064472,"emitted_at":18672.109884154,"latency_ms":0.82}
{"alert_id":1124,"customer_id":"customer_530","symbol":"RAYUSDT","price":0.808,"threshold":0.80820477,"direction":"below","ingested_at":18672.109064472,"emitted_at":18672.109931423,"latency_ms":0.867}
{"alert_id":1125,"customer_id":"customer_412","symbol":"MASKTRY","price":22.04,"threshold":22.06766361,"direction":"below","ingested_at":18672.109064472,"emitted_at":18672.109952471,"latency_ms":0.888}
{"alert_id":1126,"customer_id":"customer_435","symbol":"MOVRUSDT","price":2.116,"threshold":2.11431847,"direction":"above","ingested_at":18672.109064472,"emitted_at":18672.110031521,"latency_ms":0.967}
{"alert_id":1127,"customer_id":"customer_124","symbol":"BNBBTC","price":0.007753,"threshold":0.00775424,"direction":"below","ingested_at":18673.118980616,"emitted_at":18673.119648904,"latency_ms":0.668}
{"alert_id":1128,"customer_id":"customer_26","symbol":"ADAUSDC","price":0.2566,"threshold":0.25674288,"direction":"below","ingested_at":18673.118980616,"emitted_at":18673.119994859,"latency_ms":1.014}
{"alert_id":1129,"customer_id":"customer_275","symbol":"ETHU","price":2372.9,"threshold":2372.14693215,"direction":"above","ingested_at":18673.118980616,"emitted_at":18673.120065612,"latency_ms":1.085}
{"alert_id":1130,"customer_id":"customer_980","symbol":"CHRUSDT","price":0.02791,"threshold":0.02792032,"direction":"below","ingested_at":18673.118980616,"emitted_at":18673.120153647,"latency_ms":1.173}
{"alert_id":1131,"customer_id":"customer_732","symbol":"WCTUSDT","price":0.0663,"threshold":0.06633028,"direction":"below","ingested_at":18674.138740393,"emitted_at":18674.139266213,"latency_ms":0.526}
{"alert_id":1132,"customer_id":"customer_678","symbol":"TRXUSDT","price":0.3432,"threshold":0.34325895,"direction":"below","ingested_at":18674.138740393,"emitted_at":18674.139487876,"latency_ms":0.747}
{"alert_id":1133,"customer_id":"customer_703","symbol":"USDCUSDT","price":0.99991,"threshold":0.9999066,"direction":"above","ingested_at":18674.138740393,"emitted_at":18674.139541969,"latency_ms":0.802}
{"alert_id":1134,"customer_id":"customer_581","symbol":"SHIBUSDT","price":0.00000627,"threshold":0.00000627,"direction":"above","ingested_at":18674.138740393,"emitted_at":18674.139569221,"latency_ms":0.829}
{"alert_id":1135,"customer_id":"customer_645","symbol":"TAOUSD1","price":285.8,"threshold":284.16073963,"direction":"above","ingested_at":18674.138740393,"emitted_at":18674.139625333,"latency_ms":0.885}
{"alert_id":1136,"customer_id":"customer_647","symbol":"TAOUSDT","price":286.2,"threshold":285.78160703,"direction":"above","ingested_at":18674.138740393,"emitted_at":18674.139665921,"latency_ms":0.926}
{"alert_id":1137,"customer_id":"customer_696","symbol":"USD1USDT","price":0.9999,"threshold":0.99994934,"direction":"below","ingested_at":18675.182738136,"emitted_at":18675.183205137,"latency_ms":0.467}
{"alert_id":1138,"customer_id":"customer_709","symbol":"USDTPLN","price":3.631,"threshold":3.63035226,"direction":"above","ingested_at":18675.182738136,"emitted_at":18675.183384815,"latency_ms":0.647}
{"alert_id":1139,"customer_id":"customer_736","symbol":"WLDTRY","price":10.93,"threshold":10.94314209,"direction":"below","ingested_at":18675.182738136,"emitted_at":18675.183459249,"latency_ms":0.721}
{"alert_id":1140,"customer_id":"customer_347","symbol":"ICPUSDT","price":2.492,"threshold":2.49178846,"direction":"above","ingested_at":18675.182738136,"emitted_at":18675.183506239,"latency_ms":0.768}
{"alert_id":1141,"customer_id":"customer_641","symbol":"TAOIDR","price":4967624.0,"threshold":4951092.72441685,"direction":"above","ingested_at":18675.182738136,"emitted_at":18675.183529833,"latency_ms":0.792}
{"alert_id":1142,"customer_id":"customer_76","symbol":"ATOMUSDT","price":1.848,"threshold":1.84903918,"direction":"below","ingested_at":18675.182738136,"emitted_at":18675.183574794,"latency_ms":0.837}
{"alert_id":1143,"customer_id":"customer_568","symbol":"SAPIENUSDT","price":0.0997,"threshold":0.09976705,"direction":"below","ingested_at":18676.175402136,"emitted_at":18676.175822617,"latency_ms":0.42}
{"alert_id":1144,"customer_id":"customer_377","symbol":"KGSTUSDT","price":0.01143,"threshold":0.011427,"direction":"above","ingested_at":18676.175402136,"emitted_at":18676.176066092,"latency_ms":0.664}
{"alert_id":1145,"customer_id":"customer_718","symbol":"VANAUSDT","price":1.51,"threshold":1.51006095,"direction":"below","ingested_at":18676.175402136,"emitted_at":18676.176160866,"latency_ms":0.759}
{"alert_id":1146,"customer_id":"customer_703","symbol":"USDCUSDT","price":0.99991,"threshold":0.9999066,"direction":"above","ingested_at":18677.128850286,"emitted_at":18677.129467154,"latency_ms":0.617}
{"alert_id":1147,"customer_id":"customer_583","symbol":"SKLTRY","price":0.314,"threshold":0.31340852,"direction":"above","ingested_at":18677.128850286,"emitted_at":18677.129646242,"latency_ms":0.796}
{"alert_id":1148,"customer_id":"customer_490","symbol":"PENDLETRY","price":89.8,"threshold":89.93422307,"direction":"below","ingested_at":18677.128850286,"emitted_at":18677.129706393,"latency_ms":0.856}
{"alert_id":1149,"customer_id":"customer_37","symbol":"ALGOUSDT","price":0.1164,"threshold":0.11633643,"direction":"above","ingested_at":18677.128850286,"emitted_at":18677.129741972,"latency_ms":0.892}
{"alert_id":1150,"customer_id":"customer_82","symbol":"AVAXBRL","price":46.1,"threshold":46.16818118,"direction":"below","ingested_at":18677.128850286,"emitted_at":18677.129794949,"latency_ms":0.945}
{"alert_id":1151,"customer_id":"customer_465","symbol":"ONDOUSDC","price":0.3185,"threshold":0.3184175,"direction":"above","ingested_at":18678.162585057,"emitted_at":18678.163318127,"latency_ms":0.733}
{"alert_id":1152,"customer_id":"customer_44","symbol":"ALTUSDT","price":0.00776,"threshold":0.00776319,"direction":"below","ingested_at":18678.162585057,"emitted_at":18678.16360789,"latency_ms":1.023}
{"alert_id":1153,"customer_id":"customer_844","symbol":"ALTTRY","price":0.35,"threshold":0.35074723,"direction":"below","ingested_at":18678.162585057,"emitted_at":18678.16365739,"latency_ms":1.072}
{"alert_id":1154,"customer_id":"customer_317","symbol":"GTCUSDT","price":0.09,"threshold":0.08939232,"direction":"above","ingested_at":18678.162585057,"emitted_at":18678.163696836,"latency_ms":1.112}
{"alert_id":1155,"customer_id":"customer_415","symbol":"MBLUSDT","price":0.000931,"threshold":0.00093078,"direction":"above","ingested_at":18678.162585057,"emitted_at":18678.163798652,"latency_ms":1.214}
{"alert_id":1156,"customer_id":"customer_718","symbol":"VANAUSDT","price":1.51,"threshold":1.51006095,"direction":"below","ingested_at":18678.162585057,"emitted_at":18678.163838344,"latency_ms":1.253}
{"alert_id":1157,"customer_id":"customer_678","symbol":"TRXUSDT","price":0.3432,"threshold":0.34325895,"direction":"below","ingested_at":18679.146687862,"emitted_at":18679.147254448,"latency_ms":0.567}
{"alert_id":1158,"customer_id":"customer_142","symbol":"BONKUSDT","price":0.00000643,"threshold":0.00000643,"direction":"below","ingested_at":18679.146687862,"emitted_at":18679.14742698,"latency_ms":0.739}
{"alert_id":1159,"customer_id":"customer_347","symbol":"ICPUSDT","price":2.492,"threshold":2.49178846,"direction":"above","ingested_at":18679.146687862,"emitted_at":18679.147487915,"latency_ms":0.8}
{"alert_id":1160,"customer_id":"customer_827","symbol":"ADAUSDC","price":0.2567,"threshold":0.25669085,"direction":"above","ingested_at":18679.146687862,"emitted_at":18679.147543116,"latency_ms":0.855}
{"alert_id":1161,"customer_id":"customer_326","symbol":"HBARUSDT","price":0.08965,"threshold":0.08965446,"direction":"below","ingested_at":18679.146687862,"emitted_at":18679.147598299,"latency_ms":0.91}
{"alert_id":1162,"customer_id":"customer_508","symbol":"PNUTUSDC","price":0.0602,"threshold":0.06024173,"direction":"below","ingested_at":18679.146687862,"emitted_at":18679.147646337,"latency_ms":0.958}
{"alert_id":1163,"customer_id":"customer_352","symbol":"INJTRY","price":169.6,"threshold":169.70746671,"direction":"below","ingested_at":18679.146687862,"emitted_at":18679.147681588,"latency_ms":0.994}
{"alert_id":1164,"customer_id":"customer_897","symbol":"BABYTRY","price":0.824,"threshold":0.8233034,"direction":"above","ingested_at":18680.122836907,"emitted_at":18680.12331268,"latency_ms":0.476}
{"alert_id":1165,"customer_id":"customer_210","symbol":"DODOUSDT","price":0.01922,"threshold":0.01923087,"direction":"below","ingested_at":18680.122836907,"emitted_at":18680.123529631,"latency_ms":0.693}
{"alert_id":1166,"customer_id":"customer_703","symbol":"USDCUSDT","price":0.99991,"threshold":0.9999066,"direction":"above","ingested_at":18680.122836907,"emitted_at":18680.123591814,"latency_ms":0.755}
{"alert_id":1167,"customer_id":"customer_451","symbol":"NFPUSDT","price":0.01286,"threshold":0.01285523,"direction":"above","ingested_at":18680.122836907,"emitted_at":18680.123617284,"latency_ms":0.78}
{"alert_id":1168,"customer_id":"customer_578","symbol":"SHIBBRL","price":0.00003078,"threshold":0.00003079,"direction":"below","ingested_at":18680.122836907,"emitted_at":18680.123641895,"latency_ms":0.805}
{"alert_id":1169,"customer_id":"customer_905","symbol":"BATUSDT","price":0.1038,"threshold":0.10372046,"direction":"above","ingested_at":18680.122836907,"emitted_at":18680.123667767,"latency_ms":0.831}
{"alert_id":1170,"customer_id":"customer_706","symbol":"USDTCOP","price":3696.0,"threshold":3696.44941751,"direction":"below","ingested_at":18680.122836907,"emitted_at":18680.123715039,"latency_ms":0.878}
{"alert_id":1171,"customer_id":"customer_145","symbol":"BROCCOLI714USDT","price":0.01851,"threshold":0.01848299,"direction":"above","ingested_at":18681.116790454,"emitted_at":18681.11728963,"latency_ms":0.499}
{"alert_id":1172,"customer_id":"customer_656","symbol":"TKOIDR","price":1063.82,"threshold":1065.14553047,"direction":"below","ingested_at":18681.116790454,"emitted_at":18681.117551548,"latency_ms":0.761}
{"alert_id":1173,"customer_id":"customer_276","symbol":"ETHUSD1","price":2372.53,"threshold":2372.56545936,"direction":"below","ingested_at":18681.116790454,"emitted_at":18681.117597521,"latency_ms":0.807}
{"alert_id":1174,"customer_id":"customer_414","symbol":"MAVUSDT","price":0.01518,"threshold":0.01518701,"direction":"below","ingested_at":18682.111289895,"emitted_at":18682.111769786,"latency_ms":0.48}
{"alert_id":1175,"customer_id":"customer_703","symbol":"USDCUSDT","price":0.99991,"threshold":0.9999066,"direction":"above","ingested_at":18682.111289895,"emitted_at":18682.111972699,"latency_ms":0.683}
{"alert_id":1176,"customer_id":"customer_152","symbol":"BTCJPY","price":12821697.0,"threshold":12823084.69382897,"direction":"below","ingested_at":18682.111289895,"emitted_at":18682.112086067,"latency_ms":0.796}
{"alert_id":1177,"customer_id":"customer_458","symbol":"NOTTRY","price":0.0219,"threshold":0.02194017,"direction":"below","ingested_at":18682.111289895,"emitted_at":18682.112140072,"latency_ms":0.85}
{"alert_id":1178,"customer_id":"customer_662","symbol":"TONUSDT","price":1.803,"threshold":1.80320228,"direction":"below","ingested_at":18682.111289895,"emitted_at":18682.11216773,"latency_ms":0.878}
{"alert_id":1179,"customer_id":"customer_696","symbol":"USD1USDT","price":0.9999,"threshold":0.99994934,"direction":"below","ingested_at":18683.202642235,"emitted_at":18683.203115799,"latency_ms":0.474}
{"alert_id":1180,"customer_id":"customer_742","symbol":"WLFIUSDC","price":0.0645,"threshold":0.0645656,"direction":"below","ingested_at":18683.202642235,"emitted_at":18683.203282599,"latency_ms":0.64}
{"alert_id":1181,"customer_id":"customer_499","symbol":"PEPEUSDC","price":0.00000408,"threshold":0.00000408,"direction":"above","ingested_at":18683.202642235,"emitted_at":18683.20337315,"latency_ms":0.731}
{"alert_id":1182,"customer_id":"customer_856","symbol":"APTUSDC","price":0.966,"threshold":0.9669524,"direction":"below","ingested_at":18683.202642235,"emitted_at":18683.203422514,"latency_ms":0.78}
{"alert_id":1183,"customer_id":"customer_806","symbol":"1000SATSUSDC","price":0.00001495,"threshold":0.00001497,"direction":"below","ingested_at":18683.202642235,"emitted_at":18683.2034664,"latency_ms":0.824}
{"alert_id":1184,"customer_id":"customer_179","symbol":"CHRUSDT","price":0.0279,"threshold":0.02787962,"direction":"above","ingested_at":18683.202642235,"emitted_at":18683.203498064,"latency_ms":0.856}
{"alert_id":1185,"customer_id":"customer_60","symbol":"ARDRUSDT","price":0.04263,"threshold":0.04263035,"direction":"below","ingested_at":18683.202642235,"emitted_at":18683.203516772,"latency_ms":0.875}
{"alert_id":1186,"customer_id":"customer_667","symbol":"TRUMPTRY","price":106.8,"threshold":106.78484515,"direction":"above","ingested_at":18683.202642235,"emitted_at":18683.203556136,"latency_ms":0.914}
{"alert_id":1187,"customer_id":"customer_97","symbol":"BABYUSDC","price":0.01823,"threshold":0.01820983,"direction":"above","ingested_at":18684.112800744,"emitted_at":18684.113132726,"latency_ms":0.332}
{"alert_id":1188,"customer_id":"customer_574","symbol":"SENTUSDC","price":0.01669,"threshold":0.01670496,"direction":"below","ingested_at":18684.112800744,"emitted_at":18684.113325901,"latency_ms":0.525}
{"alert_id":1189,"customer_id":"customer_701","symbol":"USDCTRY","price":45.2,"threshold":45.19302579,"direction":"above","ingested_at":18684.112800744,"emitted_at":18684.113374651,"latency_ms":0.574}
{"alert_id":1190,"customer_id":"customer_718","symbol":"VANAUSDT","price":1.51,"threshold":1.51006095,"direction":"below","ingested_at":18684.112800744,"emitted_at":18684.113404111,"latency_ms":0.603}
{"alert_id":1191,"customer_id":"customer_608","symbol":"STGUSDT","price":0.2244,"threshold":0.22444912,"direction":"below","ingested_at":18685.115366181,"emitted_at":18685.115916414,"latency_ms":0.55}
{"alert_id":1192,"customer_id":"customer_985","symbol":"CITYTRY","price":26.6,"threshold":26.5344167,"direction":"above","ingested_at":18685.115366181,"emitted_at":18685.116146665,"latency_ms":0.78}
{"alert_id":1193,"customer_id":"customer_890","symbol":"AVNTUSDT","price":0.1452,"threshold":0.14523355,"direction":"below","ingested_at":18685.115366181,"emitted_at":18685.116210287,"latency_ms":0.844}
{"alert_id":1194,"customer_id":"customer_728","symbol":"WALUSDT","price":0.0727,"threshold":0.07274199,"direction":"below","ingested_at":18685.115366181,"emitted_at":18685.116248002,"latency_ms":0.882}
{"alert_id":1195,"customer_id":"customer_970","symbol":"CELRUSDT","price":0.002753,"threshold":0.00275339,"direction":"below","ingested_at":18685.115366181,"emitted_at":18685.116305543,"latency_ms":0.939}
{"alert_id":1196,"customer_id":"customer_862","symbol":"ARKMUSDC","price":0.1212,"threshold":0.12149176,"direction":"below","ingested_at":18685.115366181,"emitted_at":18685.116354742,"latency_ms":0.989}
{"alert_id":1197,"customer_id":"customer_638","symbol":"SYSUSDT","price":0.00926,"threshold":0.00926016,"direction":"below","ingested_at":18685.115366181,"emitted_at":18685.116378591,"latency_ms":1.012}
{"alert_id":1198,"customer_id":"customer_710","symbol":"USDTTRY","price":45.2,"threshold":45.20406316,"direction":"below","ingested_at":18685.115366181,"emitted_at":18685.116405479,"latency_ms":1.039}
{"alert_id":1199,"customer_id":"customer_986","symbol":"CITYUSDT","price":0.584,"threshold":0.58446206,"direction":"below","ingested_at":18685.115366181,"emitted_at":18685.116452667,"latency_ms":1.086}
{"alert_id":1200,"customer_id":"customer_542","symbol":"RESOLVUSDT","price":0.0324,"threshold":0.0324641,"direction":"below","ingested_at":18686.113302854,"emitted_at":18686.11366196,"latency_ms":0.359}
{"alert_id":1201,"customer_id":"customer_447","symbol":"NEWTUSDT","price":0.0755,"threshold":0.07543989,"direction":"above","ingested_at":18686.113302854,"emitted_at":18686.113816742,"latency_ms":0.514}
{"alert_id":1202,"customer_id":"customer_79","symbol":"AUDIOUSDT","price":0.02034,"threshold":0.02032363,"direction":"above","ingested_at":18687.113214605,"emitted_at":18687.11356095,"latency_ms":0.346}
{"alert_id":1203,"customer_id":"customer_403","symbol":"LUNAUSDC","price":0.0766,"threshold":0.07658633,"direction":"above","ingested_at":18687.113214605,"emitted_at":18687.113730945,"latency_ms":0.516}
{"alert_id":1204,"customer_id":"customer_717","symbol":"UUSDT","price":0.9999,"threshold":0.99983535,"direction":"above","ingested_at":18687.113214605,"emitted_at":18687.113763892,"latency_ms":0.549}
{"alert_id":1205,"customer_id":"customer_662","symbol":"TONUSDT","price":1.803,"threshold":1.80320228,"direction":"below","ingested_at":18687.113214605,"emitted_at":18687.113814319,"latency_ms":0.6}
{"alert_id":1206,"customer_id":"customer_415","symbol":"MBLUSDT","price":0.000931,"threshold":0.00093078,"direction":"above","ingested_at":18687.113214605,"emitted_at":18687.113831499,"latency_ms":0.617}
{"alert_id":1207,"customer_id":"customer_994","symbol":"COWUSDT","price":0.1894,"threshold":0.18941685,"direction":"below","ingested_at":18687.113214605,"emitted_at":18687.113848911,"latency_ms":0.634}
{"alert_id":1208,"customer_id":"customer_703","symbol":"USDCUSDT","price":0.99991,"threshold":0.9999066,"direction":"above","ingested_at":18688.114328504,"emitted_at":18688.114794154,"latency_ms":0.466}
{"alert_id":1209,"customer_id":"customer_166","symbol":"CATITRY","price":2.71,"threshold":2.7251641,"direction":"below","ingested_at":18688.114328504,"emitted_at":18688.11508007,"latency_ms":0.752}
{"alert_id":1210,"customer_id":"customer_772","symbol":"YBUSDT","price":0.1159,"threshold":0.11596932,"direction":"below","ingested_at":18689.141695433,"emitted_at":18689.142040621,"latency_ms":0.345}
{"alert_id":1211,"customer_id":"customer_515","symbol":"PORTOUSDT","price":0.828,"threshold":0.827135,"direction":"above","ingested_at":18689.141695433,"emitted_at":18689.142210379,"latency_ms":0.515}
{"alert_id":1212,"customer_id":"customer_22","symbol":"ACTUSDT","price":0.0163,"threshold":0.0163467,"direction":"below","ingested_at":18689.141695433,"emitted_at":18689.142236716,"latency_ms":0.541}
{"alert_id":1213,"customer_id":"customer_750","symbol":"XLMTRY","price":7.165,"threshold":7.16628641,"direction":"below","ingested_at":18690.170830537,"emitted_at":18690.171141578,"latency_ms":0.311}
{"alert_id":1214,"customer_id":"customer_752","symbol":"XLMUSDT","price":0.1585,"threshold":0.15855272,"direction":"below","ingested_at":18690.170830537,"emitted_at":18690.17127489,"latency_ms":0.444}
{"alert_id":1215,"customer_id":"customer_221","symbol":"DOGSUSDT","price":0.0000589,"threshold":0.00005887,"direction":"above","ingested_at":18690.170830537,"emitted_at":18690.171358209,"latency_ms":0.528}
{"alert_id":1216,"customer_id":"customer_118","symbol":"BLURTRY","price":1.263,"threshold":1.26384269,"direction":"below","ingested_at":18691.123489302,"emitted_at":18691.123965023,"latency_ms":0.476}
{"alert_id":1217,"customer_id":"customer_712","symbol":"USTCTRY","price":0.3793,"threshold":0.38007941,"direction":"below","ingested_at":18691.123489302,"emitted_at":18691.124157241,"latency_ms":0.668}
{"alert_id":1218,"customer_id":"customer_426","symbol":"MINAUSDC","price":0.0627,"threshold":0.06274372,"direction":"below","ingested_at":18691.123489302,"emitted_at":18691.124202541,"latency_ms":0.713}
{"alert_id":1219,"customer_id":"customer_841","symbol":"ALLOUSDC","price":0.1176,"threshold":0.11748018,"direction":"above","ingested_at":18691.123489302,"emitted_at":18691.124227392,"latency_ms":0.738}
{"alert_id":1220,"customer_id":"customer_696","symbol":"USD1USDT","price":0.9999,"threshold":0.99994934,"direction":"below","ingested_at":18692.123866172,"emitted_at":18692.124393311,"latency_ms":0.527}
{"alert_id":1221,"customer_id":"customer_524","symbol":"QKCUSDT","price":0.003149,"threshold":0.00315229,"direction":"below","ingested_at":18692.123866172,"emitted_at":18692.124591355,"latency_ms":0.725}
{"alert_id":1222,"customer_id":"customer_369","symbol":"JUVUSDT","price":0.488,"threshold":0.48739639,"direction":"above","ingested_at":18692.123866172,"emitted_at":18692.124630178,"latency_ms":0.764}
{"alert_id":1223,"customer_id":"customer_678","symbol":"TRXUSDT","price":0.3432,"threshold":0.34325895,"direction":"below","ingested_at":18692.123866172,"emitted_at":18692.124676988,"latency_ms":0.811}
{"alert_id":1224,"customer_id":"customer_703","symbol":"USDCUSDT","price":0.99991,"threshold":0.9999066,"direction":"above","ingested_at":18692.123866172,"emitted_at":18692.124736807,"latency_ms":0.871}
{"alert_id":1225,"customer_id":"customer_230","symbol":"DOTUSDC","price":1.264,"threshold":1.2647486,"direction":"below","ingested_at":18692.123866172,"emitted_at":18692.124761702,"latency_ms":0.896}
{"alert_id":1226,"customer_id":"customer_827","symbol":"ADAUSDC","price":0.2567,"threshold":0.25669085,"direction":"above","ingested_at":18692.123866172,"emitted_at":18692.124799744,"latency_ms":0.934}
{"alert_id":1227,"customer_id":"customer_527","symbol":"RADUSDT","price":0.243,"threshold":0.24244376,"direction":"above","ingested_at":18692.123866172,"emitted_at":18692.124854218,"latency_ms":0.988}
{"alert_id":1228,"customer_id":"customer_718","symbol":"VANAUSDT","price":1.509,"threshold":1.51006095,"direction":"below","ingested_at":18692.123866172,"emitted_at":18692.124909656,"latency_ms":1.043}
{"alert_id":1229,"customer_id":"customer_976","symbol":"CGPTUSDT","price":0.027,"threshold":0.02700226,"direction":"below","ingested_at":18692.123866172,"emitted_at":18692.124935208,"latency_ms":1.069}
{"alert_id":1230,"customer_id":"customer_319","symbol":"GUNUSDC","price":0.01463,"threshold":0.01461862,"direction":"above","ingested_at":18693.617856336,"emitted_at":18693.618151442,"latency_ms":0.295}
{"alert_id":1231,"customer_id":"customer_857","symbol":"APTUSDT","price":0.967,"threshold":0.96649089,"direction":"above","ingested_at":18693.617856336,"emitted_at":18693.618289174,"latency_ms":0.433}
{"alert_id":1232,"customer_id":"customer_415","symbol":"MBLUSDT","price":0.000931,"threshold":0.00093078,"direction":"above","ingested_at":18693.617856336,"emitted_at":18693.618376233,"latency_ms":0.52}
{"alert_id":1233,"customer_id":"customer_681","symbol":"TSTUSDC","price":0.02004,"threshold":0.02000603,"direction":"above","ingested_at":18693.617856336,"emitted_at":18693.61841896,"latency_ms":0.563}
{"alert_id":1234,"customer_id":"customer_634","symbol":"SXTUSDT","price":0.01446,"threshold":0.01446495,"direction":"below","ingested_at":18694.127268519,"emitted_at":18694.127718679,"latency_ms":0.45}
{"alert_id":1235,"customer_id":"customer_595","symbol":"SOLUSD1","price":85.3,"threshold":85.29869191,"direction":"above","ingested_at":18694.127268519,"emitted_at":18694.127931705,"latency_ms":0.663}
{"alert_id":1236,"customer_id":"customer_152","symbol":"BTCJPY","price":12822677.0,"threshold":12823084.69382897,"direction":"below","ingested_at":18694.127268519,"emitted_at":18694.127991177,"latency_ms":0.723}
{"alert_id":1237,"customer_id":"customer_706","symbol":"USDTCOP","price":3696.0,"threshold":3696.44941751,"direction":"below","ingested_at":18694.127268519,"emitted_at":18694.128076815,"latency_ms":0.808}
{"alert_id":1238,"customer_id":"customer_161","symbol":"BTTCTRY","price":0.00001466,"threshold":0.00001466,"direction":"above","ingested_at":18694.127268519,"emitted_at":18694.128140588,"latency_ms":0.872}
{"alert_id":1239,"customer_id":"customer_267","symbol":"ETHBTC","price":0.0292,"threshold":0.02919584,"direction":"above","ingested_at":18694.127268519,"emitted_at":18694.128177131,"latency_ms":0.909}
{"alert_id":1240,"customer_id":"customer_719","symbol":"VANRYUSDC","price":0.005278,"threshold":0.00527704,"direction":"above","ingested_at":18695.125630875,"emitted_at":18695.125914911,"latency_ms":0.284}
{"alert_id":1241,"customer_id":"customer_500","symbol":"PEPEUSDT","price":0.00000407,"threshold":0.00000407,"direction":"below","ingested_at":18695.125630875,"emitted_at":18695.126069023,"latency_ms":0.438}
{"alert_id":1242,"customer_id":"customer_707","symbol":"USDTIDR","price":17383.0,"threshold":17382.00407024,"direction":"above","ingested_at":18695.125630875,"emitted_at":18695.12611653,"latency_ms":0.486}
{"alert_id":1243,"customer_id":"customer_234","symbol":"DUSKUSDT","price":0.1418,"threshold":0.14207394,"direction":"below","ingested_at":18695.125630875,"emitted_at":18695.126160491,"latency_ms":0.53}
{"alert_id":1244,"customer_id":"customer_189","symbol":"COSTRY","price":0.0511,"threshold":0.0510271,"direction":"above","ingested_at":18695.125630875,"emitted_at":18695.126201589,"latency_ms":0.571}
{"alert_id":1245,"customer_id":"customer_926","symbol":"BNBETH","price":0.2655,"threshold":0.2655341,"direction":"below","ingested_at":18696.128291593,"emitted_at":18696.128703387,"latency_ms":0.412}
{"alert_id":1246,"customer_id":"customer_703","symbol":"USDCUSDT","price":0.99991,"threshold":0.9999066,"direction":"above","ingested_at":18696.128291593,"emitted_at":18696.128945611,"latency_ms":0.654}
{"alert_id":1247,"customer_id":"customer_391","symbol":"LINKUSDT","price":9.71,"threshold":9.70422186,"direction":"above","ingested_at":18696.128291593,"emitted_at":18696.128987766,"latency_ms":0.696}
{"alert_id":1248,"customer_id":"customer_74","symbol":"ATOMTRY","price":83.5,"threshold":83.55096791,"direction":"below","ingested_at":18696.128291593,"emitted_at":18696.12912145,"latency_ms":0.83}
{"alert_id":1249,"customer_id":"customer_634","symbol":"SXTUSDT","price":0.01446,"threshold":0.01446495,"direction":"below","ingested_at":18697.122607272,"emitted_at":18697.123124864,"latency_ms":0.518}
{"alert_id":1250,"customer_id":"customer_447","symbol":"NEWTUSDT","price":0.0755,"threshold":0.07543989,"direction":"above","ingested_at":18697.122607272,"emitted_at":18697.123295023,"latency_ms":0.688}
{"alert_id":1251,"customer_id":"customer_528","symbol":"RAYTRY","price":36.49,"threshold":36.51598562,"direction":"below","ingested_at":18697.122607272,"emitted_at":18697.123411067,"latency_ms":0.804}
{"alert_id":1252,"customer_id":"customer_521","symbol":"PYRUSDT","price":0.273,"threshold":0.2723362,"direction":"above","ingested_at":18697.122607272,"emitted_at":18697.123468339,"latency_ms":0.861}
{"alert_id":1253,"customer_id":"customer_486","symbol":"PAXGBTC","price":0.05596,"threshold":0.05596754,"direction":"below","ingested_at":18697.122607272,"emitted_at":18697.123504291,"latency_ms":0.897}
{"alert_id":1254,"customer_id":"customer_301","symbol":"FORMUSDT","price":0.2945,"threshold":0.29446131,"direction":"above","ingested_at":18698.138221978,"emitted_at":18698.138697116,"latency_ms":0.475}
{"alert_id":1255,"customer_id":"customer_28","symbol":"ADXBTC","price":0.00000096,"threshold":0.00000096,"direction":"below","ingested_at":18698.138221978,"emitted_at":18698.138893942,"latency_ms":0.672}
{"alert_id":1256,"customer_id":"customer_829","symbol":"ADXBTC","price":0.00000096,"threshold":0.00000096,"direction":"above","ingested_at":18698.138221978,"emitted_at":18698.13892607,"latency_ms":0.704}
{"alert_id":1257,"customer_id":"customer_168","symbol":"CELOUSDT","price":0.08953,"threshold":0.0895684,"direction":"below","ingested_at":18698.138221978,"emitted_at":18698.138951447,"latency_ms":0.729}
{"alert_id":1258,"customer_id":"customer_3","symbol":"1000CHEEMSUSDT","price":0.000638,"threshold":0.000638,"direction":"above","ingested_at":18698.138221978,"emitted_at":18698.139080635,"latency_ms":0.859}
{"alert_id":1259,"customer_id":"customer_557","symbol":"RUNEUSDT","price":0.546,"threshold":0.545437,"direction":"above","ingested_at":18699.235984242,"emitted_at":18699.236441332,"latency_ms":0.457}
{"alert_id":1260,"customer_id":"customer_948","symbol":"BTCBRL","price":399368.0,"threshold":399407.53145088,"direction":"below","ingested_at":18699.235984242,"emitted_at":18699.236625713,"latency_ms":0.641}
{"alert_id":1261,"customer_id":"customer_338","symbol":"HOMEUSDT","price":0.01398,"threshold":0.01399472,"direction":"below","ingested_at":18699.235984242,"emitted_at":18699.236666859,"latency_ms":0.683}
{"alert_id":1262,"customer_id":"customer_870","symbol":"ASTERUSDT","price":0.675,"threshold":0.67575696,"direction":"below","ingested_at":18699.235984242,"emitted_at":18699.236725159,"latency_ms":0.741}
{"alert_id":1263,"customer_id":"customer_66","symbol":"ASTERTRY","price":30.55,"threshold":30.55097454,"direction":"below","ingested_at":18699.235984242,"emitted_at":18699.236746149,"latency_ms":0.762}
{"alert_id":1264,"customer_id":"customer_657","symbol":"TKOUSDT","price":0.0613,"threshold":0.06129256,"direction":"above","ingested_at":18699.235984242,"emitted_at":18699.236771635,"latency_ms":0.787}
{"alert_id":1265,"customer_id":"customer_703","symbol":"USDCUSDT","price":0.99991,"threshold":0.9999066,"direction":"above","ingested_at":18699.235984242,"emitted_at":18699.236803927,"latency_ms":0.82}
{"alert_id":1266,"customer_id":"customer_970","symbol":"CELRUSDT","price":0.002753,"threshold":0.00275339,"direction":"below","ingested_at":18699.235984242,"emitted_at":18699.23683933,"latency_ms":0.855}
{"alert_id":1267,"customer_id":"customer_710","symbol":"USDTTRY","price":45.2,"threshold":45.20406316,"direction":"below","ingested_at":18699.235984242,"emitted_at":18699.236889751,"latency_ms":0.906}
{"alert_id":1268,"customer_id":"customer_165","symbol":"CAKEUSDT","price":1.514,"threshold":1.51355671,"direction":"above","ingested_at":18700.129267257,"emitted_at":18700.129742049,"latency_ms":0.475}
{"alert_id":1269,"customer_id":"customer_821","symbol":"ACMUSDT","price":0.423,"threshold":0.42239034,"direction":"above","ingested_at":18700.129267257,"emitted_at":18700.129924147,"latency_ms":0.657}
{"alert_id":1270,"customer_id":"customer_905","symbol":"BATUSDT","price":0.1038,"threshold":0.10372046,"direction":"above","ingested_at":18700.129267257,"emitted_at":18700.129993905,"latency_ms":0.727}
{"alert_id":1271,"customer_id":"customer_717","symbol":"UUSDT","price":0.9999,"threshold":0.99983535,"direction":"above","ingested_at":18700.129267257,"emitted_at":18700.130065191,"latency_ms":0.798}
{"alert_id":1272,"customer_id":"customer_178","symbol":"CHIPUSDT","price":0.05733,"threshold":0.05733799,"direction":"below","ingested_at":18700.129267257,"emitted_at":18700.130103707,"latency_ms":0.836}
{"alert_id":1273,"customer_id":"customer_558","symbol":"SAGAUSDT","price":0.01786,"threshold":0.01786415,"direction":"below","ingested_at":18700.129267257,"emitted_at":18700.130126903,"latency_ms":0.86}
{"alert_id":1274,"customer_id":"customer_312","symbol":"GNOUSDT","price":133.12,"threshold":133.1620384,"direction":"below","ingested_at":18700.129267257,"emitted_at":18700.130151569,"latency_ms":0.884}
{"alert_id":1275,"customer_id":"customer_346","symbol":"ICPUSDC","price":2.489,"threshold":2.48998865,"direction":"below","ingested_at":18700.129267257,"emitted_at":18700.130173278,"latency_ms":0.906}
{"alert_id":1276,"customer_id":"customer_22","symbol":"ACTUSDT","price":0.0163,"threshold":0.0163467,"direction":"below","ingested_at":18700.129267257,"emitted_at":18700.130207008,"latency_ms":0.94}
{"alert_id":1277,"customer_id":"customer_740","symbol":"WLFIU","price":0.0646,"threshold":0.06475275,"direction":"below","ingested_at":18701.125051012,"emitted_at":18701.125502665,"latency_ms":0.452}
{"alert_id":1278,"customer_id":"customer_55","symbol":"APTUSDC","price":0.967,"threshold":0.96674226,"direction":"above","ingested_at":18701.125051012,"emitted_at":18701.12568328,"latency_ms":0.632}
{"alert_id":1279,"customer_id":"customer_402","symbol":"LUNATRY","price":3.464,"threshold":3.46724088,"direction":"below","ingested_at":18701.125051012,"emitted_at":18701.125738961,"latency_ms":0.688}
{"alert_id":1280,"customer_id":"customer_703","symbol":"USDCUSDT","price":0.99991,"threshold":0.9999066,"direction":"above","ingested_at":18702.125518253,"emitted_at":18702.125800718,"latency_ms":0.282}
{"alert_id":1281,"customer_id":"customer_460","symbol":"NOTUSDT","price":0.000486,"threshold":0.0004863,"direction":"below","ingested_at":18702.125518253,"emitted_at":18702.125917088,"latency_ms":0.399}
{"alert_id":1282,"customer_id":"customer_466","symbol":"ONDOUSDT","price":0.3185,"threshold":0.31858896,"direction":"below","ingested_at":18703.125766568,"emitted_at":18703.126314013,"latency_ms":0.547}
{"alert_id":1283,"customer_id":"customer_717","symbol":"UUSDT","price":0.9999,"threshold":0.99983535,"direction":"above","ingested_at":18703.125766568,"emitted_at":18703.126603986,"latency_ms":0.837}
{"alert_id":1284,"customer_id":"customer_596","symbol":"SOLUSDC","price":85.31,"threshold":85.31557364,"direction":"below","ingested_at":18703.125766568,"emitted_at":18703.126702711,"latency_ms":0.936}
{"alert_id":1285,"customer_id":"customer_706","symbol":"USDTCOP","price":3696.0,"threshold":3696.44941751,"direction":"below","ingested_at":18703.125766568,"emitted_at":18703.126737664,"latency_ms":0.971}
{"alert_id":1286,"customer_id":"customer_754","symbol":"XPLUSDC","price":0.0929,"threshold":0.09296624,"direction":"below","ingested_at":18704.132431357,"emitted_at":18704.133101878,"latency_ms":0.671}
{"alert_id":1287,"customer_id":"customer_658","symbol":"TLMUSDT","price":0.001863,"threshold":0.00186472,"direction":"below","ingested_at":18704.132431357,"emitted_at":18704.133269901,"latency_ms":0.839}
{"alert_id":1288,"customer_id":"customer_544","symbol":"REZUSDC","price":0.00529,"threshold":0.00529854,"direction":"below","ingested_at":18704.132431357,"emitted_at":18704.133372603,"latency_ms":0.941}
{"alert_id":1289,"customer_id":"customer_701","symbol":"USDCTRY","price":45.2,"threshold":45.19302579,"direction":"above","ingested_at":18704.132431357,"emitted_at":18704.133397279,"latency_ms":0.966}
{"alert_id":1290,"customer_id":"customer_710","symbol":"USDTTRY","price":45.2,"threshold":45.20406316,"direction":"below","ingested_at":18704.132431357,"emitted_at":18704.13342878,"latency_ms":0.997}
{"alert_id":1291,"customer_id":"customer_659","symbol":"TONFDUSD","price":1.81,"threshold":1.80853944,"direction":"above","ingested_at":18704.132431357,"emitted_at":18704.133453237,"latency_ms":1.022}
{"alert_id":1292,"customer_id":"customer_946","symbol":"BROCCOLI714USDT","price":0.01847,"threshold":0.01850172,"direction":"below","ingested_at":18705.128640446,"emitted_at":18705.129088102,"latency_ms":0.448}
{"alert_id":1293,"customer_id":"customer_506","symbol":"PLUMEUSDC","price":0.01215,"threshold":0.01218295,"direction":"below","ingested_at":18705.128640446,"emitted_at":18705.129316094,"latency_ms":0.676}
{"alert_id":1294,"customer_id":"customer_403","symbol":"LUNAUSDC","price":0.0766,"threshold":0.07658633,"direction":"above","ingested_at":18705.128640446,"emitted_at":18705.129402203,"latency_ms":0.762}
{"alert_id":1295,"customer_id":"customer_173","symbol":"CFGUSDT","price":0.2466,"threshold":0.24646907,"direction":"above","ingested_at":18705.128640446,"emitted_at":18705.129454973,"latency_ms":0.815}
{"alert_id":1296,"customer_id":"customer_194","symbol":"CRVTRY","price":10.82,"threshold":10.83296104,"direction":"below","ingested_at":18705.128640446,"emitted_at":18705.12948809,"latency_ms":0.848}
{"alert_id":1297,"customer_id":"customer_178","symbol":"CHIPUSDT","price":0.05733,"threshold":0.05733799,"direction":"below","ingested_at":18705.128640446,"emitted_at":18705.129517105,"latency_ms":0.877}
{"alert_id":1298,"customer_id":"customer_332","symbol":"HIVEUSDT","price":0.0754,"threshold":0.07540166,"direction":"below","ingested_at":18705.128640446,"emitted_at":18705.129556711,"latency_ms":0.916}
{"alert_id":1299,"customer_id":"customer_678","symbol":"TRXUSDT","price":0.3432,"threshold":0.34325895,"direction":"below","ingested_at":18706.129671993,"emitted_at":18706.130211453,"latency_ms":0.539}
{"alert_id":1300,"customer_id":"customer_893","symbol":"AXLUSDT","price":0.0802,"threshold":0.0800223,"direction":"above","ingested_at":18706.129671993,"emitted_at":18706.130441478,"latency_ms":0.769}
{"alert_id":1301,"customer_id":"customer_634","symbol":"SXTUSDT","price":0.01446,"threshold":0.01446495,"direction":"below","ingested_at":18707.126171631,"emitted_at":18707.126672501,"latency_ms":0.501}
{"alert_id":1302,"customer_id":"customer_502","symbol":"PHBUSDT","price":0.107,"threshold":0.10726483,"direction":"below","ingested_at":18707.126171631,"emitted_at":18707.126842357,"latency_ms":0.671}
{"alert_id":1303,"customer_id":"customer_703","symbol":"USDCUSDT","price":0.99991,"threshold":0.9999066,"direction":"above","ingested_at":18707.126171631,"emitted_at":18707.126923206,"latency_ms":0.752}
{"alert_id":1304,"customer_id":"customer_970","symbol":"CELRUSDT","price":0.002753,"threshold":0.00275339,"direction":"below","ingested_at":18707.126171631,"emitted_at":18707.126982759,"latency_ms":0.811}
{"alert_id":1305,"customer_id":"customer_433","symbol":"MOVEUSDT","price":0.0179,"threshold":0.01782455,"direction":"above","ingested_at":18707.126171631,"emitted_at":18707.127076892,"latency_ms":0.905}
{"alert_id":1306,"customer_id":"customer_103","symbol":"BARUSDT","price":0.428,"threshold":0.42768109,"direction":"above","ingested_at":18708.129034306,"emitted_at":18708.129588265,"latency_ms":0.554}
{"alert_id":1307,"customer_id":"customer_435","symbol":"MOVRUSDT","price":2.116,"threshold":2.11431847,"direction":"above","ingested_at":18708.129034306,"emitted_at":18708.129805425,"latency_ms":0.771}
{"alert_id":1308,"customer_id":"customer_712","symbol":"USTCTRY","price":0.3793,"threshold":0.38007941,"direction":"below","ingested_at":18709.127055002,"emitted_at":18709.127623205,"latency_ms":0.568}
{"alert_id":1309,"customer_id":"customer_793","symbol":"ZKUSDC","price":0.01706,"threshold":0.01705842,"direction":"above","ingested_at":18709.127055002,"emitted_at":18709.12786711,"latency_ms":0.812}
{"alert_id":1310,"customer_id":"customer_415","symbol":"MBLUSDT","price":0.000931,"threshold":0.00093078,"direction":"above","ingested_at":18709.127055002,"emitted_at":18709.127912892,"latency_ms":0.858}
{"alert_id":1311,"customer_id":"customer_522","symbol":"PYTHUSDC","price":0.0489,"threshold":0.04894546,"direction":"below","ingested_at":18709.127055002,"emitted_at":18709.127952612,"latency_ms":0.898}
{"alert_id":1312,"customer_id":"customer_146","symbol":"BTCARS","price":120763198.0,"threshold":120794742.94562493,"direction":"below","ingested_at":18710.12373505,"emitted_at":18710.12425719,"latency_ms":0.522}
{"alert_id":1313,"customer_id":"customer_966","symbol":"CAKEUSDT","price":1.513,"threshold":1.51369219,"direction":"below","ingested_at":18710.12373505,"emitted_at":18710.12444474,"latency_ms":0.71}
{"alert_id":1314,"customer_id":"customer_703","symbol":"USDCUSDT","price":0.99991,"threshold":0.9999066,"direction":"above","ingested_at":18710.12373505,"emitted_at":18710.124521455,"latency_ms":0.786}
{"alert_id":1315,"customer_id":"customer_178","symbol":"CHIPUSDT","price":0.05733,"threshold":0.05733799,"direction":"below","ingested_at":18710.12373505,"emitted_at":18710.12458318,"latency_ms":0.848}
{"alert_id":1316,"customer_id":"customer_176","symbol":"CHIPTRY","price":2.5921,"threshold":2.59268715,"direction":"below","ingested_at":18710.12373505,"emitted_at":18710.124607847,"latency_ms":0.873}
{"alert_id":1317,"customer_id":"customer_443","symbol":"NEIROUSDC","price":0.00010083,"threshold":0.00010072,"direction":"above","ingested_at":18710.12373505,"emitted_at":18710.12467562,"latency_ms":0.941}
{"alert_id":1318,"customer_id":"customer_27","symbol":"ADAUSDT","price":0.2567,"threshold":0.25664814,"direction":"above","ingested_at":18711.132368319,"emitted_at":18711.132831298,"latency_ms":0.463}
{"alert_id":1319,"customer_id":"customer_696","symbol":"USD1USDT","price":0.9999,"threshold":0.99994934,"direction":"below","ingested_at":18712.131091506,"emitted_at":18712.131773849,"latency_ms":0.682}
{"alert_id":1320,"customer_id":"customer_504","symbol":"PIXELUSDT","price":0.00794,"threshold":0.00794253,"direction":"below","ingested_at":18712.131091506,"emitted_at":18712.131994811,"latency_ms":0.903}
{"alert_id":1321,"customer_id":"customer_545","symbol":"REZUSDT","price":0.0053,"threshold":0.00529593,"direction":"above","ingested_at":18712.131091506,"emitted_at":18712.132109369,"latency_ms":1.018}
{"alert_id":1322,"customer_id":"customer_710","symbol":"USDTTRY","price":45.2,"threshold":45.20406316,"direction":"below","ingested_at":18712.131091506,"emitted_at":18712.132142381,"latency_ms":1.051}
{"alert_id":1323,"customer_id":"customer_115","symbol":"BIOTRY","price":2.374,"threshold":2.37168399,"direction":"above","ingested_at":18712.131091506,"emitted_at":18712.132179037,"latency_ms":1.088}
{"alert_id":1324,"customer_id":"customer_152","symbol":"BTCJPY","price":12822494.0,"threshold":12823084.69382897,"direction":"below","ingested_at":18713.128926305,"emitted_at":18713.129569497,"latency_ms":0.643}
{"alert_id":1325,"customer_id":"customer_726","symbol":"VTHOUSDT","price":0.000581,"threshold":0.00058145,"direction":"below","ingested_at":18713.128926305,"emitted_at":18713.129799344,"latency_ms":0.873}
{"alert_id":1326,"customer_id":"customer_753","symbol":"XNOUSDT","price":0.454,"threshold":0.45335899,"direction":"above","ingested_at":18713.128926305,"emitted_at":18713.129847865,"latency_ms":0.922}
{"alert_id":1327,"customer_id":"customer_3","symbol":"1000CHEEMSUSDT","price":0.000638,"threshold":0.000638,"direction":"above","ingested_at":18713.128926305,"emitted_at":18713.129875044,"latency_ms":0.949}
{"alert_id":1328,"customer_id":"customer_261","symbol":"ERAUSDT","price":0.1346,"threshold":0.13459681,"direction":"above","ingested_at":18714.131437472,"emitted_at":18714.131903292,"latency_ms":0.466}
{"alert_id":1329,"customer_id":"customer_248","symbol":"ENATRY","price":5.003,"threshold":5.00655381,"direction":"below","ingested_at":18714.131437472,"emitted_at":18714.132189602,"latency_ms":0.752}
{"alert_id":1330,"customer_id":"customer_361","symbol":"JASMYUSDT","price":0.00572,"threshold":0.00571423,"direction":"above","ingested_at":18714.131437472,"emitted_at":18714.132258332,"latency_ms":0.821}
{"alert_id":1331,"customer_id":"customer_680","symbol":"TSTTRY","price":0.908,"threshold":0.90888587,"direction":"below","ingested_at":18714.131437472,"emitted_at":18714.132312038,"latency_ms":0.875}
{"alert_id":1332,"customer_id":"customer_801","symbol":"币安人生USDT","price":0.3747,"threshold":0.37444212,"direction":"above","ingested_at":18715.127704301,"emitted_at":18715.128168747,"latency_ms":0.464}
{"alert_id":1333,"customer_id":"customer_13","symbol":"AAVEUSDC","price":93.27,"threshold":93.25479056,"direction":"above","ingested_at":18715.127704301,"emitted_at":18715.128385614,"latency_ms":0.681}
{"alert_id":1334,"customer_id":"customer_145","symbol":"BROCCOLI714USDT","price":0.01851,"threshold":0.01848299,"direction":"above","ingested_at":18716.130965395,"emitted_at":18716.131317095,"latency_ms":0.352}
{"alert_id":1335,"customer_id":"customer_407","symbol":"LUNCUSDT","price":0.00011756,"threshold":0.00011755,"direction":"above","ingested_at":18716.130965395,"emitted_at":18716.131486308,"latency_ms":0.521}
{"alert_id":1336,"customer_id":"customer_57","symbol":"ARBTRY","price":5.38,"threshold":5.37537675,"direction":"above","ingested_at":18716.130965395,"emitted_at":18716.131517052,"latency_ms":0.552}
{"alert_id":1337,"customer_id":"customer_866","symbol":"ASRUSDT","price":1.244,"threshold":1.24638024,"direction":"below","ingested_at":18716.130965395,"emitted_at":18716.131541665,"latency_ms":0.576}
{"alert_id":1338,"customer_id":"customer_827","symbol":"ADAUSDC","price":0.2567,"threshold":0.25669085,"direction":"above","ingested_at":18716.130965395,"emitted_at":18716.131602562,"latency_ms":0.637}
{"alert_id":1339,"customer_id":"customer_298","symbol":"FOGOTRY","price":0.875,"threshold":0.87606254,"direction":"below","ingested_at":18716.130965395,"emitted_at":18716.131621268,"latency_ms":0.656}
{"alert_id":1340,"customer_id":"customer_973","symbol":"CFGUSDC","price":0.2468,"threshold":0.24673152,"direction":"above","ingested_at":18716.130965395,"emitted_at":18716.131652135,"latency_ms":0.687}
{"alert_id":1341,"customer_id":"customer_359","symbol":"IOUSDT","price":0.1178,"threshold":0.11774933,"direction":"above","ingested_at":18716.130965395,"emitted_at":18716.131707405,"latency_ms":0.742}
{"alert_id":1342,"customer_id":"customer_670","symbol":"TRUMPUSDT","price":2.362,"threshold":2.36287471,"direction":"below","ingested_at":18716.130965395,"emitted_at":18716.131745781,"latency_ms":0.78}
{"alert_id":1343,"customer_id":"customer_600","symbol":"SOPHUSDT","price":0.00868,"threshold":0.00868248,"direction":"below","ingested_at":18717.130607298,"emitted_at":18717.131119082,"latency_ms":0.512}
{"alert_id":1344,"customer_id":"customer_456","symbol":"NOMTRY","price":0.111,"threshold":0.11133044,"direction":"below","ingested_at":18717.130607298,"emitted_at":18717.131313183,"latency_ms":0.706}
{"alert_id":1345,"customer_id":"customer_877","symbol":"ATOMUSDT","price":1.848,"threshold":1.84732742,"direction":"above","ingested_at":18717.130607298,"emitted_at":18717.131396185,"latency_ms":0.789}
{"alert_id":1346,"customer_id":"customer_511","symbol":"POLUSDT","price":0.0977,"threshold":0.09766998,"direction":"above","ingested_at":18717.130607298,"emitted_at":18717.131473867,"latency_ms":0.867}
{"alert_id":1347,"customer_id":"customer_946","symbol":"BROCCOLI714USDT","price":0.01848,"threshold":0.01850172,"direction":"below","ingested_at":18718.131187642,"emitted_at":18718.136148596,"latency_ms":4.961}
{"alert_id":1348,"customer_id":"customer_857","symbol":"APTUSDT","price":0.967,"threshold":0.96649089,"direction":"above","ingested_at":18718.131187642,"emitted_at":18718.13630967,"latency_ms":5.122}
{"alert_id":1349,"customer_id":"customer_500","symbol":"PEPEUSDT","price":0.00000407,"threshold":0.00000407,"direction":"below","ingested_at":18718.131187642,"emitted_at":18718.136340693,"latency_ms":5.153}
{"alert_id":1350,"customer_id":"customer_347","symbol":"ICPUSDT","price":2.492,"threshold":2.49178846,"direction":"above","ingested_at":18718.131187642,"emitted_at":18718.136385721,"latency_ms":5.198}
{"alert_id":1351,"customer_id":"customer_32","symbol":"AIUSDT","price":0.0221,"threshold":0.02218761,"direction":"below","ingested_at":18718.131187642,"emitted_at":18718.136404265,"latency_ms":5.217}
{"alert_id":1352,"customer_id":"customer_368","symbol":"JUPUSDT","price":0.19,"threshold":0.19007909,"direction":"below","ingested_at":18718.131187642,"emitted_at":18718.136427218,"latency_ms":5.24}
{"alert_id":1353,"customer_id":"customer_489","symbol":"PAXGUSDT","price":4548.17,"threshold":4548.10996522,"direction":"above","ingested_at":18718.131187642,"emitted_at":18718.136491991,"latency_ms":5.304}
{"alert_id":1354,"customer_id":"customer_337","symbol":"HOLOUSDT","price":0.0656,"threshold":0.06556409,"direction":"above","ingested_at":18719.133412892,"emitted_at":18719.133822212,"latency_ms":0.409}
{"alert_id":1355,"customer_id":"customer_678","symbol":"TRXUSDT","price":0.3432,"threshold":0.34325895,"direction":"below","ingested_at":18719.133412892,"emitted_at":18719.133994531,"latency_ms":0.582}
{"alert_id":1356,"customer_id":"customer_372","symbol":"KATTRY","price":0.426,"threshold":0.42608921,"direction":"below","ingested_at":18719.133412892,"emitted_at":18719.134105258,"latency_ms":0.692}
{"alert_id":1357,"customer_id":"customer_178","symbol":"CHIPUSDT","price":0.05733,"threshold":0.05733799,"direction":"below","ingested_at":18719.133412892,"emitted_at":18719.134145013,"latency_ms":0.732}
{"alert_id":1358,"customer_id":"customer_710","symbol":"USDTTRY","price":45.2,"threshold":45.20406316,"direction":"below","ingested_at":18719.133412892,"emitted_at":18719.13417328,"latency_ms":0.76}
{"alert_id":1359,"customer_id":"customer_535","symbol":"RENDEREUR","price":1.618,"threshold":1.6170242,"direction":"above","ingested_at":18719.133412892,"emitted_at":18719.134199428,"latency_ms":0.787}
{"alert_id":1360,"customer_id":"customer_382","symbol":"KNCUSDT","price":0.1473,"threshold":0.14741288,"direction":"below","ingested_at":18719.133412892,"emitted_at":18719.13423096,"latency_ms":0.818}
{"alert_id":1361,"customer_id":"customer_695","symbol":"USD1USDC","price":1.0001,"threshold":1.00004674,"direction":"above","ingested_at":18720.136187041,"emitted_at":18720.136600288,"latency_ms":0.413}
{"alert_id":1362,"customer_id":"customer_703","symbol":"USDCUSDT","price":0.99991,"threshold":0.9999066,"direction":"above","ingested_at":18720.136187041,"emitted_at":18720.136736662,"latency_ms":0.55}
{"alert_id":1363,"customer_id":"customer_85","symbol":"AVAXU","price":9.4,"threshold":9.37686709,"direction":"above","ingested_at":18720.136187041,"emitted_at":18720.136797043,"latency_ms":0.61}
{"alert_id":1364,"customer_id":"customer_437","symbol":"MUBARAKUSDC","price":0.01614,"threshold":0.01613287,"direction":"above","ingested_at":18721.130489774,"emitted_at":18721.132017248,"latency_ms":1.527}
{"alert_id":1365,"customer_id":"customer_771","symbol":"XVSUSDT","price":2.61,"threshold":2.60415638,"direction":"above","ingested_at":18721.130489774,"emitted_at":18721.132210882,"latency_ms":1.721}
{"alert_id":1366,"customer_id":"customer_447","symbol":"NEWTUSDT","price":0.0755,"threshold":0.07543989,"direction":"above","ingested_at":18721.130489774,"emitted_at":18721.132280975,"latency_ms":1.791}
{"alert_id":1367,"customer_id":"customer_184","symbol":"CITYTRY","price":26.4,"threshold":26.55208871,"direction":"below","ingested_at":18721.130489774,"emitted_at":18721.132330356,"latency_ms":1.841}
{"alert_id":1368,"customer_id":"customer_142","symbol":"BONKUSDT","price":0.00000643,"threshold":0.00000643,"direction":"below","ingested_at":18721.130489774,"emitted_at":18721.132391006,"latency_ms":1.901}
{"alert_id":1369,"customer_id":"customer_701","symbol":"USDCTRY","price":45.2,"threshold":45.19302579,"direction":"above","ingested_at":18721.130489774,"emitted_at":18721.132490451,"latency_ms":2.001}
{"alert_id":1370,"customer_id":"customer_703","symbol":"USDCUSDT","price":0.99991,"threshold":0.9999066,"direction":"above","ingested_at":18722.129600068,"emitted_at":18722.130035228,"latency_ms":0.435}
{"alert_id":1371,"customer_id":"customer_417","symbol":"MEGAUSDC","price":0.12631,"threshold":0.12622728,"direction":"above","ingested_at":18722.129600068,"emitted_at":18722.130253741,"latency_ms":0.654}
{"alert_id":1372,"customer_id":"customer_475","symbol":"ORCATRY","price":76.2,"threshold":76.16044315,"direction":"above","ingested_at":18722.129600068,"emitted_at":18722.13034773,"latency_ms":0.748}
{"alert_id":1373,"customer_id":"customer_241","symbol":"EDUUSDT","price":0.0458,"threshold":0.04575138,"direction":"above","ingested_at":18723.13325721,"emitted_at":18723.134624753,"latency_ms":1.368}
{"alert_id":1374,"customer_id":"customer_65","symbol":"ASRUSDT","price":1.246,"threshold":1.24565967,"direction":"above","ingested_at":18723.13325721,"emitted_at":18723.134773133,"latency_ms":1.516}
{"alert_id":1375,"customer_id":"customer_767","symbol":"XRPUSDC","price":1.4095,"threshold":1.40891389,"direction":"above","ingested_at":18723.13325721,"emitted_at":18723.134877411,"latency_ms":1.62}
{"alert_id":1376,"customer_id":"customer_347","symbol":"ICPUSDT","price":2.492,"threshold":2.49178846,"direction":"above","ingested_at":18723.13325721,"emitted_at":18723.134935121,"latency_ms":1.678}
{"alert_id":1377,"customer_id":"customer_763","symbol":"XRPRLUSD","price":1.4089,"threshold":1.40863375,"direction":"above","ingested_at":18723.13325721,"emitted_at":18723.13504119,"latency_ms":1.784}
{"alert_id":1378,"customer_id":"customer_694","symbol":"USD1U","price":1.0,"threshold":1.00005871,"direction":"below","ingested_at":18723.13325721,"emitted_at":18723.135086165,"latency_ms":1.829}
{"alert_id":1379,"customer_id":"customer_249","symbol":"ENAU","price":0.1113,"threshold":0.11126853,"direction":"above","ingested_at":18723.13325721,"emitted_at":18723.13516039,"latency_ms":1.903}
{"alert_id":1380,"customer_id":"customer_183","symbol":"CHZUSDT","price":0.04142,"threshold":0.04141842,"direction":"above","ingested_at":18723.13325721,"emitted_at":18723.135219022,"latency_ms":1.962}
{"alert_id":1381,"customer_id":"customer_796","symbol":"ZROUSDC","price":1.416,"threshold":1.41627715,"direction":"below","ingested_at":18723.13325721,"emitted_at":18723.135311194,"latency_ms":2.054}
{"alert_id":1382,"customer_id":"customer_415","symbol":"MBLUSDT","price":0.000931,"threshold":0.00093078,"direction":"above","ingested_at":18723.13325721,"emitted_at":18723.135351128,"latency_ms":2.094}
{"alert_id":1383,"customer_id":"customer_669","symbol":"TRUMPUSDC","price":2.366,"threshold":2.36394831,"direction":"above","ingested_at":18723.13325721,"emitted_at":18723.135440597,"latency_ms":2.183}
{"alert_id":1384,"customer_id":"customer_385","symbol":"LDOUSDT","price":0.3739,"threshold":0.37388656,"direction":"above","ingested_at":18724.14713629,"emitted_at":18724.147509097,"latency_ms":0.373}
{"alert_id":1385,"customer_id":"customer_202","symbol":"DASHBTC","price":0.0005654,"threshold":0.0005656,"direction":"below","ingested_at":18724.14713629,"emitted_at":18724.147623593,"latency_ms":0.487}
{"alert_id":1386,"customer_id":"customer_383","symbol":"LAUSDT","price":0.1383,"threshold":0.13825342,"direction":"above","ingested_at":18724.14713629,"emitted_at":18724.147694218,"latency_ms":0.558}
{"alert_id":1387,"customer_id":"customer_181","symbol":"CHZTRY","price":1.872,"threshold":1.87157472,"direction":"above","ingested_at":18724.14713629,"emitted_at":18724.147736703,"latency_ms":0.6}
{"alert_id":1388,"customer_id":"customer_987","symbol":"CKBUSDT","price":0.001522,"threshold":0.00152124,"direction":"above","ingested_at":18724.14713629,"emitted_at":18724.147760834,"latency_ms":0.625}
{"alert_id":1389,"customer_id":"customer_88","symbol":"AVNTUSDC","price":0.1452,"threshold":0.14536372,"direction":"below","ingested_at":18724.14713629,"emitted_at":18724.147792171,"latency_ms":0.656}
{"alert_id":1390,"customer_id":"customer_64","symbol":"ASRTRY","price":56.25,"threshold":56.33290328,"direction":"below","ingested_at":18724.14713629,"emitted_at":18724.147812268,"latency_ms":0.676}
{"alert_id":1391,"customer_id":"customer_328","symbol":"HEMIUSDT","price":0.0077,"threshold":0.00770283,"direction":"below","ingested_at":18724.14713629,"emitted_at":18724.147837538,"latency_ms":0.701}
{"alert_id":1392,"customer_id":"customer_655","symbol":"TIAUSDT","price":0.3591,"threshold":0.35901587,"direction":"above","ingested_at":18724.14713629,"emitted_at":18724.14785781,"latency_ms":0.722}
{"alert_id":1393,"customer_id":"customer_255","symbol":"ENSOUSDC","price":0.938,"threshold":0.93746058,"direction":"above","ingested_at":18724.14713629,"emitted_at":18724.14788409,"latency_ms":0.748}
{"alert_id":1394,"customer_id":"customer_284","symbol":"FARMUSDT","price":12.08,"threshold":12.08524281,"direction":"below","ingested_at":18724.14713629,"emitted_at":18724.147946031,"latency_ms":0.81}
{"alert_id":1395,"customer_id":"customer_872","symbol":"ATMUSDT","price":1.092,"threshold":1.0927354,"direction":"below","ingested_at":18725.151950879,"emitted_at":18725.15309805,"latency_ms":1.147}
{"alert_id":1396,"customer_id":"customer_850","symbol":"APETRY","price":7.4,"threshold":7.40608457,"direction":"below","ingested_at":18726.171300532,"emitted_at":18726.171540173,"latency_ms":0.24}
{"alert_id":1397,"customer_id":"customer_407","symbol":"LUNCUSDT","price":0.00011756,"threshold":0.00011755,"direction":"above","ingested_at":18726.171300532,"emitted_at":18726.171693528,"latency_ms":0.393}
{"alert_id":1398,"customer_id":"customer_829","symbol":"ADXBTC","price":0.00000096,"threshold":0.00000096,"direction":"above","ingested_at":18726.171300532,"emitted_at":18726.171724661,"latency_ms":0.424}
{"alert_id":1399,"customer_id":"customer_703","symbol":"USDCUSDT","price":0.99991,"threshold":0.9999066,"direction":"above","ingested_at":18726.171300532,"emitted_at":18726.171765139,"latency_ms":0.465}
{"alert_id":1400,"customer_id":"customer_747","symbol":"XAUTUSDT","price":4550.78,"threshold":4550.69174233,"direction":"above","ingested_at":18726.171300532,"emitted_at":18726.171787868,"latency_ms":0.487}
{"alert_id":1401,"customer_id":"customer_706","symbol":"USDTCOP","price":3696.0,"threshold":3696.44941751,"direction":"below","ingested_at":18726.171300532,"emitted_at":18726.17180678,"latency_ms":0.506}
{"alert_id":1402,"customer_id":"customer_219","symbol":"DOGSTRY","price":0.00267,"threshold":0.00266474,"direction":"above","ingested_at":18726.171300532,"emitted_at":18726.171841722,"latency_ms":0.541}
{"alert_id":1403,"customer_id":"customer_231","symbol":"DOTUSDT","price":1.264,"threshold":1.26397364,"direction":"above","ingested_at":18726.171300532,"emitted_at":18726.171870333,"latency_ms":0.57}
{"alert_id":1404,"customer_id":"customer_27","symbol":"ADAUSDT","price":0.2567,"threshold":0.25664814,"direction":"above","ingested_at":18727.135706291,"emitted_at":18727.135824911,"latency_ms":0.119}
{"alert_id":1405,"customer_id":"customer_101","symbol":"BANKUSDC","price":0.0333,"threshold":0.03325463,"direction":"above","ingested_at":18727.135706291,"emitted_at":18727.135890742,"latency_ms":0.184}
{"alert_id":1406,"customer_id":"customer_970","symbol":"CELRUSDT","price":0.002753,"threshold":0.00275339,"direction":"below","ingested_at":18727.135706291,"emitted_at":18727.135906545,"latency_ms":0.2}
{"alert_id":1407,"customer_id":"customer_264","symbol":"ESPUSDT","price":0.06992,"threshold":0.06994703,"direction":"below","ingested_at":18727.135706291,"emitted_at":18727.135916897,"latency_ms":0.211}
{"alert_id":1408,"customer_id":"customer_407","symbol":"LUNCUSDT","price":0.00011768,"threshold":0.00011755,"direction":"above","ingested_at":18728.133199699,"emitted_at":18728.133948965,"latency_ms":0.749}
{"alert_id":1409,"customer_id":"customer_500","symbol":"PEPEUSDT","price":0.00000407,"threshold":0.00000407,"direction":"below","ingested_at":18728.133199699,"emitted_at":18728.134129501,"latency_ms":0.93}
{"alert_id":1410,"customer_id":"customer_703","symbol":"USDCUSDT","price":0.99991,"threshold":0.9999066,"direction":"above","ingested_at":18728.133199699,"emitted_at":18728.134169804,"latency_ms":0.97}
{"alert_id":1411,"customer_id":"customer_282","symbol":"EURUSDC","price":1.1698,"threshold":1.16988519,"direction":"below","ingested_at":18728.133199699,"emitted_at":18728.134206974,"latency_ms":1.007}
{"alert_id":1412,"customer_id":"customer_707","symbol":"USDTIDR","price":17383.0,"threshold":17382.00407024,"direction":"above","ingested_at":18729.131715317,"emitted_at":18729.132367841,"latency_ms":0.653}
{"alert_id":1413,"customer_id":"customer_825","symbol":"ADAJPY","price":40.5,"threshold":40.48533483,"direction":"above","ingested_at":18729.131715317,"emitted_at":18729.132600819,"latency_ms":0.886}
{"alert_id":1414,"customer_id":"customer_989","symbol":"COMPUSDT","price":23.8,"threshold":23.79476641,"direction":"above","ingested_at":18729.131715317,"emitted_at":18729.13269618,"latency_ms":0.981}
{"alert_id":1415,"customer_id":"customer_969","symbol":"CELOUSDT","price":0.08956,"threshold":0.08954027,"direction":"above","ingested_at":18730.135815269,"emitted_at":18730.136367436,"latency_ms":0.552}
{"alert_id":1416,"customer_id":"customer_479","symbol":"ORDIUSDC","price":5.132,"threshold":5.13101273,"direction":"above","ingested_at":18730.135815269,"emitted_at":18730.136576268,"latency_ms":0.761}
{"alert_id":1417,"customer_id":"customer_152","symbol":"BTCJPY","price":12821972.0,"threshold":12823084.69382897,"direction":"below","ingested_at":18730.135815269,"emitted_at":18730.13664929,"latency_ms":0.834}
{"alert_id":1418,"customer_id":"customer_710","symbol":"USDTTRY","price":45.2,"threshold":45.20406316,"direction":"below","ingested_at":18730.135815269,"emitted_at":18730.13670064,"latency_ms":0.885}
{"alert_id":1419,"customer_id":"customer_208","symbol":"DGBUSDT","price":0.00389,"threshold":0.00389392,"direction":"below","ingested_at":18730.135815269,"emitted_at":18730.136751195,"latency_ms":0.936}
{"alert_id":1420,"customer_id":"customer_231","symbol":"DOTUSDT","price":1.264,"threshold":1.26397364,"direction":"above","ingested_at":18730.135815269,"emitted_at":18730.136798046,"latency_ms":0.983}
{"alert_id":1421,"customer_id":"customer_278","symbol":"ETHUSDT","price":2373.05,"threshold":2373.20956243,"direction":"below","ingested_at":18731.134385363,"emitted_at":18731.135388352,"latency_ms":1.003}
{"alert_id":1422,"customer_id":"customer_145","symbol":"BROCCOLI714USDT","price":0.01849,"threshold":0.01848299,"direction":"above","ingested_at":18731.134385363,"emitted_at":18731.135588058,"latency_ms":1.203}
{"alert_id":1423,"customer_id":"customer_466","symbol":"ONDOUSDT","price":0.3184,"threshold":0.31858896,"direction":"below","ingested_at":18731.134385363,"emitted_at":18731.135631272,"latency_ms":1.246}
{"alert_id":1424,"customer_id":"customer_222","symbol":"DOLOTRY","price":1.502,"threshold":1.50248929,"direction":"below","ingested_at":18731.134385363,"emitted_at":18731.135683161,"latency_ms":1.298}
{"alert_id":1425,"customer_id":"customer_839","symbol":"ALICEUSDT","price":0.1502,"threshold":0.15015264,"direction":"above","ingested_at":18731.134385363,"emitted_at":18731.135733325,"latency_ms":1.348}
{"alert_id":1426,"customer_id":"customer_776","symbol":"ZAMAUSDT","price":0.02916,"threshold":0.02917201,"direction":"below","ingested_at":18731.134385363,"emitted_at":18731.135782745,"latency_ms":1.397}
{"alert_id":1427,"customer_id":"customer_221","symbol":"DOGSUSDT","price":0.0000589,"threshold":0.00005887,"direction":"above","ingested_at":18731.134385363,"emitted_at":18731.135835991,"latency_ms":1.451}
{"alert_id":1428,"customer_id":"customer_771","symbol":"XVSUSDT","price":2.61,"threshold":2.60415638,"direction":"above","ingested_at":18732.13414537,"emitted_at":18732.134584644,"latency_ms":0.439}
{"alert_id":1429,"customer_id":"customer_396","symbol":"LTCEUR","price":47.52,"threshold":47.55868792,"direction":"below","ingested_at":18732.13414537,"emitted_at":18732.134760001,"latency_ms":0.615}
{"alert_id":1430,"customer_id":"customer_960","symbol":"BTCUSDC","price":81269.23,"threshold":81270.61750464,"direction":"below","ingested_at":18732.13414537,"emitted_at":18732.134825087,"latency_ms":0.68}
{"alert_id":1431,"customer_id":"customer_303","symbol":"GALATRY","price":0.1495,"threshold":0.14942194,"direction":"above","ingested_at":18732.13414537,"emitted_at":18732.134938477,"latency_ms":0.793}
{"alert_id":1432,"customer_id":"customer_81","symbol":"AVAUSDT","price":0.2781,"threshold":0.27804171,"direction":"above","ingested_at":18733.135128837,"emitted_at":18733.135606538,"latency_ms":0.478}
{"alert_id":1433,"customer_id":"customer_678","symbol":"TRXUSDT","price":0.3432,"threshold":0.34325895,"direction":"below","ingested_at":18733.135128837,"emitted_at":18733.135768595,"latency_ms":0.64}
{"alert_id":1434,"customer_id":"customer_703","symbol":"USDCUSDT","price":0.99991,"threshold":0.9999066,"direction":"above","ingested_at":18733.135128837,"emitted_at":18733.135812957,"latency_ms":0.684}
{"alert_id":1435,"customer_id":"customer_390","symbol":"LINKUSDC","price":9.69,"threshold":9.6994888,"direction":"below","ingested_at":18733.135128837,"emitted_at":18733.135837488,"latency_ms":0.709}
{"alert_id":1436,"customer_id":"customer_707","symbol":"USDTIDR","price":17383.0,"threshold":17382.00407024,"direction":"above","ingested_at":18733.135128837,"emitted_at":18733.135859007,"latency_ms":0.73}
{"alert_id":1437,"customer_id":"customer_845","symbol":"ALTUSDT","price":0.00777,"threshold":0.00776376,"direction":"above","ingested_at":18733.135128837,"emitted_at":18733.135893401,"latency_ms":0.765}
{"alert_id":1438,"customer_id":"customer_784","symbol":"ZECUSDC","price":432.76,"threshold":432.78410356,"direction":"below","ingested_at":18733.135128837,"emitted_at":18733.135921023,"latency_ms":0.792}
{"alert_id":1439,"customer_id":"customer_453","symbol":"NIGHTUSDC","price":0.03151,"threshold":0.03150736,"direction":"above","ingested_at":18733.135128837,"emitted_at":18733.135970882,"latency_ms":0.842}
{"alert_id":1440,"customer_id":"customer_206","symbol":"DCRUSDT","price":19.41,"threshold":19.41833301,"direction":"below","ingested_at":18733.135128837,"emitted_at":18733.136053044,"latency_ms":0.924}
{"alert_id":1441,"customer_id":"customer_23","symbol":"ADAEUR","price":0.2195,"threshold":0.21947864,"direction":"above","ingested_at":18734.137082393,"emitted_at":18734.138368125,"latency_ms":1.286}
{"alert_id":1442,"customer_id":"customer_761","symbol":"XRPFDUSD","price":1.4104,"threshold":1.41017275,"direction":"above","ingested_at":18734.137082393,"emitted_at":18734.138645518,"latency_ms":1.563}
{"alert_id":1443,"customer_id":"customer_235","symbol":"DYDXTRY","price":6.515,"threshold":6.51356848,"direction":"above","ingested_at":18734.137082393,"emitted_at":18734.138723652,"latency_ms":1.641}
{"alert_id":1444,"customer_id":"customer_111","symbol":"BCHUSDT","price":455.0,"threshold":454.95185581,"direction":"above","ingested_at":18734.137082393,"emitted_at":18734.138830815,"latency_ms":1.748}
{"alert_id":1445,"customer_id":"customer_706","symbol":"USDTCOP","price":3696.0,"threshold":3696.44941751,"direction":"below","ingested_at":18734.137082393,"emitted_at":18734.13886168,"latency_ms":1.779}
{"alert_id":1446,"customer_id":"customer_696","symbol":"USD1USDT","price":0.9999,"threshold":0.99994934,"direction":"below","ingested_at":18735.139803511,"emitted_at":18735.140196277,"latency_ms":0.393}
{"alert_id":1447,"customer_id":"customer_500","symbol":"PEPEUSDT","price":0.00000407,"threshold":0.00000407,"direction":"below","ingested_at":18735.139803511,"emitted_at":18735.140375092,"latency_ms":0.572}
{"alert_id":1448,"customer_id":"customer_755","symbol":"XPLUSDT","price":0.0932,"threshold":0.09319217,"direction":"above","ingested_at":18735.139803511,"emitted_at":18735.140416858,"latency_ms":0.613}
{"alert_id":1449,"customer_id":"customer_664","symbol":"TRBUSDC","price":19.8,"threshold":19.80604399,"direction":"below","ingested_at":18735.139803511,"emitted_at":18735.140482496,"latency_ms":0.679}
{"alert_id":1450,"customer_id":"customer_996","symbol":"CRVUSDC","price":0.2394,"threshold":0.23945364,"direction":"below","ingested_at":18735.139803511,"emitted_at":18735.140508162,"latency_ms":0.705}
{"alert_id":1451,"customer_id":"customer_391","symbol":"LINKUSDT","price":9.71,"threshold":9.70422186,"direction":"above","ingested_at":18736.136320333,"emitted_at":18736.136603436,"latency_ms":0.283}
{"alert_id":1452,"customer_id":"customer_377","symbol":"KGSTUSDT","price":0.01143,"threshold":0.011427,"direction":"above","ingested_at":18736.136320333,"emitted_at":18736.136723305,"latency_ms":0.403}
{"alert_id":1453,"customer_id":"customer_363","symbol":"JSTUSDT","price":0.08574,"threshold":0.08573009,"direction":"above","ingested_at":18736.136320333,"emitted_at":18736.136781051,"latency_ms":0.461}
{"alert_id":1454,"customer_id":"customer_3","symbol":"1000CHEEMSUSDT","price":0.000638,"threshold":0.000638,"direction":"above","ingested_at":18736.136320333,"emitted_at":18736.136795176,"latency_ms":0.475}
{"alert_id":1455,"customer_id":"customer_455","symbol":"NILUSDT","price":0.03988,"threshold":0.03986633,"direction":"above","ingested_at":18737.142547755,"emitted_at":18737.143768126,"latency_ms":1.22}
{"alert_id":1456,"customer_id":"customer_705","symbol":"USDTBRL","price":4.9139,"threshold":4.91384856,"direction":"above","ingested_at":18737.142547755,"emitted_at":18737.143980415,"latency_ms":1.433}
{"alert_id":1457,"customer_id":"customer_628","symbol":"SUPERUSDT","price":0.124,"threshold":0.12421107,"direction":"below","ingested_at":18737.142547755,"emitted_at":18737.144124349,"latency_ms":1.577}
{"alert_id":1458,"customer_id":"customer_703","symbol":"USDCUSDT","price":0.99991,"threshold":0.9999066,"direction":"above","ingested_at":18737.142547755,"emitted_at":18737.144196638,"latency_ms":1.649}
{"alert_id":1459,"customer_id":"customer_247","symbol":"ENAFDUSD","price":0.111,"threshold":0.11098772,"direction":"above","ingested_at":18737.142547755,"emitted_at":18737.144295886,"latency_ms":1.748}
{"alert_id":1460,"customer_id":"customer_221","symbol":"DOGSUSDT","price":0.0000589,"threshold":0.00005887,"direction":"above","ingested_at":18737.142547755,"emitted_at":18737.144356444,"latency_ms":1.809}
{"alert_id":1461,"customer_id":"customer_435","symbol":"MOVRUSDT","price":2.115,"threshold":2.11431847,"direction":"above","ingested_at":18737.142547755,"emitted_at":18737.144380793,"latency_ms":1.833}
{"alert_id":1462,"customer_id":"customer_851","symbol":"APEUSDC","price":0.1636,"threshold":0.16355272,"direction":"above","ingested_at":18737.142547755,"emitted_at":18737.144444946,"latency_ms":1.897}
{"alert_id":1463,"customer_id":"customer_780","symbol":"ZECBTC","price":0.0053266,"threshold":0.00534235,"direction":"below","ingested_at":18738.143986898,"emitted_at":18738.144238345,"latency_ms":0.251}
{"alert_id":1464,"customer_id":"customer_409","symbol":"MAGICUSDT","price":0.0655,"threshold":0.06547046,"direction":"above","ingested_at":18738.143986898,"emitted_at":18738.144319597,"latency_ms":0.333}
{"alert_id":1465,"customer_id":"customer_65","symbol":"ASRUSDT","price":1.247,"threshold":1.24565967,"direction":"above","ingested_at":18738.143986898,"emitted_at":18738.144335488,"latency_ms":0.349}
{"alert_id":1466,"customer_id":"customer_432","symbol":"MORPHOUSDT","price":2.267,"threshold":2.26938219,"direction":"below","ingested_at":18738.143986898,"emitted_at":18738.144351322,"latency_ms":0.364}
{"alert_id":1467,"customer_id":"customer_7","symbol":"1MBABYDOGEUSDT","price":0.0004372,"threshold":0.00043691,"direction":"above","ingested_at":18738.143986898,"emitted_at":18738.144409317,"latency_ms":0.422}
{"alert_id":1468,"customer_id":"customer_193","symbol":"COWUSDT","price":0.1898,"threshold":0.18978487,"direction":"above","ingested_at":18738.143986898,"emitted_at":18738.144419849,"latency_ms":0.433}
{"alert_id":1469,"customer_id":"customer_122","symbol":"BMTUSDT","price":0.01638,"threshold":0.01638177,"direction":"below","ingested_at":18739.147938166,"emitted_at":18739.149347958,"latency_ms":1.41}
{"alert_id":1470,"customer_id":"customer_121","symbol":"BMTTRY","price":0.741,"threshold":0.74057521,"direction":"above","ingested_at":18739.147938166,"emitted_at":18739.149532123,"latency_ms":1.594}
{"alert_id":1471,"customer_id":"customer_800","symbol":"币安人生USDC","price":0.3739,"threshold":0.3740949,"direction":"below","ingested_at":18739.147938166,"emitted_at":18739.149795907,"latency_ms":1.858}
{"alert_id":1472,"customer_id":"customer_132","symbol":"BNBUSD","price":630.18,"threshold":630.45659494,"direction":"below","ingested_at":18739.147938166,"emitted_at":18739.149838257,"latency_ms":1.9}
{"alert_id":1473,"customer_id":"customer_459","symbol":"NOTUSDC","price":0.000488,"threshold":0.00048731,"direction":"above","ingested_at":18739.147938166,"emitted_at":18739.149903134,"latency_ms":1.965}
{"alert_id":1474,"customer_id":"customer_415","symbol":"MBLUSDT","price":0.000931,"threshold":0.00093078,"direction":"above","ingested_at":18739.147938166,"emitted_at":18739.149944433,"latency_ms":2.006}
{"alert_id":1475,"customer_id":"customer_994","symbol":"COWUSDT","price":0.1893,"threshold":0.18941685,"direction":"below","ingested_at":18739.147938166,"emitted_at":18739.149990061,"latency_ms":2.052}
{"alert_id":1476,"customer_id":"customer_787","symbol":"ZENUSDT","price":7.009,"threshold":7.00811514,"direction":"above","ingested_at":18739.147938166,"emitted_at":18739.150039661,"latency_ms":2.101}
{"alert_id":1477,"customer_id":"customer_705","symbol":"USDTBRL","price":4.9139,"threshold":4.91384856,"direction":"above","ingested_at":18740.147742371,"emitted_at":18740.14830904,"latency_ms":0.567}
{"alert_id":1478,"customer_id":"customer_541","symbol":"RESOLVUSDC","price":0.0325,"threshold":0.03240304,"direction":"above","ingested_at":18740.147742371,"emitted_at":18740.148480027,"latency_ms":0.738}
{"alert_id":1479,"customer_id":"customer_755","symbol":"XPLUSDT","price":0.0932,"threshold":0.09319217,"direction":"above","ingested_at":18740.147742371,"emitted_at":18740.148534482,"latency_ms":0.792}
{"alert_id":1480,"customer_id":"customer_703","symbol":"USDCUSDT","price":0.99991,"threshold":0.9999066,"direction":"above","ingested_at":18740.147742371,"emitted_at":18740.148587029,"latency_ms":0.845}
{"alert_id":1481,"customer_id":"customer_692","symbol":"UNIUSDC","price":3.357,"threshold":3.35880821,"direction":"below","ingested_at":18740.147742371,"emitted_at":18740.148644332,"latency_ms":0.902}
{"alert_id":1482,"customer_id":"customer_171","symbol":"CFGTRY","price":11.176,"threshold":11.16280558,"direction":"above","ingested_at":18740.147742371,"emitted_at":18740.148700594,"latency_ms":0.958}
{"alert_id":1483,"customer_id":"customer_710","symbol":"USDTTRY","price":45.2,"threshold":45.20406316,"direction":"below","ingested_at":18740.147742371,"emitted_at":18740.148753963,"latency_ms":1.012}
{"alert_id":1484,"customer_id":"customer_320","symbol":"GUNUSDT","price":0.0146,"threshold":0.01460574,"direction":"below","ingested_at":18741.14148018,"emitted_at":18741.142135529,"latency_ms":0.655}
{"alert_id":1485,"customer_id":"customer_431","symbol":"MORPHOUSDC","price":2.281,"threshold":2.2767632,"direction":"above","ingested_at":18741.14148018,"emitted_at":18741.142352874,"latency_ms":0.873}
{"alert_id":1486,"customer_id":"customer_170","symbol":"CETUSUSDT","price":0.0286,"threshold":0.02860769,"direction":"below","ingested_at":18741.14148018,"emitted_at":18741.142511175,"latency_ms":1.031}
{"alert_id":1487,"customer_id":"customer_213","symbol":"DOGEFDUSD","price":0.11218,"threshold":0.11216314,"direction":"above","ingested_at":18742.151240016,"emitted_at":18742.152613135,"latency_ms":1.373}
{"alert_id":1488,"customer_id":"customer_621","symbol":"SUIFDUSD","price":0.9615,"threshold":0.96122909,"direction":"above","ingested_at":18742.151240016,"emitted_at":18742.152760951,"latency_ms":1.521}
{"alert_id":1489,"customer_id":"customer_703","symbol":"USDCUSDT","price":0.99991,"threshold":0.9999066,"direction":"above","ingested_at":18742.151240016,"emitted_at":18742.152809434,"latency_ms":1.569}
{"alert_id":1490,"customer_id":"customer_784","symbol":"ZECUSDC","price":432.78,"threshold":432.78410356,"direction":"below","ingested_at":18742.151240016,"emitted_at":18742.152849928,"latency_ms":1.61}
{"alert_id":1491,"customer_id":"customer_326","symbol":"HBARUSDT","price":0.08965,"threshold":0.08965446,"direction":"below","ingested_at":18742.151240016,"emitted_at":18742.152903422,"latency_ms":1.663}
{"alert_id":1492,"customer_id":"customer_710","symbol":"USDTTRY","price":45.2,"threshold":45.20406316,"direction":"below","ingested_at":18742.151240016,"emitted_at":18742.152933389,"latency_ms":1.693}
{"alert_id":1493,"customer_id":"customer_99","symbol":"BANANAS31USDC","price":0.01126,"threshold":0.01125241,"direction":"above","ingested_at":18743.141495275,"emitted_at":18743.142207171,"latency_ms":0.712}
{"alert_id":1494,"customer_id":"customer_344","symbol":"ICPEUR","price":2.129,"threshold":2.13385604,"direction":"below","ingested_at":18743.141495275,"emitted_at":18743.142489978,"latency_ms":0.995}
{"alert_id":1495,"customer_id":"customer_499","symbol":"PEPEUSDC","price":0.00000408,"threshold":0.00000408,"direction":"above","ingested_at":18743.141495275,"emitted_at":18743.142553174,"latency_ms":1.058}
{"alert_id":1496,"customer_id":"customer_282","symbol":"EURUSDC","price":1.1698,"threshold":1.16988519,"direction":"below","ingested_at":18743.141495275,"emitted_at":18743.142589723,"latency_ms":1.094}
{"alert_id":1497,"customer_id":"customer_180","symbol":"CHZBTC","price":0.00000051,"threshold":0.00000051,"direction":"below","ingested_at":18743.141495275,"emitted_at":18743.142632681,"latency_ms":1.137}
{"alert_id":1498,"customer_id":"customer_981","symbol":"CHZBTC","price":0.00000051,"threshold":0.00000051,"direction":"above","ingested_at":18743.141495275,"emitted_at":18743.142656287,"latency_ms":1.161}
{"alert_id":1499,"customer_id":"customer_494","symbol":"PENGUUSDC","price":0.011407,"threshold":0.01140725,"direction":"below","ingested_at":18743.141495275,"emitted_at":18743.142715554,"latency_ms":1.22}
{"alert_id":1500,"customer_id":"customer_896","symbol":"AXSUSDT","price":1.342,"threshold":1.34322129,"direction":"below","ingested_at":18744.146226538,"emitted_at":18744.147358833,"latency_ms":1.132}
{"alert_id":1501,"customer_id":"customer_695","symbol":"USD1USDC","price":1.0001,"threshold":1.00004674,"direction":"above","ingested_at":18744.146226538,"emitted_at":18744.147541318,"latency_ms":1.315}
{"alert_id":1502,"customer_id":"customer_647","symbol":"TAOUSDT","price":285.9,"threshold":285.78160703,"direction":"above","ingested_at":18744.146226538,"emitted_at":18744.147626871,"latency_ms":1.4}
{"alert_id":1503,"customer_id":"customer_507","symbol":"PLUMEUSDT","price":0.01223,"threshold":0.01217444,"direction":"above","ingested_at":18745.139978865,"emitted_at":18745.140659411,"latency_ms":0.681}
{"alert_id":1504,"customer_id":"customer_770","symbol":"XVGUSDT","price":0.003556,"threshold":0.00355903,"direction":"below","ingested_at":18745.139978865,"emitted_at":18745.140907986,"latency_ms":0.929}
{"alert_id":1505,"customer_id":"customer_965","symbol":"CAKEUSDC","price":1.514,"threshold":1.51321229,"direction":"above","ingested_at":18745.139978865,"emitted_at":18745.141062754,"latency_ms":1.084}
{"alert_id":1506,"customer_id":"customer_771","symbol":"XVSUSDT","price":2.61,"threshold":2.60415638,"direction":"above","ingested_at":18746.151789726,"emitted_at":18746.15215876,"latency_ms":0.369}
{"alert_id":1507,"customer_id":"customer_516","symbol":"PROMUSDT","price":1.958,"threshold":1.95873737,"direction":"below","ingested_at":18746.151789726,"emitted_at":18746.152298727,"latency_ms":0.509}
{"alert_id":1508,"customer_id":"customer_505","symbol":"PLUMETRY","price":0.552,"threshold":0.55103413,"direction":"above","ingested_at":18746.151789726,"emitted_at":18746.152332738,"latency_ms":0.543}
{"alert_id":1509,"customer_id":"customer_703","symbol":"USDCUSDT","price":0.99991,"threshold":0.9999066,"direction":"above","ingested_at":18746.151789726,"emitted_at":18746.152373285,"latency_ms":0.584}
{"alert_id":1510,"customer_id":"customer_600","symbol":"SOPHUSDT","price":0.00868,"threshold":0.00868248,"direction":"below","ingested_at":18747.143305431,"emitted_at":18747.143861458,"latency_ms":0.556}
{"alert_id":1511,"customer_id":"customer_299","symbol":"FOGOUSDT","price":0.01939,"threshold":0.01937398,"direction":"above","ingested_at":18747.143305431,"emitted_at":18747.144103187,"latency_ms":0.798}
{"alert_id":1512,"customer_id":"customer_234","symbol":"DUSKUSDT","price":0.142,"threshold":0.14207394,"direction":"below","ingested_at":18747.143305431,"emitted_at":18747.144155552,"latency_ms":0.85}
{"alert_id":1513,"customer_id":"customer_523","symbol":"QIUSDT","price":0.00175,"threshold":0.00174408,"direction":"above","ingested_at":18747.143305431,"emitted_at":18747.144215121,"latency_ms":0.91}
{"alert_id":1514,"customer_id":"customer_333","symbol":"HMSTRTRY","price":0.00763,"threshold":0.00762316,"direction":"above","ingested_at":18747.143305431,"emitted_at":18747.144240289,"latency_ms":0.935}
{"alert_id":1515,"customer_id":"customer_273","symbol":"ETHPLN","price":8618.0,"threshold":8616.52628874,"direction":"above","ingested_at":18748.143937677,"emitted_at":18748.144478054,"latency_ms":0.54}
{"alert_id":1516,"customer_id":"customer_307","symbol":"GIGGLEUSDT","price":35.08,"threshold":35.07126062,"direction":"above","ingested_at":18748.143937677,"emitted_at":18748.144652803,"latency_ms":0.715}
{"alert_id":1517,"customer_id":"customer_964","symbol":"C98USDT","price":0.0208,"threshold":0.02082702,"direction":"below","ingested_at":18748.143937677,"emitted_at":18748.144709325,"latency_ms":0.772}
{"alert_id":1518,"customer_id":"customer_326","symbol":"HBARUSDT","price":0.08965,"threshold":0.08965446,"direction":"below","ingested_at":18748.143937677,"emitted_at":18748.144740349,"latency_ms":0.803}
{"alert_id":1519,"customer_id":"customer_846","symbol":"AMPUSDT","price":0.00088,"threshold":0.00088128,"direction":"below","ingested_at":18748.143937677,"emitted_at":18748.144775319,"latency_ms":0.838}
{"alert_id":1520,"customer_id":"customer_955","symbol":"BTCPLN","price":295480.0,"threshold":295336.33926199,"direction":"above","ingested_at":18749.145415068,"emitted_at":18749.14609102,"latency_ms":0.676}
{"alert_id":1521,"customer_id":"customer_828","symbol":"ADAUSDT","price":0.2567,"threshold":0.25670286,"direction":"below","ingested_at":18749.145415068,"emitted_at":18749.146324461,"latency_ms":0.909}
{"alert_id":1522,"customer_id":"customer_755","symbol":"XPLUSDT","price":0.0932,"threshold":0.09319217,"direction":"above","ingested_at":18749.145415068,"emitted_at":18749.146372632,"latency_ms":0.958}
{"alert_id":1523,"customer_id":"customer_719","symbol":"VANRYUSDC","price":0.005278,"threshold":0.00527704,"direction":"above","ingested_at":18750.145422348,"emitted_at":18750.146136203,"latency_ms":0.714}
{"alert_id":1524,"customer_id":"customer_860","symbol":"ARBUSDT","price":0.1189,"threshold":0.1189305,"direction":"below","ingested_at":18750.145422348,"emitted_at":18750.146346487,"latency_ms":0.924}
{"alert_id":1525,"customer_id":"customer_623","symbol":"SUITRY","price":43.43,"threshold":43.42410923,"direction":"above","ingested_at":18750.145422348,"emitted_at":18750.146390077,"latency_ms":0.968}
{"alert_id":1526,"customer_id":"customer_703","symbol":"USDCUSDT","price":0.99991,"threshold":0.9999066,"direction":"above","ingested_at":18750.145422348,"emitted_at":18750.146463785,"latency_ms":1.041}
{"alert_id":1527,"customer_id":"customer_958","symbol":"BTCUSD","price":81256.99,"threshold":81273.08432832,"direction":"below","ingested_at":18750.145422348,"emitted_at":18750.146492475,"latency_ms":1.07}
{"alert_id":1528,"customer_id":"customer_276","symbol":"ETHUSD1","price":2372.35,"threshold":2372.56545936,"direction":"below","ingested_at":18750.145422348,"emitted_at":18750.146521463,"latency_ms":1.099}
{"alert_id":1529,"customer_id":"customer_717","symbol":"UUSDT","price":0.9999,"threshold":0.99983535,"direction":"above","ingested_at":18750.145422348,"emitted_at":18750.146555796,"latency_ms":1.133}
{"alert_id":1530,"customer_id":"customer_272","symbol":"ETHJPY","price":374352.0,"threshold":374393.87886218,"direction":"below","ingested_at":18750.145422348,"emitted_at":18750.146600663,"latency_ms":1.178}
{"alert_id":1531,"customer_id":"customer_511","symbol":"POLUSDT","price":0.0977,"threshold":0.09766998,"direction":"above","ingested_at":18750.145422348,"emitted_at":18750.146680029,"latency_ms":1.258}
{"alert_id":1532,"customer_id":"customer_402","symbol":"LUNATRY","price":3.461,"threshold":3.46724088,"direction":"below","ingested_at":18750.145422348,"emitted_at":18750.146721007,"latency_ms":1.299}
{"alert_id":1533,"customer_id":"customer_495","symbol":"PENGUUSDT","price":0.011415,"threshold":0.01141306,"direction":"above","ingested_at":18750.145422348,"emitted_at":18750.146746403,"latency_ms":1.324}
{"alert_id":1534,"customer_id":"customer_705","symbol":"USDTBRL","price":4.9139,"threshold":4.91384856,"direction":"above","ingested_at":18751.151060156,"emitted_at":18751.151703532,"latency_ms":0.643}
{"alert_id":1535,"customer_id":"customer_696","symbol":"USD1USDT","price":0.9999,"threshold":0.99994934,"direction":"below","ingested_at":18751.151060156,"emitted_at":18751.151890702,"latency_ms":0.831}
{"alert_id":1536,"customer_id":"customer_655","symbol":"TIAUSDT","price":0.3591,"threshold":0.35901587,"direction":"above","ingested_at":18751.151060156,"emitted_at":18751.151945553,"latency_ms":0.885}
{"alert_id":1537,"customer_id":"customer_305","symbol":"GIGGLETRY","price":1585.0,"threshold":1584.27763825,"direction":"above","ingested_at":18751.151060156,"emitted_at":18751.151969222,"latency_ms":0.909}
{"alert_id":1538,"customer_id":"customer_833","symbol":"AIUSDT","price":0.0222,"threshold":0.02214456,"direction":"above","ingested_at":18751.151060156,"emitted_at":18751.15199828,"latency_ms":0.938}
{"alert_id":1539,"customer_id":"customer_905","symbol":"BATUSDT","price":0.1038,"threshold":0.10372046,"direction":"above","ingested_at":18751.151060156,"emitted_at":18751.152040904,"latency_ms":0.981}
{"alert_id":1540,"customer_id":"customer_735","symbol":"WINUSDT","price":0.00002023,"threshold":0.00002023,"direction":"above","ingested_at":18751.151060156,"emitted_at":18751.152085457,"latency_ms":1.025}
{"alert_id":1541,"customer_id":"customer_678","symbol":"TRXUSDT","price":0.3432,"threshold":0.34325895,"direction":"below","ingested_at":18752.144877761,"emitted_at":18752.14537556,"latency_ms":0.498}
{"alert_id":1542,"customer_id":"customer_695","symbol":"USD1USDC","price":1.0001,"threshold":1.00004674,"direction":"above","ingested_at":18752.144877761,"emitted_at":18752.145585164,"latency_ms":0.707}
{"alert_id":1543,"customer_id":"customer_648","symbol":"TFUELUSDT","price":0.01133,"threshold":0.01133591,"direction":"below","ingested_at":18752.144877761,"emitted_at":18752.145686439,"latency_ms":0.809}
{"alert_id":1544,"customer_id":"customer_706","symbol":"USDTCOP","price":3696.0,"threshold":3696.44941751,"direction":"below","ingested_at":18752.144877761,"emitted_at":18752.145729024,"latency_ms":0.851}
{"alert_id":1545,"customer_id":"customer_557","symbol":"RUNEUSDT","price":0.546,"threshold":0.545437,"direction":"above","ingested_at":18753.140516794,"emitted_at":18753.140786035,"latency_ms":0.269}
{"alert_id":1546,"customer_id":"customer_815","symbol":"AAVEUSDT","price":93.28,"threshold":93.27332774,"direction":"above","ingested_at":18753.140516794,"emitted_at":18753.140919151,"latency_ms":0.402}
{"alert_id":1547,"customer_id":"customer_56","symbol":"APTUSDT","price":0.967,"threshold":0.96758707,"direction":"below","ingested_at":18753.140516794,"emitted_at":18753.14095028,"latency_ms":0.433}
{"alert_id":1548,"customer_id":"customer_829","symbol":"ADXBTC","price":0.00000096,"threshold":0.00000096,"direction":"above","ingested_at":18753.140516794,"emitted_at":18753.140975658,"latency_ms":0.459}
{"alert_id":1549,"customer_id":"customer_755","symbol":"XPLUSDT","price":0.0932,"threshold":0.09319217,"direction":"above","ingested_at":18753.140516794,"emitted_at":18753.14102443,"latency_ms":0.508}
{"alert_id":1550,"customer_id":"customer_67","symbol":"ASTERU","price":0.677,"threshold":0.67670221,"direction":"above","ingested_at":18753.140516794,"emitted_at":18753.162022855,"latency_ms":21.506}
{"alert_id":1551,"customer_id":"customer_248","symbol":"ENATRY","price":5.002,"threshold":5.00655381,"direction":"below","ingested_at":18753.140516794,"emitted_at":18753.162110428,"latency_ms":21.594}
{"alert_id":1552,"customer_id":"customer_633","symbol":"SXTUSDC","price":0.0145,"threshold":0.01447702,"direction":"above","ingested_at":18754.147264436,"emitted_at":18754.147891053,"latency_ms":0.627}
{"alert_id":1553,"customer_id":"customer_880","symbol":"AUDIOUSDT","price":0.02031,"threshold":0.02032754,"direction":"below","ingested_at":18754.147264436,"emitted_at":18754.148063831,"latency_ms":0.799}
{"alert_id":1554,"customer_id":"customer_774","symbol":"YGGUSDC","price":0.04325,"threshold":0.04327537,"direction":"below","ingested_at":18754.147264436,"emitted_at":18754.148227354,"latency_ms":0.963}
{"alert_id":1555,"customer_id":"customer_706","symbol":"USDTCOP","price":3696.0,"threshold":3696.44941751,"direction":"below","ingested_at":18754.147264436,"emitted_at":18754.148270388,"latency_ms":1.006}
{"alert_id":1556,"customer_id":"customer_705","symbol":"USDTBRL","price":4.9139,"threshold":4.91384856,"direction":"above","ingested_at":18755.145084198,"emitted_at":18755.145806824,"latency_ms":0.723}
{"alert_id":1557,"customer_id":"customer_610","symbol":"STOTRY","price":3.906,"threshold":3.90748595,"direction":"below","ingested_at":18755.145084198,"emitted_at":18755.146012326,"latency_ms":0.928}
{"alert_id":1558,"customer_id":"customer_378","symbol":"KITETRY","price":6.76,"threshold":6.77216279,"direction":"below","ingested_at":18755.145084198,"emitted_at":18755.146114605,"latency_ms":1.03}
{"alert_id":1559,"customer_id":"customer_347","symbol":"ICPUSDT","price":2.492,"threshold":2.49178846,"direction":"above","ingested_at":18755.145084198,"emitted_at":18755.14617121,"latency_ms":1.087}
{"alert_id":1560,"customer_id":"customer_970","symbol":"CELRUSDT","price":0.002753,"threshold":0.00275339,"direction":"below","ingested_at":18755.145084198,"emitted_at":18755.146226315,"latency_ms":1.142}
{"alert_id":1561,"customer_id":"customer_789","symbol":"ZKPTRY","price":3.878,"threshold":3.8765365,"direction":"above","ingested_at":18755.145084198,"emitted_at":18755.146261691,"latency_ms":1.177}
{"alert_id":1562,"customer_id":"customer_392","symbol":"LISTAUSDT","price":0.0849,"threshold":0.0849756,"direction":"below","ingested_at":18755.145084198,"emitted_at":18755.146352279,"latency_ms":1.268}
{"alert_id":1563,"customer_id":"customer_220","symbol":"DOGSUSDC","price":0.0000587,"threshold":0.00005872,"direction":"below","ingested_at":18755.145084198,"emitted_at":18755.146423376,"latency_ms":1.339}
{"alert_id":1564,"customer_id":"customer_415","symbol":"MBLUSDT","price":0.000931,"threshold":0.00093078,"direction":"above","ingested_at":18755.145084198,"emitted_at":18755.146465746,"latency_ms":1.382}
{"alert_id":1565,"customer_id":"customer_330","symbol":"HIVETRY","price":3.4,"threshold":3.40735748,"direction":"below","ingested_at":18755.145084198,"emitted_at":18755.146547626,"latency_ms":1.463}
{"alert_id":1566,"customer_id":"customer_142","symbol":"BONKUSDT","price":0.00000643,"threshold":0.00000643,"direction":"below","ingested_at":18756.147186275,"emitted_at":18756.147564433,"latency_ms":0.378}
{"alert_id":1567,"customer_id":"customer_703","symbol":"USDCUSDT","price":0.99991,"threshold":0.9999066,"direction":"above","ingested_at":18756.147186275,"emitted_at":18756.147681672,"latency_ms":0.495}
{"alert_id":1568,"customer_id":"customer_513","symbol":"PORTALTRY","price":0.5192,"threshold":0.51897532,"direction":"above","ingested_at":18756.147186275,"emitted_at":18756.147737498,"latency_ms":0.551}
{"alert_id":1569,"customer_id":"customer_33","symbol":"AIXBTUSDT","price":0.0345,"threshold":0.03440296,"direction":"above","ingested_at":18756.147186275,"emitted_at":18756.147788521,"latency_ms":0.602}
{"alert_id":1570,"customer_id":"customer_404","symbol":"LUNAUSDT","price":0.0764,"threshold":0.07649619,"direction":"below","ingested_at":18756.147186275,"emitted_at":18756.147808485,"latency_ms":0.622}
{"alert_id":1571,"customer_id":"customer_154","symbol":"BTCPLN","price":295163.0,"threshold":295393.03636576,"direction":"below","ingested_at":18757.138620319,"emitted_at":18757.1389976,"latency_ms":0.377}
{"alert_id":1572,"customer_id":"customer_695","symbol":"USD1USDC","price":1.0001,"threshold":1.00004674,"direction":"above","ingested_at":18757.138620319,"emitted_at":18757.139189697,"latency_ms":0.569}
{"alert_id":1573,"customer_id":"customer_406","symbol":"LUNCUSDC","price":0.00011745,"threshold":0.00011749,"direction":"below","ingested_at":18757.138620319,"emitted_at":18757.139229338,"latency_ms":0.609}
{"alert_id":1574,"customer_id":"customer_717","symbol":"UUSDT","price":0.9999,"threshold":0.99983535,"direction":"above","ingested_at":18757.138620319,"emitted_at":18757.139255743,"latency_ms":0.635}
{"alert_id":1575,"customer_id":"customer_185","symbol":"CITYUSDT","price":0.585,"threshold":0.58466746,"direction":"above","ingested_at":18757.138620319,"emitted_at":18757.139308326,"latency_ms":0.688}
{"alert_id":1576,"customer_id":"customer_901","symbol":"BANANAS31USDT","price":0.011271,"threshold":0.01126995,"direction":"above","ingested_at":18758.144628352,"emitted_at":18758.145061491,"latency_ms":0.433}
{"alert_id":1577,"customer_id":"customer_99","symbol":"BANANAS31USDC","price":0.011279,"threshold":0.01125241,"direction":"above","ingested_at":18758.144628352,"emitted_at":18758.145231703,"latency_ms":0.603}
{"alert_id":1578,"customer_id":"customer_500","symbol":"PEPEUSDT","price":0.00000407,"threshold":0.00000407,"direction":"below","ingested_at":18758.144628352,"emitted_at":18758.145337087,"latency_ms":0.709}
{"alert_id":1579,"customer_id":"customer_703","symbol":"USDCUSDT","price":0.99991,"threshold":0.9999066,"direction":"above","ingested_at":18758.144628352,"emitted_at":18758.145406841,"latency_ms":0.778}
{"alert_id":1580,"customer_id":"customer_579","symbol":"SHIBTRY","price":0.0002832,"threshold":0.00028318,"direction":"above","ingested_at":18758.144628352,"emitted_at":18758.145445915,"latency_ms":0.818}
{"alert_id":1581,"customer_id":"customer_710","symbol":"USDTTRY","price":45.2,"threshold":45.20406316,"direction":"below","ingested_at":18758.144628352,"emitted_at":18758.145506138,"latency_ms":0.878}
{"alert_id":1582,"customer_id":"customer_705","symbol":"USDTBRL","price":4.9139,"threshold":4.91384856,"direction":"above","ingested_at":18759.14475026,"emitted_at":18759.145146532,"latency_ms":0.396}
{"alert_id":1583,"customer_id":"customer_817","symbol":"ACEUSDT","price":0.128,"threshold":0.12734301,"direction":"above","ingested_at":18759.14475026,"emitted_at":18759.145354118,"latency_ms":0.604}
{"alert_id":1584,"customer_id":"customer_411","symbol":"MANTRAUSDT","price":0.01013,"threshold":0.01012375,"direction":"above","ingested_at":18759.14475026,"emitted_at":18759.145416845,"latency_ms":0.667}
{"alert_id":1585,"customer_id":"customer_480","symbol":"ORDIUSDT","price":5.131,"threshold":5.13242104,"direction":"below","ingested_at":18760.144358416,"emitted_at":18760.144896511,"latency_ms":0.538}
{"alert_id":1586,"customer_id":"customer_501","symbol":"PHBTRY","price":4.85,"threshold":4.84185821,"direction":"above","ingested_at":18760.144358416,"emitted_at":18760.145133538,"latency_ms":0.775}
{"alert_id":1587,"customer_id":"customer_117","symbol":"BIOUSDT","price":0.0526,"threshold":0.05250209,"direction":"above","ingested_at":18760.144358416,"emitted_at":18760.145190162,"latency_ms":0.832}
{"alert_id":1588,"customer_id":"customer_294","symbol":"FILUSDT","price":0.95,"threshold":0.95092922,"direction":"below","ingested_at":18761.143360335,"emitted_at":18761.143657387,"latency_ms":0.297}
{"alert_id":1589,"customer_id":"customer_731","symbol":"WBTCUSDT","price":81044.45,"threshold":81040.56676445,"direction":"above","ingested_at":18761.143360335,"emitted_at":18761.143774127,"latency_ms":0.414}
{"alert_id":1590,"customer_id":"customer_328","symbol":"HEMIUSDT","price":0.0077,"threshold":0.00770283,"direction":"below","ingested_at":18761.143360335,"emitted_at":18761.143811068,"latency_ms":0.451}
{"alert_id":1591,"customer_id":"customer_478","symbol":"ORDITRY","price":231.8,"threshold":231.83455736,"direction":"below","ingested_at":18761.143360335,"emitted_at":18761.143837048,"latency_ms":0.477}
{"alert_id":1592,"customer_id":"customer_703","symbol":"USDCUSDT","price":0.99991,"threshold":0.9999066,"direction":"above","ingested_at":18761.143360335,"emitted_at":18761.143862894,"latency_ms":0.503}
{"alert_id":1593,"customer_id":"customer_100","symbol":"BANANAS31USDT","price":0.011201,"threshold":0.01124939,"direction":"below","ingested_at":18762.145420077,"emitted_at":18762.145809953,"latency_ms":0.39}
{"alert_id":1594,"customer_id":"customer_500","symbol":"PEPEUSDT","price":0.00000407,"threshold":0.00000407,"direction":"below","ingested_at":18762.145420077,"emitted_at":18762.145979533,"latency_ms":0.559}
{"alert_id":1595,"customer_id":"customer_285","symbol":"FDUSDTRY","price":45.17,"threshold":45.16663926,"direction":"above","ingested_at":18762.145420077,"emitted_at":18762.146054734,"latency_ms":0.635}
{"alert_id":1596,"customer_id":"customer_678","symbol":"TRXUSDT","price":0.3432,"threshold":0.34325895,"direction":"below","ingested_at":18762.145420077,"emitted_at":18762.146085495,"latency_ms":0.665}
{"alert_id":1597,"customer_id":"customer_282","symbol":"EURUSDC","price":1.1698,"threshold":1.16988519,"direction":"below","ingested_at":18762.145420077,"emitted_at":18762.146141188,"latency_ms":0.721}
{"alert_id":1598,"customer_id":"customer_558","symbol":"SAGAUSDT","price":0.01786,"threshold":0.01786415,"direction":"below","ingested_at":18762.145420077,"emitted_at":18762.146167583,"latency_ms":0.748}
{"alert_id":1599,"customer_id":"customer_415","symbol":"MBLUSDT","price":0.000931,"threshold":0.00093078,"direction":"above","ingested_at":18762.145420077,"emitted_at":18762.146206967,"latency_ms":0.787}
{"alert_id":1600,"customer_id":"customer_192","symbol":"COWUSDC","price":0.1894,"threshold":0.18961378,"direction":"below","ingested_at":18762.145420077,"emitted_at":18762.146237825,"latency_ms":0.818}
{"alert_id":1601,"customer_id":"customer_710","symbol":"USDTTRY","price":45.2,"threshold":45.20406316,"direction":"below","ingested_at":18763.142875595,"emitted_at":18763.14346663,"latency_ms":0.591}
{"alert_id":1602,"customer_id":"customer_206","symbol":"DCRUSDT","price":19.41,"threshold":19.41833301,"direction":"below","ingested_at":18763.142875595,"emitted_at":18763.143651557,"latency_ms":0.776}
{"alert_id":1603,"customer_id":"customer_239","symbol":"EDENTRY","price":1.68,"threshold":1.67219771,"direction":"above","ingested_at":18765.145662465,"emitted_at":18765.146474103,"latency_ms":0.812}
{"alert_id":1604,"customer_id":"customer_109","symbol":"BCHU","price":455.6,"threshold":455.06152972,"direction":"above","ingested_at":18765.145662465,"emitted_at":18765.146700102,"latency_ms":1.038}
{"alert_id":1605,"customer_id":"customer_968","symbol":"CATIUSDT","price":0.0601,"threshold":0.0601657,"direction":"below","ingested_at":18765.145662465,"emitted_at":18765.146773187,"latency_ms":1.111}
{"alert_id":1606,"customer_id":"customer_531","symbol":"REDUSDC","price":0.143,"threshold":0.14296444,"direction":"above","ingested_at":18766.146546507,"emitted_at":18766.14694441,"latency_ms":0.398}
{"alert_id":1607,"customer_id":"customer_607","symbol":"STEEMUSDT","price":0.06011,"threshold":0.06009834,"direction":"above","ingested_at":18766.146546507,"emitted_at":18766.14718084,"latency_ms":0.634}
{"alert_id":1608,"customer_id":"customer_500","symbol":"PEPEUSDT","price":0.00000407,"threshold":0.00000407,"direction":"below","ingested_at":18766.146546507,"emitted_at":18766.147241335,"latency_ms":0.695}
{"alert_id":1609,"customer_id":"customer_336","symbol":"HOLOUSDC","price":0.0655,"threshold":0.06565888,"direction":"below","ingested_at":18766.146546507,"emitted_at":18766.147267436,"latency_ms":0.721}
{"alert_id":1610,"customer_id":"customer_615","symbol":"STRKUSDT","price":0.0381,"threshold":0.03806446,"direction":"above","ingested_at":18766.146546507,"emitted_at":18766.147341636,"latency_ms":0.795}
{"alert_id":1611,"customer_id":"customer_178","symbol":"CHIPUSDT","price":0.05733,"threshold":0.05733799,"direction":"below","ingested_at":18766.146546507,"emitted_at":18766.147375843,"latency_ms":0.829}
{"alert_id":1612,"customer_id":"customer_983","symbol":"CHZUSDC","price":0.04149,"threshold":0.04146658,"direction":"above","ingested_at":18767.14270546,"emitted_at":18767.143056354,"latency_ms":0.351}
{"alert_id":1613,"customer_id":"customer_613","symbol":"STRAXUSDT","price":0.0131,"threshold":0.01309488,"direction":"above","ingested_at":18768.146035043,"emitted_at":18768.146380309,"latency_ms":0.345}
{"alert_id":1614,"customer_id":"customer_755","symbol":"XPLUSDT","price":0.0932,"threshold":0.09319217,"direction":"above","ingested_at":18768.146035043,"emitted_at":18768.146534576,"latency_ms":0.5}
{"alert_id":1615,"customer_id":"customer_778","symbol":"ZBTUSDC","price":0.1882,"threshold":0.18824236,"direction":"below","ingested_at":18768.146035043,"emitted_at":18768.146577739,"latency_ms":0.543}
{"alert_id":1616,"customer_id":"customer_593","symbol":"SOLTRY","price":3856.8,"threshold":3856.61707792,"direction":"above","ingested_at":18768.146035043,"emitted_at":18768.146631464,"latency_ms":0.596}
{"alert_id":1617,"customer_id":"customer_22","symbol":"ACTUSDT","price":0.0163,"threshold":0.0163467,"direction":"below","ingested_at":18768.146035043,"emitted_at":18768.146694552,"latency_ms":0.66}
{"alert_id":1618,"customer_id":"customer_914","symbol":"BELUSDT","price":0.1089,"threshold":0.1089764,"direction":"below","ingested_at":18769.143724967,"emitted_at":18769.143913225,"latency_ms":0.188}
{"alert_id":1619,"customer_id":"customer_703","symbol":"USDCUSDT","price":0.99991,"threshold":0.9999066,"direction":"above","ingested_at":18769.143724967,"emitted_at":18769.144043204,"latency_ms":0.318}
{"alert_id":1620,"customer_id":"customer_970","symbol":"CELRUSDT","price":0.002753,"threshold":0.00275339,"direction":"below","ingested_at":18769.143724967,"emitted_at":18769.144058172,"latency_ms":0.333}
{"alert_id":1621,"customer_id":"customer_16","symbol":"ACEUSDT","price":0.127,"threshold":0.12710281,"direction":"below","ingested_at":18770.146712382,"emitted_at":18770.147104908,"latency_ms":0.393}
{"alert_id":1622,"customer_id":"customer_130","symbol":"BNBTRY","price":28476.0,"threshold":28483.59870025,"direction":"below","ingested_at":18770.146712382,"emitted_at":18770.147328333,"latency_ms":0.616}
{"alert_id":1623,"customer_id":"customer_710","symbol":"USDTTRY","price":45.2,"threshold":45.20406316,"direction":"below","ingested_at":18770.146712382,"emitted_at":18770.147377885,"latency_ms":0.666}
{"alert_id":1624,"customer_id":"customer_447","symbol":"NEWTUSDT","price":0.0755,"threshold":0.07543989,"direction":"above","ingested_at":18771.146433609,"emitted_at":18771.146899245,"latency_ms":0.466}
{"alert_id":1625,"customer_id":"customer_561","symbol":"SAHARAUSDT","price":0.02506,"threshold":0.02505647,"direction":"above","ingested_at":18771.146433609,"emitted_at":18771.147045692,"latency_ms":0.612}
{"alert_id":1626,"customer_id":"customer_755","symbol":"XPLUSDT","price":0.0932,"threshold":0.09319217,"direction":"above","ingested_at":18771.146433609,"emitted_at":18771.147088015,"latency_ms":0.654}
{"alert_id":1627,"customer_id":"customer_678","symbol":"TRXUSDT","price":0.3432,"threshold":0.34325895,"direction":"below","ingested_at":18771.146433609,"emitted_at":18771.147112396,"latency_ms":0.679}
{"alert_id":1628,"customer_id":"customer_738","symbol":"WLDUSDT","price":0.2417,"threshold":0.2417103,"direction":"below","ingested_at":18772.148908564,"emitted_at":18772.149641262,"latency_ms":0.733}
{"alert_id":1629,"customer_id":"customer_654","symbol":"TIAUSDC","price":0.3591,"threshold":0.35911789,"direction":"below","ingested_at":18772.148908564,"emitted_at":18772.14987729,"latency_ms":0.969}
{"alert_id":1630,"customer_id":"customer_216","symbol":"DOGEUSD1","price":0.11208,"threshold":0.11210065,"direction":"below","ingested_at":18772.148908564,"emitted_at":18772.149912864,"latency_ms":1.004}
{"alert_id":1631,"customer_id":"customer_717","symbol":"UUSDT","price":0.9999,"threshold":0.99983535,"direction":"above","ingested_at":18772.148908564,"emitted_at":18772.14994896,"latency_ms":1.04}
{"alert_id":1632,"customer_id":"customer_218","symbol":"DOGEUSDT","price":0.11205,"threshold":0.11209172,"direction":"below","ingested_at":18772.148908564,"emitted_at":18772.149992989,"latency_ms":1.084}
{"alert_id":1633,"customer_id":"customer_415","symbol":"MBLUSDT","price":0.000931,"threshold":0.00093078,"direction":"above","ingested_at":18772.148908564,"emitted_at":18772.150095696,"latency_ms":1.187}
{"alert_id":1634,"customer_id":"customer_3","symbol":"1000CHEEMSUSDT","price":0.000638,"threshold":0.000638,"direction":"above","ingested_at":18772.148908564,"emitted_at":18772.150156539,"latency_ms":1.248}
{"alert_id":1635,"customer_id":"customer_212","symbol":"DOGEEUR","price":0.0958,"threshold":0.09580003,"direction":"below","ingested_at":18773.149975514,"emitted_at":18773.150643761,"latency_ms":0.668}
{"alert_id":1636,"customer_id":"customer_889","symbol":"AVNTUSDC","price":0.1453,"threshold":0.14527454,"direction":"above","ingested_at":18773.149975514,"emitted_at":18773.150795572,"latency_ms":0.82}
{"alert_id":1637,"customer_id":"customer_755","symbol":"XPLUSDT","price":0.0932,"threshold":0.09319217,"direction":"above","ingested_at":18773.149975514,"emitted_at":18773.15083204,"latency_ms":0.857}
{"alert_id":1638,"customer_id":"customer_423","symbol":"METUSDC","price":0.1664,"threshold":0.16612583,"direction":"above","ingested_at":18773.149975514,"emitted_at":18773.150878381,"latency_ms":0.903}
{"alert_id":1639,"customer_id":"customer_448","symbol":"NEXOBTC","price":0.00001116,"threshold":0.00001116,"direction":"below","ingested_at":18774.147948124,"emitted_at":18774.148373651,"latency_ms":0.426}
{"alert_id":1640,"customer_id":"customer_25","symbol":"ADATRY","price":11.61,"threshold":11.60619465,"direction":"above","ingested_at":18774.147948124,"emitted_at":18774.148605367,"latency_ms":0.657}
{"alert_id":1641,"customer_id":"customer_264","symbol":"ESPUSDT","price":0.06991,"threshold":0.06994703,"direction":"below","ingested_at":18774.147948124,"emitted_at":18774.148730501,"latency_ms":0.782}
{"alert_id":1642,"customer_id":"customer_262","symbol":"ESPTRY","price":3.16,"threshold":3.16193162,"direction":"below","ingested_at":18774.147948124,"emitted_at":18774.148780419,"latency_ms":0.832}
{"alert_id":1643,"customer_id":"customer_703","symbol":"USDCUSDT","price":0.99991,"threshold":0.9999066,"direction":"above","ingested_at":18775.145306397,"emitted_at":18775.145788266,"latency_ms":0.482}
{"alert_id":1644,"customer_id":"customer_418","symbol":"MEGAUSDT","price":0.12624,"threshold":0.1262584,"direction":"below","ingested_at":18775.145306397,"emitted_at":18775.145982585,"latency_ms":0.676}
{"alert_id":1645,"customer_id":"customer_485","symbol":"PARTIUSDT","price":0.0513,"threshold":0.05125242,"direction":"above","ingested_at":18776.148752771,"emitted_at":18776.149244747,"latency_ms":0.492}
{"alert_id":1646,"customer_id":"customer_678","symbol":"TRXUSDT","price":0.3432,"threshold":0.34325895,"direction":"below","ingested_at":18776.148752771,"emitted_at":18776.149510715,"latency_ms":0.758}
{"alert_id":1647,"customer_id":"customer_846","symbol":"AMPUSDT","price":0.00088,"threshold":0.00088128,"direction":"below","ingested_at":18776.148752771,"emitted_at":18776.149619383,"latency_ms":0.867}
{"alert_id":1648,"customer_id":"customer_990","symbol":"COSTRY","price":0.051,"threshold":0.05106161,"direction":"below","ingested_at":18776.148752771,"emitted_at":18776.149658123,"latency_ms":0.905}
{"alert_id":1649,"customer_id":"customer_831","symbol":"AEVOTRY","price":1.26,"threshold":1.25535482,"direction":"above","ingested_at":18777.151714129,"emitted_at":18777.152069513,"latency_ms":0.355}
{"alert_id":1650,"customer_id":"customer_190","symbol":"COSUSDT","price":0.001127,"threshold":0.0011274,"direction":"below","ingested_at":18777.151714129,"emitted_at":18777.152209471,"latency_ms":0.495}
{"alert_id":1651,"customer_id":"customer_685","symbol":"TURBOUSDT","price":0.001274,"threshold":0.00127307,"direction":"above","ingested_at":18777.151714129,"emitted_at":18777.152267349,"latency_ms":0.553}
{"alert_id":1652,"customer_id":"customer_555","symbol":"RSRUSDT","price":0.001872,"threshold":0.0018717,"direction":"above","ingested_at":18777.151714129,"emitted_at":18777.152305371,"latency_ms":0.591}
{"alert_id":1653,"customer_id":"customer_852","symbol":"APEUSDT","price":0.1633,"threshold":0.16331737,"direction":"below","ingested_at":18777.151714129,"emitted_at":18777.152331545,"latency_ms":0.617}
{"alert_id":1654,"customer_id":"customer_779","symbol":"ZBTUSDT","price":0.1882,"threshold":0.18812359,"direction":"above","ingested_at":18778.147174486,"emitted_at":18778.147708015,"latency_ms":0.534}
{"alert_id":1655,"customer_id":"customer_786","symbol":"ZENUSDC","price":7.014,"threshold":7.01576366,"direction":"below","ingested_at":18779.152436337,"emitted_at":18779.152887917,"latency_ms":0.452}
{"alert_id":1656,"customer_id":"customer_678","symbol":"TRXUSDT","price":0.3432,"threshold":0.34325895,"direction":"below","ingested_at":18780.153873623,"emitted_at":18780.154813784,"latency_ms":0.94}
{"alert_id":1657,"customer_id":"customer_703","symbol":"USDCUSDT","price":0.99991,"threshold":0.9999066,"direction":"above","ingested_at":18780.153873623,"emitted_at":18780.154998857,"latency_ms":1.125}
{"alert_id":1658,"customer_id":"customer_784","symbol":"ZECUSDC","price":432.73,"threshold":432.78410356,"direction":"below","ingested_at":18780.153873623,"emitted_at":18780.15504991,"latency_ms":1.176}
{"alert_id":1659,"customer_id":"customer_334","symbol":"HMSTRUSDT","price":0.0001685,"threshold":0.00016869,"direction":"below","ingested_at":18780.153873623,"emitted_at":18780.155105028,"latency_ms":1.231}
{"alert_id":1660,"customer_id":"customer_894","symbol":"AXSBTC","price":0.00001659,"threshold":0.00001661,"direction":"below","ingested_at":18781.152453972,"emitted_at":18781.152854387,"latency_ms":0.4}
{"alert_id":1661,"customer_id":"customer_95","symbol":"AXSUSDT","price":1.343,"threshold":1.34281813,"direction":"above","ingested_at":18781.152453972,"emitted_at":18781.15303413,"latency_ms":0.58}
{"alert_id":1662,"customer_id":"customer_502","symbol":"PHBUSDT","price":0.107,"threshold":0.10726483,"direction":"below","ingested_at":18781.152453972,"emitted_at":18781.153072094,"latency_ms":0.618}
{"alert_id":1663,"customer_id":"customer_374","symbol":"KATUSDT","price":0.00942,"threshold":0.00942597,"direction":"below","ingested_at":18781.152453972,"emitted_at":18781.153161362,"latency_ms":0.707}
{"alert_id":1664,"customer_id":"customer_700","symbol":"USDCPLN","price":3.629,"threshold":3.62972609,"direction":"below","ingested_at":18781.152453972,"emitted_at":18781.153241122,"latency_ms":0.787}
{"alert_id":1665,"customer_id":"customer_790","symbol":"ZKPUSDC","price":0.0858,"threshold":0.08585613,"direction":"below","ingested_at":18782.152846329,"emitted_at":18782.153271408,"latency_ms":0.425}
{"alert_id":1666,"customer_id":"customer_972","symbol":"CFGTRY","price":11.176,"threshold":11.17938793,"direction":"below","ingested_at":18782.152846329,"emitted_at":18782.153473938,"latency_ms":0.628}
{"alert_id":1667,"customer_id":"customer_706","symbol":"USDTCOP","price":3696.0,"threshold":3696.44941751,"direction":"below","ingested_at":18782.152846329,"emitted_at":18782.153523952,"latency_ms":0.678}
{"alert_id":1668,"customer_id":"customer_970","symbol":"CELRUSDT","price":0.002753,"threshold":0.00275339,"direction":"below","ingested_at":18783.151124426,"emitted_at":18783.151448949,"latency_ms":0.325}
{"alert_id":1669,"customer_id":"customer_499","symbol":"PEPEUSDC","price":0.00000408,"threshold":0.00000408,"direction":"above","ingested_at":18783.151124426,"emitted_at":18783.151626012,"latency_ms":0.502}
{"alert_id":1670,"customer_id":"customer_710","symbol":"USDTTRY","price":45.2,"threshold":45.20406316,"direction":"below","ingested_at":18783.151124426,"emitted_at":18783.151678524,"latency_ms":0.554}
{"alert_id":1671,"customer_id":"customer_314","symbol":"GPSUSDC","price":0.00799,"threshold":0.00799631,"direction":"below","ingested_at":18784.152664495,"emitted_at":18784.153308928,"latency_ms":0.644}
{"alert_id":1672,"customer_id":"customer_518","symbol":"PSGUSDT","price":0.76,"threshold":0.76069077,"direction":"below","ingested_at":18784.152664495,"emitted_at":18784.153534761,"latency_ms":0.87}
{"alert_id":1673,"customer_id":"customer_649","symbol":"THETABTC","price":0.00000262,"threshold":0.00000261,"direction":"above","ingested_at":18784.152664495,"emitted_at":18784.153605104,"latency_ms":0.941}
{"alert_id":1674,"customer_id":"customer_703","symbol":"USDCUSDT","price":0.99991,"threshold":0.9999066,"direction":"above","ingested_at":18784.152664495,"emitted_at":18784.153660923,"latency_ms":0.996}
{"alert_id":1675,"customer_id":"customer_284","symbol":"FARMUSDT","price":12.08,"threshold":12.08524281,"direction":"below","ingested_at":18784.152664495,"emitted_at":18784.153744299,"latency_ms":1.08}
{"alert_id":1676,"customer_id":"customer_715","symbol":"USUALUSDT","price":0.0147,"threshold":0.01469587,"direction":"above","ingested_at":18784.152664495,"emitted_at":18784.153812648,"latency_ms":1.148}
{"alert_id":1677,"customer_id":"customer_208","symbol":"DGBUSDT","price":0.00389,"threshold":0.00389392,"direction":"below","ingested_at":18784.152664495,"emitted_at":18784.153853681,"latency_ms":1.189}
{"alert_id":1678,"customer_id":"customer_71","symbol":"ATMUSDT","price":1.094,"threshold":1.09336975,"direction":"above","ingested_at":18785.151836591,"emitted_at":18785.152235803,"latency_ms":0.399}
{"alert_id":1679,"customer_id":"customer_405","symbol":"LUNCTRY","price":0.005297,"threshold":0.00529697,"direction":"above","ingested_at":18785.151836591,"emitted_at":18785.152420493,"latency_ms":0.584}
{"alert_id":1680,"customer_id":"customer_366","symbol":"JTOUSDT","price":0.3557,"threshold":0.3558463,"direction":"below","ingested_at":18785.151836591,"emitted_at":18785.152456066,"latency_ms":0.619}
{"alert_id":1681,"customer_id":"customer_391","symbol":"LINKUSDT","price":9.71,"threshold":9.70422186,"direction":"above","ingested_at":18785.151836591,"emitted_at":18785.152491077,"latency_ms":0.654}
{"alert_id":1682,"customer_id":"customer_207","symbol":"DEXEUSDT","price":10.868,"threshold":10.847039820000001,"direction":"above","ingested_at":18785.151836591,"emitted_at":18785.152533379,"latency_ms":0.697}
{"alert_id":1683,"customer_id":"customer_638","symbol":"SYSUSDT","price":0.00925,"threshold":0.00926016,"direction":"below","ingested_at":18785.151836591,"emitted_at":18785.152565209,"latency_ms":0.729}
{"alert_id":1684,"customer_id":"customer_527","symbol":"RADUSDT","price":0.243,"threshold":0.24244376,"direction":"above","ingested_at":18785.151836591,"emitted_at":18785.152609624,"latency_ms":0.773}
{"alert_id":1685,"customer_id":"customer_521","symbol":"PYRUSDT","price":0.273,"threshold":0.2723362,"direction":"above","ingested_at":18785.151836591,"emitted_at":18785.152643692,"latency_ms":0.807}
{"alert_id":1686,"customer_id":"customer_242","symbol":"EGLDUSDT","price":4.1,"threshold":4.10402316,"direction":"below","ingested_at":18786.154701605,"emitted_at":18786.155247881,"latency_ms":0.546}
{"alert_id":1687,"customer_id":"customer_241","symbol":"EDUUSDT","price":0.0458,"threshold":0.04575138,"direction":"above","ingested_at":18786.154701605,"emitted_at":18786.155472438,"latency_ms":0.771}
{"alert_id":1688,"customer_id":"customer_743","symbol":"WLFIUSDT","price":0.0647,"threshold":0.06467745,"direction":"above","ingested_at":18786.154701605,"emitted_at":18786.155528997,"latency_ms":0.827}
{"alert_id":1689,"customer_id":"customer_15","symbol":"ACETRY","price":5.78,"threshold":5.75453939,"direction":"above","ingested_at":18786.154701605,"emitted_at":18786.15557387,"latency_ms":0.872}
{"alert_id":1690,"customer_id":"customer_815","symbol":"AAVEUSDT","price":93.28,"threshold":93.27332774,"direction":"above","ingested_at":18787.154512466,"emitted_at":18787.154960074,"latency_ms":0.448}
{"alert_id":1691,"customer_id":"customer_829","symbol":"ADXBTC","price":0.00000096,"threshold":0.00000096,"direction":"above","ingested_at":18787.154512466,"emitted_at":18787.155155345,"latency_ms":0.643}
{"alert_id":1692,"customer_id":"customer_655","symbol":"TIAUSDT","price":0.3591,"threshold":0.35901587,"direction":"above","ingested_at":18787.154512466,"emitted_at":18787.155226874,"latency_ms":0.714}
{"alert_id":1693,"customer_id":"customer_119","symbol":"BLURUSDC","price":0.02801,"threshold":0.02798423,"direction":"above","ingested_at":18787.154512466,"emitted_at":18787.155284064,"latency_ms":0.772}
{"alert_id":1694,"customer_id":"customer_762","symbol":"XRPJPY","price":222.31,"threshold":222.31877908,"direction":"below","ingested_at":18787.154512466,"emitted_at":18787.155335822,"latency_ms":0.823}
{"alert_id":1695,"customer_id":"customer_447","symbol":"NEWTUSDT","price":0.0755,"threshold":0.07543989,"direction":"above","ingested_at":18788.153601988,"emitted_at":18788.154061299,"latency_ms":0.459}
{"alert_id":1696,"customer_id":"customer_429","symbol":"MITOUSDT","price":0.05085,"threshold":0.0508219,"direction":"above","ingested_at":18788.153601988,"emitted_at":18788.154248562,"latency_ms":0.647}
{"alert_id":1697,"customer_id":"customer_487","symbol":"PAXGTRY","price":205677.0,"threshold":205627.4028929,"direction":"above","ingested_at":18788.153601988,"emitted_at":18788.154284243,"latency_ms":0.682}
{"alert_id":1698,"customer_id":"customer_738","symbol":"WLDUSDT","price":0.2417,"threshold":0.2417103,"direction":"below","ingested_at":18788.153601988,"emitted_at":18788.154314114,"latency_ms":0.712}
{"alert_id":1699,"customer_id":"customer_19","symbol":"ACMTRY","price":19.13,"threshold":19.124714,"direction":"above","ingested_at":18788.153601988,"emitted_at":18788.154337776,"latency_ms":0.736}
{"alert_id":1700,"customer_id":"customer_26","symbol":"ADAUSDC","price":0.2567,"threshold":0.25674288,"direction":"below","ingested_at":18788.153601988,"emitted_at":18788.154396806,"latency_ms":0.795}
{"alert_id":1701,"customer_id":"customer_550","symbol":"ROBOUSDC","price":0.01999,"threshold":0.02000609,"direction":"below","ingested_at":18788.153601988,"emitted_at":18788.154434429,"latency_ms":0.832}
{"alert_id":1702,"customer_id":"customer_415","symbol":"MBLUSDT","price":0.000931,"threshold":0.00093078,"direction":"above","ingested_at":18788.153601988,"emitted_at":18788.154485035,"latency_ms":0.883}
{"alert_id":1703,"customer_id":"customer_515","symbol":"PORTOUSDT","price":0.828,"threshold":0.827135,"direction":"above","ingested_at":18788.153601988,"emitted_at":18788.154506656,"latency_ms":0.905}
{"alert_id":1704,"customer_id":"customer_597","symbol":"SOLUSDT","price":85.34,"threshold":85.33078207,"direction":"above","ingested_at":18788.153601988,"emitted_at":18788.154570358,"latency_ms":0.968}
{"alert_id":1705,"customer_id":"customer_693","symbol":"UNIUSDT","price":3.359,"threshold":3.35840239,"direction":"above","ingested_at":18789.152989096,"emitted_at":18789.153522434,"latency_ms":0.533}
{"alert_id":1706,"customer_id":"customer_271","symbol":"ETHFIUSDT","price":0.426,"threshold":0.42567944,"direction":"above","ingested_at":18789.152989096,"emitted_at":18789.153792199,"latency_ms":0.803}
{"alert_id":1707,"customer_id":"customer_346","symbol":"ICPUSDC","price":2.488,"threshold":2.48998865,"direction":"below","ingested_at":18789.152989096,"emitted_at":18789.153845131,"latency_ms":0.856}
{"alert_id":1708,"customer_id":"customer_710","symbol":"USDTTRY","price":45.2,"threshold":45.20406316,"direction":"below","ingested_at":18789.152989096,"emitted_at":18789.153882414,"latency_ms":0.893}
{"alert_id":1709,"customer_id":"customer_511","symbol":"POLUSDT","price":0.0977,"threshold":0.09766998,"direction":"above","ingested_at":18789.152989096,"emitted_at":18789.153910934,"latency_ms":0.922}
{"alert_id":1710,"customer_id":"customer_493","symbol":"PENGUTRY","price":0.5174,"threshold":0.51665359,"direction":"above","ingested_at":18789.152989096,"emitted_at":18789.153944676,"latency_ms":0.956}
{"alert_id":1711,"customer_id":"customer_758","symbol":"XRPBTC","price":0.00001733,"threshold":0.00001733,"direction":"below","ingested_at":18790.155107985,"emitted_at":18790.155570581,"latency_ms":0.463}
{"alert_id":1712,"customer_id":"customer_59","symbol":"ARBUSDT","price":0.119,"threshold":0.11889982,"direction":"above","ingested_at":18790.155107985,"emitted_at":18790.15578372,"latency_ms":0.676}
{"alert_id":1713,"customer_id":"customer_790","symbol":"ZKPUSDC","price":0.0858,"threshold":0.08585613,"direction":"below","ingested_at":18790.155107985,"emitted_at":18790.155866957,"latency_ms":0.759}
{"alert_id":1714,"customer_id":"customer_137","symbol":"BOMETRY","price":0.0263,"threshold":0.02626405,"direction":"above","ingested_at":18790.155107985,"emitted_at":18790.155909748,"latency_ms":0.802}
{"alert_id":1715,"customer_id":"customer_813","symbol":"AAVETRY","price":4217.0,"threshold":4215.87126362,"direction":"above","ingested_at":18790.155107985,"emitted_at":18790.15593649,"latency_ms":0.829}
{"alert_id":1716,"customer_id":"customer_769","symbol":"XTZUSDT","price":0.3701,"threshold":0.37002837,"direction":"above","ingested_at":18790.155107985,"emitted_at":18790.155967045,"latency_ms":0.859}
{"alert_id":1717,"customer_id":"customer_812","symbol":"AAVEBTC","price":0.001148,"threshold":0.00114869,"direction":"below","ingested_at":18791.152981757,"emitted_at":18791.153250846,"latency_ms":0.269}
{"alert_id":1718,"customer_id":"customer_678","symbol":"TRXUSDT","price":0.3432,"threshold":0.34325895,"direction":"below","ingested_at":18791.152981757,"emitted_at":18791.15338252,"latency_ms":0.401}
{"alert_id":1719,"customer_id":"customer_63","symbol":"ARPAUSDT","price":0.01029,"threshold":0.01028238,"direction":"above","ingested_at":18791.152981757,"emitted_at":18791.153440632,"latency_ms":0.459}
{"alert_id":1720,"customer_id":"customer_701","symbol":"USDCTRY","price":45.2,"threshold":45.19302579,"direction":"above","ingested_at":18791.152981757,"emitted_at":18791.153459694,"latency_ms":0.478}
{"alert_id":1721,"customer_id":"customer_694","symbol":"USD1U","price":1.0,"threshold":1.00005871,"direction":"below","ingested_at":18792.151942863,"emitted_at":18792.152449569,"latency_ms":0.507}
{"alert_id":1722,"customer_id":"customer_50","symbol":"APEUSDC","price":0.163,"threshold":0.16323419,"direction":"below","ingested_at":18792.151942863,"emitted_at":18792.152644729,"latency_ms":0.702}
{"alert_id":1723,"customer_id":"customer_722","symbol":"VETUSDT","price":0.007296,"threshold":0.00729862,"direction":"below","ingested_at":18793.153965285,"emitted_at":18793.154545016,"latency_ms":0.58}
{"alert_id":1724,"customer_id":"customer_304","symbol":"GALAUSDT","price":0.0033,"threshold":0.00330697,"direction":"below","ingested_at":18793.153965285,"emitted_at":18793.154786314,"latency_ms":0.821}
{"alert_id":1725,"customer_id":"customer_547","symbol":"RLCUSDT","price":0.467,"threshold":0.46659862,"direction":"above","ingested_at":18793.153965285,"emitted_at":18793.154851608,"latency_ms":0.886}
{"alert_id":1726,"customer_id":"customer_805","symbol":"1000SATSTRY","price":0.000678,"threshold":0.0006766,"direction":"above","ingested_at":18794.157993616,"emitted_at":18794.158428889,"latency_ms":0.435}
{"alert_id":1727,"customer_id":"customer_703","symbol":"USDCUSDT","price":0.99991,"threshold":0.9999066,"direction":"above","ingested_at":18794.157993616,"emitted_at":18794.15863486,"latency_ms":0.641}
{"alert_id":1728,"customer_id":"customer_597","symbol":"SOLUSDT","price":85.34,"threshold":85.33078207,"direction":"above","ingested_at":18794.157993616,"emitted_at":18794.158719139,"latency_ms":0.726}
{"alert_id":1729,"customer_id":"customer_297","symbol":"FLOKIUSDT","price":0.00003294,"threshold":0.00003294,"direction":"above","ingested_at":18795.153334245,"emitted_at":18795.153454109,"latency_ms":0.12}
{"alert_id":1730,"customer_id":"customer_348","symbol":"ICXUSDT","price":0.0372,"threshold":0.03725414,"direction":"below","ingested_at":18795.153334245,"emitted_at":18795.153527183,"latency_ms":0.193}
{"alert_id":1731,"customer_id":"customer_276","symbol":"ETHUSD1","price":2372.49,"threshold":2372.56545936,"direction":"below","ingested_at":18796.152586005,"emitted_at":18796.153189204,"latency_ms":0.603}
{"alert_id":1732,"customer_id":"customer_152","symbol":"BTCJPY","price":12822725.0,"threshold":12823084.69382897,"direction":"below","ingested_at":18796.152586005,"emitted_at":18796.153406541,"latency_ms":0.821}
{"alert_id":1733,"customer_id":"customer_705","symbol":"USDTBRL","price":4.9139,"threshold":4.91384856,"direction":"above","ingested_at":18797.15737763,"emitted_at":18797.157899654,"latency_ms":0.522}
{"alert_id":1734,"customer_id":"customer_637","symbol":"SYRUPUSDT","price":0.2556,"threshold":0.25542496,"direction":"above","ingested_at":18797.15737763,"emitted_at":18797.158099817,"latency_ms":0.722}
{"alert_id":1735,"customer_id":"customer_703","symbol":"USDCUSDT","price":0.99991,"threshold":0.9999066,"direction":"above","ingested_at":18797.15737763,"emitted_at":18797.158338593,"latency_ms":0.961}
{"alert_id":1736,"customer_id":"customer_644","symbol":"TAOU","price":285.4,"threshold":285.72186675,"direction":"below","ingested_at":18797.15737763,"emitted_at":18797.158496,"latency_ms":1.118}
{"alert_id":1737,"customer_id":"customer_984","symbol":"CHZUSDT","price":0.04144,"threshold":0.04144935,"direction":"below","ingested_at":18797.15737763,"emitted_at":18797.158545685,"latency_ms":1.168}
{"alert_id":1738,"customer_id":"customer_182","symbol":"CHZUSDC","price":0.04144,"threshold":0.04146318,"direction":"below","ingested_at":18797.15737763,"emitted_at":18797.158593083,"latency_ms":1.215}
{"alert_id":1739,"customer_id":"customer_696","symbol":"USD1USDT","price":0.9999,"threshold":0.99994934,"direction":"below","ingested_at":18798.157677892,"emitted_at":18798.15824749,"latency_ms":0.57}
{"alert_id":1740,"customer_id":"customer_921","symbol":"BLURUSDT","price":0.02804,"threshold":0.02803626,"direction":"above","ingested_at":18798.157677892,"emitted_at":18798.158456821,"latency_ms":0.779}
{"alert_id":1741,"customer_id":"customer_695","symbol":"USD1USDC","price":1.0001,"threshold":1.00004674,"direction":"above","ingested_at":18798.157677892,"emitted_at":18798.158502988,"latency_ms":0.825}
{"alert_id":1742,"customer_id":"customer_450","symbol":"NFPTRY","price":0.58,"threshold":0.58037876,"direction":"below","ingested_at":18798.157677892,"emitted_at":18798.158540571,"latency_ms":0.863}
{"alert_id":1743,"customer_id":"customer_970","symbol":"CELRUSDT","price":0.002752,"threshold":0.00275339,"direction":"below","ingested_at":18798.157677892,"emitted_at":18798.158586587,"latency_ms":0.909}
{"alert_id":1744,"customer_id":"customer_648","symbol":"TFUELUSDT","price":0.01133,"threshold":0.01133591,"direction":"below","ingested_at":18798.157677892,"emitted_at":18798.158622643,"latency_ms":0.945}
{"alert_id":1745,"customer_id":"customer_597","symbol":"SOLUSDT","price":85.34,"threshold":85.33078207,"direction":"above","ingested_at":18798.157677892,"emitted_at":18798.158722805,"latency_ms":1.045}
{"alert_id":1746,"customer_id":"customer_834","symbol":"AIXBTUSDT","price":0.0344,"threshold":0.03440107,"direction":"below","ingested_at":18798.157677892,"emitted_at":18798.158765045,"latency_ms":1.087}
{"alert_id":1747,"customer_id":"customer_286","symbol":"FDUSDUSDT","price":0.9992,"threshold":0.99923872,"direction":"below","ingested_at":18799.159460233,"emitted_at":18799.160257387,"latency_ms":0.797}
{"alert_id":1748,"customer_id":"customer_165","symbol":"CAKEUSDT","price":1.515,"threshold":1.51355671,"direction":"above","ingested_at":18799.159460233,"emitted_at":18799.160454025,"latency_ms":0.994}
{"alert_id":1749,"customer_id":"customer_975","symbol":"CFXUSDT","price":0.06126,"threshold":0.0612525,"direction":"above","ingested_at":18799.159460233,"emitted_at":18799.160514394,"latency_ms":1.054}
{"alert_id":1750,"customer_id":"customer_959","symbol":"BTCUSD1","price":81288.94,"threshold":81284.26529178,"direction":"above","ingested_at":18799.159460233,"emitted_at":18799.160573688,"latency_ms":1.113}
{"alert_id":1751,"customer_id":"customer_368","symbol":"JUPUSDT","price":0.1899,"threshold":0.19007909,"direction":"below","ingested_at":18799.159460233,"emitted_at":18799.160616969,"latency_ms":1.157}
{"alert_id":1752,"customer_id":"customer_737","symbol":"WLDUSDC","price":0.2419,"threshold":0.24184158,"direction":"above","ingested_at":18799.159460233,"emitted_at":18799.160671955,"latency_ms":1.212}
{"alert_id":1753,"customer_id":"customer_640","symbol":"TAOFDUSD","price":285.0,"threshold":285.35816317,"direction":"below","ingested_at":18799.159460233,"emitted_at":18799.160727645,"latency_ms":1.267}
{"alert_id":1754,"customer_id":"customer_954","symbol":"BTCMXN","price":1415257.0,"threshold":1415697.32427177,"direction":"below","ingested_at":18799.159460233,"emitted_at":18799.160770878,"latency_ms":1.311}
{"alert_id":1755,"customer_id":"customer_569","symbol":"SCRUSDT","price":0.04725,"threshold":0.04724665,"direction":"above","ingested_at":18799.159460233,"emitted_at":18799.160829427,"latency_ms":1.369}
{"alert_id":1756,"customer_id":"customer_646","symbol":"TAOUSDC","price":284.6,"threshold":284.98101344,"direction":"below","ingested_at":18799.159460233,"emitted_at":18799.160859199,"latency_ms":1.399}
{"alert_id":1757,"customer_id":"customer_474","symbol":"OPUSDT","price":0.1273,"threshold":0.1273224,"direction":"below","ingested_at":18800.159500945,"emitted_at":18800.160386483,"latency_ms":0.886}
{"alert_id":1758,"customer_id":"customer_696","symbol":"USD1USDT","price":0.9999,"threshold":0.99994934,"direction":"below","ingested_at":18800.159500945,"emitted_at":18800.160583901,"latency_ms":1.083}
{"alert_id":1759,"customer_id":"customer_227","symbol":"DOTEUR","price":1.08,"threshold":1.07999574,"direction":"above","ingested_at":18800.159500945,"emitted_at":18800.160624829,"latency_ms":1.124}
{"alert_id":1760,"customer_id":"customer_860","symbol":"ARBUSDT","price":0.1189,"threshold":0.1189305,"direction":"below","ingested_at":18800.159500945,"emitted_at":18800.160672452,"latency_ms":1.172}
{"alert_id":1761,"customer_id":"customer_591","symbol":"SOLFDUSD","price":85.4,"threshold":85.37959968,"direction":"above","ingested_at":18800.159500945,"emitted_at":18800.160738047,"latency_ms":1.237}
{"alert_id":1762,"customer_id":"customer_364","symbol":"JTOTRY","price":16.08,"threshold":16.09992206,"direction":"below","ingested_at":18800.159500945,"emitted_at":18800.160785684,"latency_ms":1.285}
{"alert_id":1763,"customer_id":"customer_941","symbol":"BONKFDUSD","price":0.00000644,"threshold":0.00000644,"direction":"above","ingested_at":18800.159500945,"emitted_at":18800.16081716,"latency_ms":1.316}
{"alert_id":1764,"customer_id":"customer_581","symbol":"SHIBUSDT","price":0.00000627,"threshold":0.00000627,"direction":"above","ingested_at":18800.159500945,"emitted_at":18800.160858093,"latency_ms":1.357}
{"alert_id":1765,"customer_id":"customer_469","symbol":"ONGUSDT","price":0.07421,"threshold":0.07417385,"direction":"above","ingested_at":18800.159500945,"emitted_at":18800.160945884,"latency_ms":1.445}
{"alert_id":1766,"customer_id":"customer_733","symbol":"WIFTRY","price":8.78,"threshold":8.77639285,"direction":"above","ingested_at":18800.159500945,"emitted_at":18800.161013246,"latency_ms":1.512}
{"alert_id":1767,"customer_id":"customer_706","symbol":"USDTCOP","price":3696.0,"threshold":3696.44941751,"direction":"below","ingested_at":18800.159500945,"emitted_at":18800.16110169,"latency_ms":1.601}
{"alert_id":1768,"customer_id":"customer_220","symbol":"DOGSUSDC","price":0.0000586,"threshold":0.00005872,"direction":"below","ingested_at":18800.159500945,"emitted_at":18800.161141213,"latency_ms":1.64}
{"alert_id":1769,"customer_id":"customer_415","symbol":"MBLUSDT","price":0.000931,"threshold":0.00093078,"direction":"above","ingested_at":18800.159500945,"emitted_at":18800.161168228,"latency_ms":1.667}
{"alert_id":1770,"customer_id":"customer_618","symbol":"SUIBRL","price":4.72,"threshold":4.72727853,"direction":"below","ingested_at":18800.159500945,"emitted_at":18800.161201593,"latency_ms":1.701}
{"alert_id":1771,"customer_id":"customer_629","symbol":"SUSDC","price":0.0449,"threshold":0.04481996,"direction":"above","ingested_at":18800.159500945,"emitted_at":18800.161250368,"latency_ms":1.749}
{"alert_id":1772,"customer_id":"customer_407","symbol":"LUNCUSDT","price":0.0001181,"threshold":0.00011755,"direction":"above","ingested_at":18801.168465917,"emitted_at":18801.168794726,"latency_ms":0.329}
{"alert_id":1773,"customer_id":"customer_855","symbol":"APTBTC","price":0.00001191,"threshold":0.0000119,"direction":"above","ingested_at":18801.168465917,"emitted_at":18801.168933899,"latency_ms":0.468}
{"alert_id":1774,"customer_id":"customer_605","symbol":"SSVUSDT","price":2.824,"threshold":2.82330637,"direction":"above","ingested_at":18801.168465917,"emitted_at":18801.168957869,"latency_ms":0.492}
{"alert_id":1775,"customer_id":"customer_738","symbol":"WLDUSDT","price":0.2417,"threshold":0.2417103,"direction":"below","ingested_at":18801.168465917,"emitted_at":18801.168986591,"latency_ms":0.521}
{"alert_id":1776,"customer_id":"customer_238","symbol":"DYMUSDT","price":0.0197,"threshold":0.01976848,"direction":"below","ingested_at":18801.168465917,"emitted_at":18801.169054854,"latency_ms":0.589}
{"alert_id":1777,"customer_id":"customer_764","symbol":"XRPTRY","price":63.68,"threshold":63.68666043,"direction":"below","ingested_at":18801.168465917,"emitted_at":18801.169087342,"latency_ms":0.621}
{"alert_id":1778,"customer_id":"customer_710","symbol":"USDTTRY","price":45.2,"threshold":45.20406316,"direction":"below","ingested_at":18801.168465917,"emitted_at":18801.169101453,"latency_ms":0.636}
{"alert_id":1779,"customer_id":"customer_465","symbol":"ONDOUSDC","price":0.3191,"threshold":0.3184175,"direction":"above","ingested_at":18802.160320306,"emitted_at":18802.160719558,"latency_ms":0.399}
{"alert_id":1780,"customer_id":"customer_828","symbol":"ADAUSDT","price":0.2567,"threshold":0.25670286,"direction":"below","ingested_at":18802.160320306,"emitted_at":18802.160919876,"latency_ms":0.6}
{"alert_id":1781,"customer_id":"customer_703","symbol":"USDCUSDT","price":0.99991,"threshold":0.9999066,"direction":"above","ingested_at":18802.160320306,"emitted_at":18802.160976729,"latency_ms":0.656}
{"alert_id":1782,"customer_id":"customer_765","symbol":"XRPU","price":1.4094,"threshold":1.40935458,"direction":"above","ingested_at":18802.160320306,"emitted_at":18802.161051412,"latency_ms":0.731}
{"alert_id":1783,"customer_id":"customer_283","symbol":"EURUSDT","price":1.1699,"threshold":1.16985925,"direction":"above","ingested_at":18802.160320306,"emitted_at":18802.161102173,"latency_ms":0.782}
{"alert_id":1784,"customer_id":"customer_511","symbol":"POLUSDT","price":0.0977,"threshold":0.09766998,"direction":"above","ingested_at":18802.160320306,"emitted_at":18802.161141699,"latency_ms":0.821}
{"alert_id":1785,"customer_id":"customer_3","symbol":"1000CHEEMSUSDT","price":0.000638,"threshold":0.000638,"direction":"above","ingested_at":18802.160320306,"emitted_at":18802.161215862,"latency_ms":0.896}
{"alert_id":1786,"customer_id":"customer_26","symbol":"ADAUSDC","price":0.2567,"threshold":0.25674288,"direction":"below","ingested_at":18803.1523197,"emitted_at":18803.152944975,"latency_ms":0.625}
{"alert_id":1787,"customer_id":"customer_642","symbol":"TAOJPY","price":45045.0,"threshold":45155.66326622,"direction":"below","ingested_at":18803.1523197,"emitted_at":18803.153154482,"latency_ms":0.835}
{"alert_id":1788,"customer_id":"customer_504","symbol":"PIXELUSDT","price":0.00794,"threshold":0.00794253,"direction":"below","ingested_at":18803.1523197,"emitted_at":18803.153195755,"latency_ms":0.876}
{"alert_id":1789,"customer_id":"customer_978","symbol":"CHIPUSDC","price":0.05726,"threshold":0.05728425,"direction":"below","ingested_at":18803.1523197,"emitted_at":18803.15325345,"latency_ms":0.934}
{"alert_id":1790,"customer_id":"customer_415","symbol":"MBLUSDT","price":0.000931,"threshold":0.00093078,"direction":"above","ingested_at":18803.1523197,"emitted_at":18803.153297019,"latency_ms":0.977}
{"alert_id":1791,"customer_id":"customer_542","symbol":"RESOLVUSDT","price":0.0324,"threshold":0.0324641,"direction":"below","ingested_at":18805.160269252,"emitted_at":18805.160641924,"latency_ms":0.373}
{"alert_id":1792,"customer_id":"customer_447","symbol":"NEWTUSDT","price":0.0755,"threshold":0.07543989,"direction":"above","ingested_at":18805.160269252,"emitted_at":18805.160819971,"latency_ms":0.551}
{"alert_id":1793,"customer_id":"customer_520","symbol":"PUMPUSDT","price":0.001828,"threshold":0.00182892,"direction":"below","ingested_at":18805.160269252,"emitted_at":18805.160858481,"latency_ms":0.589}
{"alert_id":1794,"customer_id":"customer_710","symbol":"USDTTRY","price":45.2,"threshold":45.20406316,"direction":"below","ingested_at":18805.160269252,"emitted_at":18805.160945932,"latency_ms":0.677}
{"alert_id":1795,"customer_id":"customer_113","symbol":"BELUSDT","price":0.1091,"threshold":0.10905998,"direction":"above","ingested_at":18806.158607622,"emitted_at":18806.159048202,"latency_ms":0.441}
{"alert_id":1796,"customer_id":"customer_884","symbol":"AVAXBTC","price":0.0001153,"threshold":0.00011533,"direction":"below","ingested_at":18806.158607622,"emitted_at":18806.159242659,"latency_ms":0.635}
{"alert_id":1797,"customer_id":"customer_784","symbol":"ZECUSDC","price":432.5,"threshold":432.78410356,"direction":"below","ingested_at":18806.158607622,"emitted_at":18806.159336322,"latency_ms":0.729}
{"alert_id":1798,"customer_id":"customer_745","symbol":"XAUTU","price":4554.3,"threshold":4551.54740781,"direction":"above","ingested_at":18806.158607622,"emitted_at":18806.159395365,"latency_ms":0.788}
{"alert_id":1799,"customer_id":"customer_444","symbol":"NEIROUSDT","price":0.00010082,"threshold":0.00010082,"direction":"below","ingested_at":18806.158607622,"emitted_at":18806.159443985,"latency_ms":0.836}
{"alert_id":1800,"customer_id":"customer_678","symbol":"TRXUSDT","price":0.3432,"threshold":0.34325895,"direction":"below","ingested_at":18807.157773737,"emitted_at":18807.158450236,"latency_ms":0.676}
{"alert_id":1801,"customer_id":"customer_703","symbol":"USDCUSDT","price":0.99991,"threshold":0.9999066,"direction":"above","ingested_at":18807.157773737,"emitted_at":18807.158647032,"latency_ms":0.873}
{"alert_id":1802,"customer_id":"customer_959","symbol":"BTCUSD1","price":81292.88,"threshold":81284.26529178,"direction":"above","ingested_at":18807.157773737,"emitted_at":18807.158692428,"latency_ms":0.919}
{"alert_id":1803,"customer_id":"customer_384","symbol":"LAZIOUSDT","price":0.617,"threshold":0.61777255,"direction":"below","ingested_at":18807.157773737,"emitted_at":18807.158795234,"latency_ms":1.021}
{"alert_id":1804,"customer_id":"customer_597","symbol":"SOLUSDT","price":85.34,"threshold":85.33078207,"direction":"above","ingested_at":18807.157773737,"emitted_at":18807.158835247,"latency_ms":1.062}
{"alert_id":1805,"customer_id":"customer_21","symbol":"ACTTRY","price":0.75,"threshold":0.74271686,"direction":"above","ingested_at":18807.157773737,"emitted_at":18807.158863374,"latency_ms":1.09}
{"alert_id":1806,"customer_id":"customer_463","symbol":"OGUSDT","price":3.023,"threshold":3.02239828,"direction":"above","ingested_at":18808.160303633,"emitted_at":18808.160747456,"latency_ms":0.444}
{"alert_id":1807,"customer_id":"customer_842","symbol":"ALLOUSDT","price":0.1175,"threshold":0.11753155,"direction":"below","ingested_at":18808.160303633,"emitted_at":18808.160924647,"latency_ms":0.621}
{"alert_id":1808,"customer_id":"customer_944","symbol":"BREVUSDT","price":0.1193,"threshold":0.11935921,"direction":"below","ingested_at":18808.160303633,"emitted_at":18808.160967784,"latency_ms":0.664}
{"alert_id":1809,"customer_id":"customer_159","symbol":"BTCUSDC","price":81289.49,"threshold":81286.63271837,"direction":"above","ingested_at":18809.159711229,"emitted_at":18809.160295958,"latency_ms":0.585}
{"alert_id":1810,"customer_id":"customer_674","symbol":"TRXEUR","price":0.2934,"threshold":0.29343496,"direction":"below","ingested_at":18809.159711229,"emitted_at":18809.160493889,"latency_ms":0.783}
{"alert_id":1811,"customer_id":"customer_625","symbol":"SUIUSD1","price":0.9614,"threshold":0.96118471,"direction":"above","ingested_at":18809.159711229,"emitted_at":18809.160570218,"latency_ms":0.859}
{"alert_id":1812,"customer_id":"customer_403","symbol":"LUNAUSDC","price":0.0766,"threshold":0.07658633,"direction":"above","ingested_at":18809.159711229,"emitted_at":18809.16060919,"latency_ms":0.898}
{"alert_id":1813,"customer_id":"customer_453","symbol":"NIGHTUSDC","price":0.03154,"threshold":0.03150736,"direction":"above","ingested_at":18809.159711229,"emitted_at":18809.160679842,"latency_ms":0.969}
{"alert_id":1814,"customer_id":"customer_466","symbol":"ONDOUSDT","price":0.3181,"threshold":0.31858896,"direction":"below","ingested_at":18810.158705273,"emitted_at":18810.159118585,"latency_ms":0.413}
{"alert_id":1815,"customer_id":"customer_261","symbol":"ERAUSDT","price":0.1346,"threshold":0.13459681,"direction":"above","ingested_at":18810.158705273,"emitted_at":18810.159311374,"latency_ms":0.606}
{"alert_id":1816,"customer_id":"customer_743","symbol":"WLFIUSDT","price":0.0647,"threshold":0.06467745,"direction":"above","ingested_at":18810.158705273,"emitted_at":18810.15937961,"latency_ms":0.674}
{"alert_id":1817,"customer_id":"customer_739","symbol":"WLFITRY","price":2.923,"threshold":2.92203951,"direction":"above","ingested_at":18810.158705273,"emitted_at":18810.159423714,"latency_ms":0.718}
{"alert_id":1818,"customer_id":"customer_657","symbol":"TKOUSDT","price":0.0613,"threshold":0.06129256,"direction":"above","ingested_at":18810.158705273,"emitted_at":18810.15948273,"latency_ms":0.777}
{"alert_id":1819,"customer_id":"customer_703","symbol":"USDCUSDT","price":0.99991,"threshold":0.9999066,"direction":"above","ingested_at":18810.158705273,"emitted_at":18810.15952094,"latency_ms":0.816}
{"alert_id":1820,"customer_id":"customer_597","symbol":"SOLUSDT","price":85.34,"threshold":85.33078207,"direction":"above","ingested_at":18810.158705273,"emitted_at":18810.159621357,"latency_ms":0.916}
{"alert_id":1821,"customer_id":"customer_79","symbol":"AUDIOUSDT","price":0.02033,"threshold":0.02032363,"direction":"above","ingested_at":18811.159207929,"emitted_at":18811.15958082,"latency_ms":0.373}
{"alert_id":1822,"customer_id":"customer_426","symbol":"MINAUSDC","price":0.0627,"threshold":0.06274372,"direction":"below","ingested_at":18811.159207929,"emitted_at":18811.159759494,"latency_ms":0.552}
{"alert_id":1823,"customer_id":"customer_710","symbol":"USDTTRY","price":45.2,"threshold":45.20406316,"direction":"below","ingested_at":18811.159207929,"emitted_at":18811.159836316,"latency_ms":0.628}
{"alert_id":1824,"customer_id":"customer_283","symbol":"EURUSDT","price":1.1699,"threshold":1.16985925,"direction":"above","ingested_at":18811.159207929,"emitted_at":18811.159860391,"latency_ms":0.652}
{"alert_id":1825,"customer_id":"customer_281","symbol":"EURIUSDT","price":1.17,"threshold":1.16987014,"direction":"above","ingested_at":18811.159207929,"emitted_at":18811.159882855,"latency_ms":0.675}
{"alert_id":1826,"customer_id":"customer_476","symbol":"ORCAUSDC","price":1.68,"threshold":1.68057016,"direction":"below","ingested_at":18811.159207929,"emitted_at":18811.159930323,"latency_ms":0.722}
{"alert_id":1827,"customer_id":"customer_307","symbol":"GIGGLEUSDT","price":35.09,"threshold":35.07126062,"direction":"above","ingested_at":18812.158155696,"emitted_at":18812.158565623,"latency_ms":0.41}
{"alert_id":1828,"customer_id":"customer_703","symbol":"USDCUSDT","price":0.99991,"threshold":0.9999066,"direction":"above","ingested_at":18812.158155696,"emitted_at":18812.158698622,"latency_ms":0.543}
{"alert_id":1829,"customer_id":"customer_784","symbol":"ZECUSDC","price":432.77,"threshold":432.78410356,"direction":"below","ingested_at":18812.158155696,"emitted_at":18812.158733411,"latency_ms":0.578}
{"alert_id":1830,"customer_id":"customer_500","symbol":"PEPEUSDT","price":0.00000407,"threshold":0.00000407,"direction":"below","ingested_at":18813.163376525,"emitted_at":18813.16355418,"latency_ms":0.178}
{"alert_id":1831,"customer_id":"customer_849","symbol":"ANKRUSDT","price":0.00493,"threshold":0.00492561,"direction":"above","ingested_at":18813.163376525,"emitted_at":18813.163657084,"latency_ms":0.281}
{"alert_id":1832,"customer_id":"customer_526","symbol":"QUICKUSDT","price":0.0098,"threshold":0.00981818,"direction":"below","ingested_at":18813.163376525,"emitted_at":18813.163677237,"latency_ms":0.301}
{"alert_id":1833,"customer_id":"customer_3","symbol":"1000CHEEMSUSDT","price":0.000638,"threshold":0.000638,"direction":"above","ingested_at":18813.163376525,"emitted_at":18813.163713215,"latency_ms":0.337}
{"alert_id":1834,"customer_id":"customer_961","symbol":"BTCUSDT","price":81283.96,"threshold":81283.79996695,"direction":"above","ingested_at":18814.157382767,"emitted_at":18814.158140159,"latency_ms":0.757}
{"alert_id":1835,"customer_id":"customer_483","symbol":"PARTIFDUSD","price":0.0514,"threshold":0.05131159,"direction":"above","ingested_at":18814.157382767,"emitted_at":18814.158327078,"latency_ms":0.944}
{"alert_id":1836,"customer_id":"customer_627","symbol":"SUIUSDT","price":0.9616,"threshold":0.9613479,"direction":"above","ingested_at":18814.157382767,"emitted_at":18814.158442653,"latency_ms":1.06}
{"alert_id":1837,"customer_id":"customer_979","symbol":"CHIPUSDT","price":0.05727,"threshold":0.05726921,"direction":"above","ingested_at":18814.157382767,"emitted_at":18814.158590744,"latency_ms":1.208}
{"alert_id":1838,"customer_id":"customer_111","symbol":"BCHUSDT","price":455.0,"threshold":454.95185581,"direction":"above","ingested_at":18814.157382767,"emitted_at":18814.158650303,"latency_ms":1.268}
{"alert_id":1839,"customer_id":"customer_511","symbol":"POLUSDT","price":0.0977,"threshold":0.09766998,"direction":"above","ingested_at":18814.157382767,"emitted_at":18814.158715142,"latency_ms":1.332}
{"alert_id":1840,"customer_id":"customer_619","symbol":"SUIBTC","price":0.00001184,"threshold":0.00001183,"direction":"above","ingested_at":18815.161497866,"emitted_at":18815.161882824,"latency_ms":0.385}
{"alert_id":1841,"customer_id":"customer_953","symbol":"BTCJPY","price":12827668.0,"threshold":12826432.83482979,"direction":"above","ingested_at":18815.161497866,"emitted_at":18815.1620582,"latency_ms":0.56}
{"alert_id":1842,"customer_id":"customer_167","symbol":"CATIUSDT","price":0.0603,"threshold":0.06016676,"direction":"above","ingested_at":18815.161497866,"emitted_at":18815.162117467,"latency_ms":0.62}
{"alert_id":1843,"customer_id":"customer_597","symbol":"SOLUSDT","price":85.35,"threshold":85.33078207,"direction":"above","ingested_at":18815.161497866,"emitted_at":18815.162145307,"latency_ms":0.647}
{"alert_id":1844,"customer_id":"customer_425","symbol":"MEUSDT","price":0.1049,"threshold":0.10482808,"direction":"above","ingested_at":18815.161497866,"emitted_at":18815.162179577,"latency_ms":0.682}
{"alert_id":1845,"customer_id":"customer_945","symbol":"BROCCOLI714USDC","price":0.0185,"threshold":0.01848242,"direction":"above","ingested_at":18816.16342009,"emitted_at":18816.164406892,"latency_ms":0.987}
{"alert_id":1846,"customer_id":"customer_260","symbol":"ERAFDUSD","price":0.1348,"threshold":0.13490365,"direction":"below","ingested_at":18816.16342009,"emitted_at":18816.164671924,"latency_ms":1.252}
{"alert_id":1847,"customer_id":"customer_336","symbol":"HOLOUSDC","price":0.0655,"threshold":0.06565888,"direction":"below","ingested_at":18816.16342009,"emitted_at":18816.164729014,"latency_ms":1.309}
{"alert_id":1848,"customer_id":"customer_40","symbol":"ALLOUSDC","price":0.1174,"threshold":0.11747426,"direction":"below","ingested_at":18816.16342009,"emitted_at":18816.164773663,"latency_ms":1.354}
{"alert_id":1849,"customer_id":"customer_840","symbol":"ALLOTRY","price":5.31,"threshold":5.31605396,"direction":"below","ingested_at":18816.16342009,"emitted_at":18816.164792523,"latency_ms":1.372}
{"alert_id":1850,"customer_id":"customer_695","symbol":"USD1USDC","price":1.0001,"threshold":1.00004674,"direction":"above","ingested_at":18816.16342009,"emitted_at":18816.164811623,"latency_ms":1.392}
{"alert_id":1851,"customer_id":"customer_767","symbol":"XRPUSDC","price":1.4091,"threshold":1.40891389,"direction":"above","ingested_at":18816.16342009,"emitted_at":18816.164838102,"latency_ms":1.418}
{"alert_id":1852,"customer_id":"customer_614","symbol":"STRKTRY","price":1.71,"threshold":1.71408146,"direction":"below","ingested_at":18816.16342009,"emitted_at":18816.164901548,"latency_ms":1.481}
{"alert_id":1853,"customer_id":"customer_911","symbol":"BCHUSDC","price":455.1,"threshold":455.05158531,"direction":"above","ingested_at":18816.16342009,"emitted_at":18816.164962528,"latency_ms":1.542}
{"alert_id":1854,"customer_id":"customer_794","symbol":"ZKUSDT","price":0.01707,"threshold":0.01707765,"direction":"below","ingested_at":18816.16342009,"emitted_at":18816.164979809,"latency_ms":1.56}
{"alert_id":1855,"customer_id":"customer_415","symbol":"MBLUSDT","price":0.000931,"threshold":0.00093078,"direction":"above","ingested_at":18816.16342009,"emitted_at":18816.165027961,"latency_ms":1.608}
{"alert_id":1856,"customer_id":"customer_464","symbol":"ONDOTRY","price":14.38,"threshold":14.38697391,"direction":"below","ingested_at":18817.171219077,"emitted_at":18817.171582968,"latency_ms":0.364}
{"alert_id":1857,"customer_id":"customer_948","symbol":"BTCBRL","price":399392.0,"threshold":399407.53145088,"direction":"below","ingested_at":18817.171219077,"emitted_at":18817.171721601,"latency_ms":0.503}
{"alert_id":1858,"customer_id":"customer_909","symbol":"BCHFDUSD","price":455.4,"threshold":455.37057318,"direction":"above","ingested_at":18817.171219077,"emitted_at":18817.171775678,"latency_ms":0.557}
{"alert_id":1859,"customer_id":"customer_552","symbol":"RONINUSDT","price":0.0986,"threshold":0.09863968,"direction":"below","ingested_at":18817.171219077,"emitted_at":18817.171832918,"latency_ms":0.614}
{"alert_id":1860,"customer_id":"customer_900","symbol":"BANANAS31USDC","price":0.011168,"threshold":0.01119795,"direction":"below","ingested_at":18818.161539524,"emitted_at":18818.162527388,"latency_ms":0.988}
{"alert_id":1861,"customer_id":"customer_120","symbol":"BLURUSDT","price":0.02804,"threshold":0.0280433,"direction":"below","ingested_at":18818.161539524,"emitted_at":18818.162776206,"latency_ms":1.237}
{"alert_id":1862,"customer_id":"customer_919","symbol":"BLURTRY","price":1.267,"threshold":1.2650833,"direction":"above","ingested_at":18818.161539524,"emitted_at":18818.162817372,"latency_ms":1.278}
{"alert_id":1863,"customer_id":"customer_142","symbol":"BONKUSDT","price":0.00000643,"threshold":0.00000643,"direction":"below","ingested_at":18818.161539524,"emitted_at":18818.162851553,"latency_ms":1.312}
{"alert_id":1864,"customer_id":"customer_703","symbol":"USDCUSDT","price":0.99991,"threshold":0.9999066,"direction":"above","ingested_at":18818.161539524,"emitted_at":18818.162892879,"latency_ms":1.353}
{"alert_id":1865,"customer_id":"customer_766","symbol":"XRPUSD1","price":1.4089,"threshold":1.40907599,"direction":"below","ingested_at":18818.161539524,"emitted_at":18818.162937302,"latency_ms":1.398}
{"alert_id":1866,"customer_id":"customer_403","symbol":"LUNAUSDC","price":0.0766,"threshold":0.07658633,"direction":"above","ingested_at":18818.161539524,"emitted_at":18818.162987289,"latency_ms":1.448}
{"alert_id":1867,"customer_id":"customer_264","symbol":"ESPUSDT","price":0.06994,"threshold":0.06994703,"direction":"below","ingested_at":18818.161539524,"emitted_at":18818.163059882,"latency_ms":1.52}
{"alert_id":1868,"customer_id":"customer_416","symbol":"MEGATRY","price":5.699,"threshold":5.70322177,"direction":"below","ingested_at":18818.161539524,"emitted_at":18818.163122059,"latency_ms":1.583}
{"alert_id":1869,"customer_id":"customer_160","symbol":"BTCUSDT","price":81261.3,"threshold":81279.709984,"direction":"below","ingested_at":18819.200145848,"emitted_at":18819.200761383,"latency_ms":0.616}
{"alert_id":1870,"customer_id":"customer_278","symbol":"ETHUSDT","price":2372.83,"threshold":2373.20956243,"direction":"below","ingested_at":18819.200145848,"emitted_at":18819.200907377,"latency_ms":0.762}
{"alert_id":1871,"customer_id":"customer_610","symbol":"STOTRY","price":3.907,"threshold":3.90748595,"direction":"below","ingested_at":18819.200145848,"emitted_at":18819.200980803,"latency_ms":0.835}
{"alert_id":1872,"customer_id":"customer_848","symbol":"ANKRTRY","price":0.2224,"threshold":0.22308704,"direction":"below","ingested_at":18819.200145848,"emitted_at":18819.201014057,"latency_ms":0.868}
{"alert_id":1873,"customer_id":"customer_294","symbol":"FILUSDT","price":0.95,"threshold":0.95092922,"direction":"below","ingested_at":18819.200145848,"emitted_at":18819.201036761,"latency_ms":0.891}
{"alert_id":1874,"customer_id":"customer_259","symbol":"ERABNB","price":0.00021424,"threshold":0.00021378,"direction":"above","ingested_at":18819.200145848,"emitted_at":18819.201077908,"latency_ms":0.932}
{"alert_id":1875,"customer_id":"customer_828","symbol":"ADAUSDT","price":0.2567,"threshold":0.25670286,"direction":"below","ingested_at":18819.200145848,"emitted_at":18819.201124862,"latency_ms":0.979}
{"alert_id":1876,"customer_id":"customer_874","symbol":"ATOMFDUSD","price":1.847,"threshold":1.84708924,"direction":"below","ingested_at":18819.200145848,"emitted_at":18819.201153511,"latency_ms":1.008}
{"alert_id":1877,"customer_id":"customer_717","symbol":"UUSDT","price":0.9999,"threshold":0.99983535,"direction":"above","ingested_at":18819.200145848,"emitted_at":18819.201234471,"latency_ms":1.089}
{"alert_id":1878,"customer_id":"customer_876","symbol":"ATOMUSDC","price":1.845,"threshold":1.84719523,"direction":"below","ingested_at":18819.200145848,"emitted_at":18819.201258062,"latency_ms":1.112}
{"alert_id":1879,"customer_id":"customer_152","symbol":"BTCJPY","price":12822236.0,"threshold":12823084.69382897,"direction":"below","ingested_at":18819.200145848,"emitted_at":18819.201283761,"latency_ms":1.138}
{"alert_id":1880,"customer_id":"customer_272","symbol":"ETHJPY","price":374353.0,"threshold":374393.87886218,"direction":"below","ingested_at":18819.200145848,"emitted_at":18819.201308389,"latency_ms":1.163}
{"alert_id":1881,"customer_id":"customer_701","symbol":"USDCTRY","price":45.2,"threshold":45.19302579,"direction":"above","ingested_at":18819.200145848,"emitted_at":18819.201347043,"latency_ms":1.201}
{"alert_id":1882,"customer_id":"customer_283","symbol":"EURUSDT","price":1.1699,"threshold":1.16985925,"direction":"above","ingested_at":18819.200145848,"emitted_at":18819.201372759,"latency_ms":1.227}
{"alert_id":1883,"customer_id":"customer_72","symbol":"ATOMEUR","price":1.577,"threshold":1.5790555,"direction":"below","ingested_at":18819.200145848,"emitted_at":18819.201431121,"latency_ms":1.285}
{"alert_id":1884,"customer_id":"customer_696","symbol":"USD1USDT","price":0.9999,"threshold":0.99994934,"direction":"below","ingested_at":18820.189690152,"emitted_at":18820.190408279,"latency_ms":0.718}
{"alert_id":1885,"customer_id":"customer_520","symbol":"PUMPUSDT","price":0.001828,"threshold":0.00182892,"direction":"below","ingested_at":18820.189690152,"emitted_at":18820.190657265,"latency_ms":0.967}
{"alert_id":1886,"customer_id":"customer_290","symbol":"FFUSDT","price":0.06215,"threshold":0.06216859,"direction":"below","ingested_at":18820.189690152,"emitted_at":18820.190752468,"latency_ms":1.062}
{"alert_id":1887,"customer_id":"customer_419","symbol":"MEMETRY","price":0.0272,"threshold":0.02716553,"direction":"above","ingested_at":18820.189690152,"emitted_at":18820.190796856,"latency_ms":1.107}
{"alert_id":1888,"customer_id":"customer_703","symbol":"USDCUSDT","price":0.99991,"threshold":0.9999066,"direction":"above","ingested_at":18820.189690152,"emitted_at":18820.190838954,"latency_ms":1.149}
{"alert_id":1889,"customer_id":"customer_581","symbol":"SHIBUSDT","price":0.00000627,"threshold":0.00000627,"direction":"above","ingested_at":18820.189690152,"emitted_at":18820.190871067,"latency_ms":1.181}
{"alert_id":1890,"customer_id":"customer_991","symbol":"COSUSDT","price":0.001128,"threshold":0.00112695,"direction":"above","ingested_at":18820.189690152,"emitted_at":18820.190954558,"latency_ms":1.264}
{"alert_id":1891,"customer_id":"customer_526","symbol":"QUICKUSDT","price":0.00978,"threshold":0.00981818,"direction":"below","ingested_at":18820.189690152,"emitted_at":18820.19098604,"latency_ms":1.296}
{"alert_id":1892,"customer_id":"customer_960","symbol":"BTCUSDC","price":81267.71,"threshold":81270.61750464,"direction":"below","ingested_at":18821.163231962,"emitted_at":18821.163776522,"latency_ms":0.545}
{"alert_id":1893,"customer_id":"customer_764","symbol":"XRPTRY","price":63.66,"threshold":63.68666043,"direction":"below","ingested_at":18821.163231962,"emitted_at":18821.163993105,"latency_ms":0.761}
{"alert_id":1894,"customer_id":"customer_331","symbol":"HIVEUSDC","price":0.0754,"threshold":0.07535011,"direction":"above","ingested_at":18821.163231962,"emitted_at":18821.164084878,"latency_ms":0.853}
{"alert_id":1895,"customer_id":"customer_345","symbol":"ICPTRY","price":112.5,"threshold":112.46261317,"direction":"above","ingested_at":18821.163231962,"emitted_at":18821.164115213,"latency_ms":0.883}
{"alert_id":1896,"customer_id":"customer_663","symbol":"TRBTRY","price":895.0,"threshold":894.73311898,"direction":"above","ingested_at":18822.162153029,"emitted_at":18822.162703792,"latency_ms":0.551}
{"alert_id":1897,"customer_id":"customer_678","symbol":"TRXUSDT","price":0.3432,"threshold":0.34325895,"direction":"below","ingested_at":18822.162153029,"emitted_at":18822.162878887,"latency_ms":0.726}
{"alert_id":1898,"customer_id":"customer_703","symbol":"USDCUSDT","price":0.99991,"threshold":0.9999066,"direction":"above","ingested_at":18822.162153029,"emitted_at":18822.162931864,"latency_ms":0.779}
{"alert_id":1899,"customer_id":"customer_710","symbol":"USDTTRY","price":45.2,"threshold":45.20406316,"direction":"below","ingested_at":18822.162153029,"emitted_at":18822.163036249,"latency_ms":0.883}
{"alert_id":1900,"customer_id":"customer_402","symbol":"LUNATRY","price":3.462,"threshold":3.46724088,"direction":"below","ingested_at":18822.162153029,"emitted_at":18822.163092678,"latency_ms":0.94}
{"alert_id":1901,"customer_id":"customer_498","symbol":"PEPETRY","price":0.00018411,"threshold":0.00018412,"direction":"below","ingested_at":18823.159567137,"emitted_at":18823.16006346,"latency_ms":0.496}
{"alert_id":1902,"customer_id":"customer_511","symbol":"POLUSDT","price":0.0977,"threshold":0.09766998,"direction":"above","ingested_at":18823.159567137,"emitted_at":18823.160338958998,"latency_ms":0.772}
{"alert_id":1903,"customer_id":"customer_98","symbol":"BABYUSDT","price":0.01816,"threshold":0.01816826,"direction":"below","ingested_at":18824.169049166,"emitted_at":18824.169401817,"latency_ms":0.353}
{"alert_id":1904,"customer_id":"customer_582","symbol":"SIGNUSDT","price":0.01586,"threshold":0.01586577,"direction":"below","ingested_at":18824.169049166,"emitted_at":18824.169557037,"latency_ms":0.508}
{"alert_id":1905,"customer_id":"customer_59","symbol":"ARBUSDT","price":0.1189,"threshold":0.11889982,"direction":"above","ingested_at":18824.169049166,"emitted_at":18824.169598006,"latency_ms":0.549}
{"alert_id":1906,"customer_id":"customer_695","symbol":"USD1USDC","price":1.0001,"threshold":1.00004674,"direction":"above","ingested_at":18824.169049166,"emitted_at":18824.169656388,"latency_ms":0.607}
{"alert_id":1907,"customer_id":"customer_703","symbol":"USDCUSDT","price":0.99991,"threshold":0.9999066,"direction":"above","ingested_at":18824.169049166,"emitted_at":18824.169686431,"latency_ms":0.637}
{"alert_id":1908,"customer_id":"customer_360","symbol":"IQUSDT","price":0.001103,"threshold":0.00110326,"direction":"below","ingested_at":18825.165216635,"emitted_at":18825.165610226,"latency_ms":0.394}
{"alert_id":1909,"customer_id":"customer_349","symbol":"ILVUSDT","price":4.6,"threshold":4.59521603,"direction":"above","ingested_at":18825.165216635,"emitted_at":18825.165850061,"latency_ms":0.633}
{"alert_id":1910,"customer_id":"customer_220","symbol":"DOGSUSDC","price":0.0000585,"threshold":0.00005872,"direction":"below","ingested_at":18825.165216635,"emitted_at":18825.165896607,"latency_ms":0.68}
{"alert_id":1911,"customer_id":"customer_713","symbol":"USTCUSDT","price":0.00835,"threshold":0.00834294,"direction":"above","ingested_at":18826.179375698,"emitted_at":18826.179855454,"latency_ms":0.48}
{"alert_id":1912,"customer_id":"customer_112","symbol":"BEAMXUSDT","price":0.001948,"threshold":0.00194956,"direction":"below","ingested_at":18826.179375698,"emitted_at":18826.180042672,"latency_ms":0.667}
{"alert_id":1913,"customer_id":"customer_503","symbol":"PIVXUSDT","price":0.0734,"threshold":0.07334129,"direction":"above","ingested_at":18826.179375698,"emitted_at":18826.181538682,"latency_ms":2.163}
{"alert_id":1914,"customer_id":"customer_767","symbol":"XRPUSDC","price":1.4091,"threshold":1.40891389,"direction":"above","ingested_at":18826.179375698,"emitted_at":18826.181591737,"latency_ms":2.216}
{"alert_id":1915,"customer_id":"customer_703","symbol":"USDCUSDT","price":0.99991,"threshold":0.9999066,"direction":"above","ingested_at":18826.179375698,"emitted_at":18826.18162068,"latency_ms":2.245}
{"alert_id":1916,"customer_id":"customer_776","symbol":"ZAMAUSDT","price":0.02915,"threshold":0.02917201,"direction":"below","ingested_at":18826.179375698,"emitted_at":18826.181664944,"latency_ms":2.289}
{"alert_id":1917,"customer_id":"customer_284","symbol":"FARMUSDT","price":12.08,"threshold":12.08524281,"direction":"below","ingested_at":18826.179375698,"emitted_at":18826.181695894,"latency_ms":2.32}
{"alert_id":1918,"customer_id":"customer_588","symbol":"SOLBTC","price":0.0010498,"threshold":0.00104988,"direction":"below","ingested_at":18826.179375698,"emitted_at":18826.18175297,"latency_ms":2.377}
{"alert_id":1919,"customer_id":"customer_168","symbol":"CELOUSDT","price":0.08956,"threshold":0.0895684,"direction":"below","ingested_at":18827.167416364,"emitted_at":18827.167831371,"latency_ms":0.415}
{"alert_id":1920,"customer_id":"customer_826","symbol":"ADATRY","price":11.6,"threshold":11.6022922,"direction":"below","ingested_at":18827.167416364,"emitted_at":18827.168075175,"latency_ms":0.659}
{"alert_id":1921,"customer_id":"customer_68","symbol":"ASTERUSDC","price":0.675,"threshold":0.6754484,"direction":"below","ingested_at":18827.167416364,"emitted_at":18827.168124031,"latency_ms":0.708}
{"alert_id":1922,"customer_id":"customer_472","symbol":"OPNUSDT","price":0.1817,"threshold":0.18171962,"direction":"below","ingested_at":18827.167416364,"emitted_at":18827.168193907,"latency_ms":0.778}
{"alert_id":1923,"customer_id":"customer_333","symbol":"HMSTRTRY","price":0.00763,"threshold":0.00762316,"direction":"above","ingested_at":18827.167416364,"emitted_at":18827.168232157,"latency_ms":0.816}
{"alert_id":1924,"customer_id":"customer_560","symbol":"SAHARAUSDC","price":0.02501,"threshold":0.02502366,"direction":"below","ingested_at":18828.166139382,"emitted_at":18828.166345124,"latency_ms":0.206}
{"alert_id":1925,"customer_id":"customer_316","symbol":"GRTUSDT","price":0.02498,"threshold":0.02498607,"direction":"below","ingested_at":18828.166139382,"emitted_at":18828.166444868,"latency_ms":0.305}
{"alert_id":1926,"customer_id":"customer_69","symbol":"ASTERUSDT","price":0.676,"threshold":0.67558514,"direction":"above","ingested_at":18828.166139382,"emitted_at":18828.166467312,"latency_ms":0.328}
{"alert_id":1927,"customer_id":"customer_710","symbol":"USDTTRY","price":45.2,"threshold":45.20406316,"direction":"below","ingested_at":18828.166139382,"emitted_at":18828.166520744,"latency_ms":0.381}
{"alert_id":1928,"customer_id":"customer_330","symbol":"HIVETRY","price":3.4,"threshold":3.40735748,"direction":"below","ingested_at":18828.166139382,"emitted_at":18828.166547159,"latency_ms":0.408}
{"alert_id":1929,"customer_id":"customer_17","symbol":"ACHTRY","price":0.3663,"threshold":0.36566496,"direction":"above","ingested_at":18829.166121373,"emitted_at":18829.166522525,"latency_ms":0.401}
{"alert_id":1930,"customer_id":"customer_9","symbol":"2ZUSDC","price":0.09232,"threshold":0.09224028,"direction":"above","ingested_at":18829.166121373,"emitted_at":18829.166677368,"latency_ms":0.556}
{"alert_id":1931,"customer_id":"customer_870","symbol":"ASTERUSDT","price":0.675,"threshold":0.67575696,"direction":"below","ingested_at":18829.166121373,"emitted_at":18829.166709902,"latency_ms":0.589}
{"alert_id":1932,"customer_id":"customer_716","symbol":"UUSDC","price":0.9999,"threshold":0.99992246,"direction":"below","ingested_at":18829.166121373,"emitted_at":18829.166771821,"latency_ms":0.65}
{"alert_id":1933,"customer_id":"customer_527","symbol":"RADUSDT","price":0.243,"threshold":0.24244376,"direction":"above","ingested_at":18829.166121373,"emitted_at":18829.166806862,"latency_ms":0.685}
{"alert_id":1934,"customer_id":"customer_696","symbol":"USD1USDT","price":0.9999,"threshold":0.99994934,"direction":"below","ingested_at":18830.166788118,"emitted_at":18830.167298531,"latency_ms":0.51}
{"alert_id":1935,"customer_id":"customer_824","symbol":"ADAEUR","price":0.2194,"threshold":0.21942484,"direction":"below","ingested_at":18830.166788118,"emitted_at":18830.167488244,"latency_ms":0.7}
{"alert_id":1936,"customer_id":"customer_998","symbol":"CTRY","price":3.651,"threshold":3.65370947,"direction":"below","ingested_at":18830.166788118,"emitted_at":18830.167538112,"latency_ms":0.75}
{"alert_id":1937,"customer_id":"customer_678","symbol":"TRXUSDT","price":0.3432,"threshold":0.34325895,"direction":"below","ingested_at":18830.166788118,"emitted_at":18830.167584012,"latency_ms":0.796}
{"alert_id":1938,"customer_id":"customer_929","symbol":"BNBIDR","price":10963922.0,"threshold":10961351.78005587,"direction":"above","ingested_at":18830.166788118,"emitted_at":18830.167618448,"latency_ms":0.83}
{"alert_id":1939,"customer_id":"customer_539","symbol":"REQUSDT","price":0.0703,"threshold":0.07020507,"direction":"above","ingested_at":18830.166788118,"emitted_at":18830.167684626,"latency_ms":0.897}
{"alert_id":1940,"customer_id":"customer_823","symbol":"ACTUSDT","price":0.0165,"threshold":0.01645492,"direction":"above","ingested_at":18830.166788118,"emitted_at":18830.167736949,"latency_ms":0.949}
{"alert_id":1941,"customer_id":"customer_169","symbol":"CELRUSDT","price":0.002753,"threshold":0.0027526,"direction":"above","ingested_at":18831.167875758,"emitted_at":18831.168033144,"latency_ms":0.157}
{"alert_id":1942,"customer_id":"customer_710","symbol":"USDTTRY","price":45.2,"threshold":45.20406316,"direction":"below","ingested_at":18831.167875758,"emitted_at":18831.188652702,"latency_ms":20.777}
{"alert_id":1943,"customer_id":"customer_415","symbol":"MBLUSDT","price":0.000931,"threshold":0.00093078,"direction":"above","ingested_at":18831.167875758,"emitted_at":18831.188702528,"latency_ms":20.827}
{"alert_id":1944,"customer_id":"customer_603","symbol":"SPKUSDC","price":0.03617,"threshold":0.03616541,"direction":"above","ingested_at":18832.167913876,"emitted_at":18832.168619416,"latency_ms":0.706}
{"alert_id":1945,"customer_id":"customer_602","symbol":"SPKTRY","price":1.6344,"threshold":1.63446295,"direction":"below","ingested_at":18832.167913876,"emitted_at":18832.168838437,"latency_ms":0.925}
{"alert_id":1946,"customer_id":"customer_541","symbol":"RESOLVUSDC","price":0.0325,"threshold":0.03240304,"direction":"above","ingested_at":18833.168677305,"emitted_at":18833.169103544,"latency_ms":0.426}
{"alert_id":1947,"customer_id":"customer_713","symbol":"USTCUSDT","price":0.00835,"threshold":0.00834294,"direction":"above","ingested_at":18833.168677305,"emitted_at":18833.169292146,"latency_ms":0.615}
{"alert_id":1948,"customer_id":"customer_858","symbol":"ARBTRY","price":5.37,"threshold":5.37513793,"direction":"below","ingested_at":18833.168677305,"emitted_at":18833.169323769,"latency_ms":0.646}
{"alert_id":1949,"customer_id":"customer_25","symbol":"ADATRY","price":11.61,"threshold":11.60619465,"direction":"above","ingested_at":18833.168677305,"emitted_at":18833.169353895,"latency_ms":0.677}
{"alert_id":1950,"customer_id":"customer_423","symbol":"METUSDC","price":0.1665,"threshold":0.16612583,"direction":"above","ingested_at":18833.168677305,"emitted_at":18833.169386415,"latency_ms":0.709}
{"alert_id":1951,"customer_id":"customer_234","symbol":"DUSKUSDT","price":0.1416,"threshold":0.14207394,"direction":"below","ingested_at":18833.168677305,"emitted_at":18833.169434197,"latency_ms":0.757}
{"alert_id":1952,"customer_id":"customer_540","symbol":"RESOLVTRY","price":1.46,"threshold":1.46447231,"direction":"below","ingested_at":18834.168944307,"emitted_at":18834.169409792,"latency_ms":0.465}
{"alert_id":1953,"customer_id":"customer_186","symbol":"CKBUSDT","price":0.001521,"threshold":0.00152145,"direction":"below","ingested_at":18834.168944307,"emitted_at":18834.169603665,"latency_ms":0.659}
{"alert_id":1954,"customer_id":"customer_960","symbol":"BTCUSDC","price":81269.54,"threshold":81270.61750464,"direction":"below","ingested_at":18834.168944307,"emitted_at":18834.169663932,"latency_ms":0.72}
{"alert_id":1955,"customer_id":"customer_703","symbol":"USDCUSDT","price":0.99991,"threshold":0.9999066,"direction":"above","ingested_at":18834.168944307,"emitted_at":18834.169695747,"latency_ms":0.751}
{"alert_id":1956,"customer_id":"customer_177","symbol":"CHIPUSDC","price":0.05728,"threshold":0.05727973,"direction":"above","ingested_at":18834.168944307,"emitted_at":18834.169758608,"latency_ms":0.814}
{"alert_id":1957,"customer_id":"customer_657","symbol":"TKOUSDT","price":0.0613,"threshold":0.06129256,"direction":"above","ingested_at":18835.168248231,"emitted_at":18835.168742852,"latency_ms":0.495}
{"alert_id":1958,"customer_id":"customer_111","symbol":"BCHUSDT","price":455.0,"threshold":454.95185581,"direction":"above","ingested_at":18835.168248231,"emitted_at":18835.168960841,"latency_ms":0.713}
{"alert_id":1959,"customer_id":"customer_706","symbol":"USDTCOP","price":3696.0,"threshold":3696.44941751,"direction":"below","ingested_at":18835.168248231,"emitted_at":18835.168996186,"latency_ms":0.748}
{"alert_id":1960,"customer_id":"customer_523","symbol":"QIUSDT","price":0.00175,"threshold":0.00174408,"direction":"above","ingested_at":18835.168248231,"emitted_at":18835.169050197,"latency_ms":0.802}
{"alert_id":1961,"customer_id":"customer_835","symbol":"ALCXUSDT","price":5.32,"threshold":5.31407732,"direction":"above","ingested_at":18835.168248231,"emitted_at":18835.169077857,"latency_ms":0.83}
{"alert_id":1962,"customer_id":"customer_913","symbol":"BEAMXUSDT","price":0.00195,"threshold":0.00194893,"direction":"above","ingested_at":18836.173949201,"emitted_at":18836.174511385,"latency_ms":0.562}
{"alert_id":1963,"customer_id":"customer_379","symbol":"KITEUSDT","price":0.1496,"threshold":0.14956831,"direction":"above","ingested_at":18836.173949201,"emitted_at":18836.174695846,"latency_ms":0.747}
{"alert_id":1964,"customer_id":"customer_703","symbol":"USDCUSDT","price":0.99991,"threshold":0.9999066,"direction":"above","ingested_at":18836.173949201,"emitted_at":18836.174751417,"latency_ms":0.802}
{"alert_id":1965,"customer_id":"customer_549","symbol":"ROBOTRY","price":0.904,"threshold":0.90351932,"direction":"above","ingested_at":18836.173949201,"emitted_at":18836.17480575,"latency_ms":0.857}
{"alert_id":1966,"customer_id":"customer_678","symbol":"TRXUSDT","price":0.3432,"threshold":0.34325895,"direction":"below","ingested_at":18838.166532278,"emitted_at":18838.166979483,"latency_ms":0.447}
{"alert_id":1967,"customer_id":"customer_321","symbol":"HAEDALTRY","price":1.393,"threshold":1.39239542,"direction":"above","ingested_at":18839.173193743,"emitted_at":18839.173821249,"latency_ms":0.628}
{"alert_id":1968,"customer_id":"customer_274","symbol":"ETHTRY","price":107278.0,"threshold":107291.13265695,"direction":"below","ingested_at":18839.173193743,"emitted_at":18839.174153609,"latency_ms":0.96}
{"alert_id":1969,"customer_id":"customer_402","symbol":"LUNATRY","price":3.467,"threshold":3.46724088,"direction":"below","ingested_at":18839.173193743,"emitted_at":18839.174241499,"latency_ms":1.048}
{"alert_id":1970,"customer_id":"customer_49","symbol":"APETRY","price":7.39,"threshold":7.38668578,"direction":"above","ingested_at":18840.173231995,"emitted_at":18840.173655721,"latency_ms":0.424}
{"alert_id":1971,"customer_id":"customer_518","symbol":"PSGUSDT","price":0.76,"threshold":0.76069077,"direction":"below","ingested_at":18840.173231995,"emitted_at":18840.17386258,"latency_ms":0.631}
{"alert_id":1972,"customer_id":"customer_498","symbol":"PEPETRY","price":0.00018409,"threshold":0.00018412,"direction":"below","ingested_at":18840.173231995,"emitted_at":18840.173896901,"latency_ms":0.665}
{"alert_id":1973,"customer_id":"customer_872","symbol":"ATMUSDT","price":1.092,"threshold":1.0927354,"direction":"below","ingested_at":18840.173231995,"emitted_at":18840.173918062,"latency_ms":0.686}
{"alert_id":1974,"customer_id":"customer_20","symbol":"ACMUSDT","price":0.422,"threshold":0.42248395,"direction":"below","ingested_at":18840.173231995,"emitted_at":18840.173947714,"latency_ms":0.716}
{"alert_id":1975,"customer_id":"customer_496","symbol":"PEPEBRL","price":0.00002,"threshold":0.00002004,"direction":"below","ingested_at":18840.173231995,"emitted_at":18840.174036858,"latency_ms":0.805}
{"alert_id":1976,"customer_id":"customer_110","symbol":"BCHUSDC","price":454.9,"threshold":454.94607112,"direction":"below","ingested_at":18840.173231995,"emitted_at":18840.174061538,"latency_ms":0.83}
{"alert_id":1977,"customer_id":"customer_795","symbol":"ZROTRY","price":64.0,"threshold":63.96872749,"direction":"above","ingested_at":18840.173231995,"emitted_at":18840.174085543,"latency_ms":0.854}
{"alert_id":1978,"customer_id":"customer_356","symbol":"IOTAUSDT","price":0.0565,"threshold":0.05653865,"direction":"below","ingested_at":18841.172410473,"emitted_at":18841.172840345,"latency_ms":0.43}
{"alert_id":1979,"customer_id":"customer_710","symbol":"USDTTRY","price":45.2,"threshold":45.20406316,"direction":"below","ingested_at":18841.172410473,"emitted_at":18841.173119686,"latency_ms":0.709}
{"alert_id":1980,"customer_id":"customer_689","symbol":"UMATRY","price":21.24,"threshold":21.21706166,"direction":"above","ingested_at":18841.172410473,"emitted_at":18841.173196424,"latency_ms":0.786}
{"alert_id":1981,"customer_id":"customer_696","symbol":"USD1USDT","price":0.9999,"threshold":0.99994934,"direction":"below","ingested_at":18842.170857668,"emitted_at":18842.175285114,"latency_ms":4.427}
{"alert_id":1982,"customer_id":"customer_339","symbol":"HUMAUSDC","price":0.02228,"threshold":0.02223111,"direction":"above","ingested_at":18842.170857668,"emitted_at":18842.175449349,"latency_ms":4.592}
{"alert_id":1983,"customer_id":"customer_548","symbol":"RLUSDUSDT","price":1.0,"threshold":1.00002163,"direction":"below","ingested_at":18843.164873654,"emitted_at":18843.1654354,"latency_ms":0.562}
{"alert_id":1984,"customer_id":"customer_111","symbol":"BCHUSDT","price":455.0,"threshold":454.95185581,"direction":"above","ingested_at":18843.164873654,"emitted_at":18843.165621478,"latency_ms":0.748}
{"alert_id":1985,"customer_id":"customer_415","symbol":"MBLUSDT","price":0.000931,"threshold":0.00093078,"direction":"above","ingested_at":18843.164873654,"emitted_at":18843.165663175,"latency_ms":0.79}
{"alert_id":1986,"customer_id":"customer_734","symbol":"WIFUSDT","price":0.194,"threshold":0.19459881,"direction":"below","ingested_at":18844.187068967,"emitted_at":18844.189023532,"latency_ms":1.955}
{"alert_id":1987,"customer_id":"customer_538","symbol":"RENDERUSDT","price":1.888,"threshold":1.88988236,"direction":"below","ingested_at":18844.187068967,"emitted_at":18844.189243636,"latency_ms":2.175}
{"alert_id":1988,"customer_id":"customer_536","symbol":"RENDERTRY","price":85.4,"threshold":85.52259465,"direction":"below","ingested_at":18844.187068967,"emitted_at":18844.189279783,"latency_ms":2.211}
{"alert_id":1989,"customer_id":"customer_714","symbol":"USUALUSDC","price":0.01469,"threshold":0.01469672,"direction":"below","ingested_at":18844.187068967,"emitted_at":18844.189320907,"latency_ms":2.252}
{"alert_id":1990,"customer_id":"customer_391","symbol":"LINKUSDT","price":9.71,"threshold":9.70422186,"direction":"above","ingested_at":18845.242224061,"emitted_at":18845.242799791,"latency_ms":0.576}
{"alert_id":1991,"customer_id":"customer_766","symbol":"XRPUSD1","price":1.409,"threshold":1.40907599,"direction":"below","ingested_at":18845.242224061,"emitted_at":18845.242985094,"latency_ms":0.761}
{"alert_id":1992,"customer_id":"customer_283","symbol":"EURUSDT","price":1.1699,"threshold":1.16985925,"direction":"above","ingested_at":18845.242224061,"emitted_at":18845.243094852,"latency_ms":0.871}
{"alert_id":1993,"customer_id":"customer_542","symbol":"RESOLVUSDT","price":0.0324,"threshold":0.0324641,"direction":"below","ingested_at":18846.177671375,"emitted_at":18846.178942808,"latency_ms":1.271}
{"alert_id":1994,"customer_id":"customer_256","symbol":"ENSOUSDT","price":0.935,"threshold":0.93666981,"direction":"below","ingested_at":18846.177671375,"emitted_at":18846.179163516,"latency_ms":1.492}
{"alert_id":1995,"customer_id":"customer_902","symbol":"BANKUSDC","price":0.0332,"threshold":0.03323045,"direction":"below","ingested_at":18846.177671375,"emitted_at":18846.179203287,"latency_ms":1.532}
{"alert_id":1996,"customer_id":"customer_703","symbol":"USDCUSDT","price":0.99991,"threshold":0.9999066,"direction":"above","ingested_at":18846.177671375,"emitted_at":18846.179233816,"latency_ms":1.562}
{"alert_id":1997,"customer_id":"customer_200","symbol":"CUSDT","price":0.0805,"threshold":0.08063054,"direction":"below","ingested_at":18847.173375435,"emitted_at":18847.174051495,"latency_ms":0.676}
{"alert_id":1998,"customer_id":"customer_678","symbol":"TRXUSDT","price":0.3432,"threshold":0.34325895,"direction":"below","ingested_at":18847.173375435,"emitted_at":18847.174247817,"latency_ms":0.872}
{"alert_id":1999,"customer_id":"customer_6","symbol":"1000SATSUSDT","price":0.00001494,"threshold":0.00001495,"direction":"below","ingested_at":18847.173375435,"emitted_at":18847.174293545,"latency_ms":0.918}
{"alert_id":2000,"customer_id":"customer_878","symbol":"ATUSDT","price":0.17,"threshold":0.1700694,"direction":"below","ingested_at":18847.173375435,"emitted_at":18847.174333969,"latency_ms":0.959}
{"alert_id":2001,"customer_id":"customer_169","symbol":"CELRUSDT","price":0.002753,"threshold":0.0027526,"direction":"above","ingested_at":18847.173375435,"emitted_at":18847.174388866,"latency_ms":1.013}
{"alert_id":2002,"customer_id":"customer_542","symbol":"RESOLVUSDT","price":0.0324,"threshold":0.0324641,"direction":"below","ingested_at":18848.182629683,"emitted_at":18848.184048338,"latency_ms":1.419}
{"alert_id":2003,"customer_id":"customer_500","symbol":"PEPEUSDT","price":0.00000406,"threshold":0.00000407,"direction":"below","ingested_at":18848.182629683,"emitted_at":18848.184234948,"latency_ms":1.605}
{"alert_id":2004,"customer_id":"customer_428","symbol":"MITOTRY","price":2.297,"threshold":2.2976548,"direction":"below","ingested_at":18848.182629683,"emitted_at":18848.184292369,"latency_ms":1.663}
{"alert_id":2005,"customer_id":"customer_820","symbol":"ACMTRY","price":19.11,"threshold":19.11958111,"direction":"below","ingested_at":18848.182629683,"emitted_at":18848.184346171,"latency_ms":1.716}
{"alert_id":2006,"customer_id":"customer_828","symbol":"ADAUSDT","price":0.2567,"threshold":0.25670286,"direction":"below","ingested_at":18848.182629683,"emitted_at":18848.184385917,"latency_ms":1.756}
{"alert_id":2007,"customer_id":"customer_703","symbol":"USDCUSDT","price":0.99991,"threshold":0.9999066,"direction":"above","ingested_at":18848.182629683,"emitted_at":18848.184437523,"latency_ms":1.808}
{"alert_id":2008,"customer_id":"customer_710","symbol":"USDTTRY","price":45.2,"threshold":45.20406316,"direction":"below","ingested_at":18848.182629683,"emitted_at":18848.184535842,"latency_ms":1.906}
{"alert_id":2009,"customer_id":"customer_3","symbol":"1000CHEEMSUSDT","price":0.000638,"threshold":0.000638,"direction":"above","ingested_at":18848.182629683,"emitted_at":18848.184597858,"latency_ms":1.968}
{"alert_id":2010,"customer_id":"customer_232","symbol":"DTRY","price":0.538,"threshold":0.53969377,"direction":"below","ingested_at":18849.169910613,"emitted_at":18849.170609825,"latency_ms":0.699}
{"alert_id":2011,"customer_id":"customer_606","symbol":"STEEMUSDC","price":0.06,"threshold":0.06021433,"direction":"below","ingested_at":18849.169910613,"emitted_at":18849.170793713,"latency_ms":0.883}
{"alert_id":2012,"customer_id":"customer_610","symbol":"STOTRY","price":3.905,"threshold":3.90748595,"direction":"below","ingested_at":18850.174896125,"emitted_at":18850.175956196,"latency_ms":1.06}
{"alert_id":2013,"customer_id":"customer_829","symbol":"ADXBTC","price":0.00000096,"threshold":0.00000096,"direction":"above","ingested_at":18850.174896125,"emitted_at":18850.17617057,"latency_ms":1.274}
{"alert_id":2014,"customer_id":"customer_802","symbol":"0GUSDT","price":0.537,"threshold":0.53753189,"direction":"below","ingested_at":18850.174896125,"emitted_at":18850.1762206,"latency_ms":1.324}
{"alert_id":2015,"customer_id":"customer_556","symbol":"RUNEUSDC","price":0.545,"threshold":0.54575803,"direction":"below","ingested_at":18850.174896125,"emitted_at":18850.176323288,"latency_ms":1.427}
{"alert_id":2016,"customer_id":"customer_14","symbol":"AAVEUSDT","price":93.26,"threshold":93.26295102,"direction":"below","ingested_at":18851.174494179,"emitted_at":18851.174980981,"latency_ms":0.487}
{"alert_id":2017,"customer_id":"customer_304","symbol":"GALAUSDT","price":0.0033,"threshold":0.00330697,"direction":"below","ingested_at":18851.174494179,"emitted_at":18851.175323155,"latency_ms":0.829}
{"alert_id":2018,"customer_id":"customer_710","symbol":"USDTTRY","price":45.2,"threshold":45.20406316,"direction":"below","ingested_at":18851.174494179,"emitted_at":18851.17536575,"latency_ms":0.872}
{"alert_id":2019,"customer_id":"customer_678","symbol":"TRXUSDT","price":0.3432,"threshold":0.34325895,"direction":"below","ingested_at":18852.179385863,"emitted_at":18852.179975908,"latency_ms":0.59}
{"alert_id":2020,"customer_id":"customer_695","symbol":"USD1USDC","price":1.0001,"threshold":1.00004674,"direction":"above","ingested_at":18852.179385863,"emitted_at":18852.180188651,"latency_ms":0.803}
{"alert_id":2021,"customer_id":"customer_703","symbol":"USDCUSDT","price":0.99991,"threshold":0.9999066,"direction":"above","ingested_at":18852.179385863,"emitted_at":18852.180236471,"latency_ms":0.851}
{"alert_id":2022,"customer_id":"customer_139","symbol":"BOMEUSDT","price":0.000582,"threshold":0.00058126,"direction":"above","ingested_at":18852.179385863,"emitted_at":18852.180300773,"latency_ms":0.915}
{"alert_id":2023,"customer_id":"customer_427","symbol":"MINAUSDT","price":0.0627,"threshold":0.062679,"direction":"above","ingested_at":18852.179385863,"emitted_at":18852.18032903,"latency_ms":0.943}
{"alert_id":2024,"customer_id":"customer_617","symbol":"STXUSDT","price":0.2295,"threshold":0.22943981,"direction":"above","ingested_at":18852.179385863,"emitted_at":18852.180364621,"latency_ms":0.979}
{"alert_id":2025,"customer_id":"customer_175","symbol":"CGPTUSDT","price":0.02707,"threshold":0.02704993,"direction":"above","ingested_at":18852.179385863,"emitted_at":18852.180413302,"latency_ms":1.027}
{"alert_id":2026,"customer_id":"customer_693","symbol":"UNIUSDT","price":3.359,"threshold":3.35840239,"direction":"above","ingested_at":18853.175404701,"emitted_at":18853.176657622,"latency_ms":1.253}
{"alert_id":2027,"customer_id":"customer_1","symbol":"0GUSDT","price":0.538,"threshold":0.53741357,"direction":"above","ingested_at":18854.177304425,"emitted_at":18854.177726315,"latency_ms":0.422}
{"alert_id":2028,"customer_id":"customer_869","symbol":"ASTERUSDC","price":0.676,"threshold":0.675673,"direction":"above","ingested_at":18854.177304425,"emitted_at":18854.177946112,"latency_ms":0.642}
{"alert_id":2029,"customer_id":"customer_960","symbol":"BTCUSDC","price":81270.02,"threshold":81270.61750464,"direction":"below","ingested_at":18854.177304425,"emitted_at":18854.177996699,"latency_ms":0.692}
{"alert_id":2030,"customer_id":"customer_908","symbol":"BBUSDT","price":0.0328,"threshold":0.03284752,"direction":"below","ingested_at":18854.177304425,"emitted_at":18854.178115347,"latency_ms":0.811}
{"alert_id":2031,"customer_id":"customer_105","symbol":"BBTRY","price":1.487,"threshold":1.48413771,"direction":"above","ingested_at":18854.177304425,"emitted_at":18854.17814002,"latency_ms":0.836}
{"alert_id":2032,"customer_id":"customer_104","symbol":"BATUSDT","price":0.1036,"threshold":0.10369328,"direction":"below","ingested_at":18855.175420339,"emitted_at":18855.175757508,"latency_ms":0.337}
{"alert_id":2033,"customer_id":"customer_373","symbol":"KATUSDC","price":0.00944,"threshold":0.00943588,"direction":"above","ingested_at":18855.175420339,"emitted_at":18855.175896947,"latency_ms":0.477}
{"alert_id":2034,"customer_id":"customer_444","symbol":"NEIROUSDT","price":0.0001008,"threshold":0.00010082,"direction":"below","ingested_at":18855.175420339,"emitted_at":18855.17593906,"latency_ms":0.519}
{"alert_id":2035,"customer_id":"customer_308","symbol":"GLMRUSDT","price":0.0169,"threshold":0.01693765,"direction":"below","ingested_at":18855.175420339,"emitted_at":18855.175971233,"latency_ms":0.551}
